날짜,TV,김치냉장고,냉장고,보온매트,블랙박스,세탁기,소파,소형주방가전,손목시계,식기세척기,식탁,에어컨,영상음향기기,의자,장롱,저장장치,전기레인지,전기밥솥,전자레인지,책상,청소기,침대,컴퓨터,컴퓨터소모품,헬스기구,휴대전화기,냄비,식기,실내화,의류건조기,침구,커튼,프라이팬,서적,악기,의료측정기,장난감
2005-01-01,643.754,135.722,89.814,,,87.231,65.644,118.672,95.533,,50.863,84.28,176.343,75.622,58.754,257.499,,129.501,97.202,60.497,99.474,58.979,306.054,66.669,,270.293,82.056,58.562,69.857,,69.362,94.899,88.547,65.681,78.832,,83.218
2005-02-01,632.873,135.854,89.633,,,85.285,65.644,118.317,95.63,,53.585,84.28,169.415,75.622,58.754,256.988,,129.63,97.396,60.497,99.572,58.979,303.822,66.139,,270.293,82.138,61.632,69.857,,69.709,93.392,89.355,66.41,80.857,,83.386
2005-03-01,627.432,135.854,89.362,,,84.693,65.644,118.317,95.63,,53.585,84.28,168.095,76.0,58.754,255.455,,130.02,97.3,60.497,98.697,58.979,302.427,66.206,,252.226,82.22,59.344,70.139,,69.709,95.183,89.535,66.475,80.857,,83.808
2005-04-01,627.432,135.591,89.181,,,84.862,65.644,118.317,95.343,,53.585,80.723,165.951,76.0,58.754,255.199,,130.02,97.3,60.497,98.017,58.979,294.894,66.271,,252.226,82.22,59.104,70.278,,69.709,94.146,89.355,66.475,81.019,,83.976
2005-05-01,625.014,135.722,89.181,,,85.031,65.644,118.317,95.63,,53.585,80.641,163.971,76.0,58.754,255.199,,130.02,97.3,60.497,97.628,58.979,290.71,66.337,,252.226,82.549,59.586,70.349,,69.709,94.146,89.893,66.41,80.938,,84.145
2005-06-01,612.322,134.407,89.181,,,84.947,65.644,118.081,95.63,,53.585,80.236,162.817,76.0,58.754,254.688,,129.891,96.622,60.497,97.24,58.979,271.18,66.404,,232.048,83.124,62.053,70.349,,69.571,94.146,89.984,66.475,81.667,,84.988
2005-07-01,605.672,133.749,89.091,,,85.285,65.644,117.963,95.247,,53.585,79.913,162.817,75.926,58.754,254.177,,130.02,96.816,60.497,97.142,58.979,266.437,66.337,,217.267,81.891,58.984,70.349,,69.571,94.146,89.984,66.475,81.586,,85.241
2005-08-01,603.86,133.749,89.0,,,84.778,65.644,117.963,95.63,,53.585,79.347,162.651,75.697,58.754,254.943,,129.891,96.332,60.497,95.297,58.979,266.158,66.271,,222.194,81.891,60.669,70.139,,69.571,92.637,89.984,65.616,81.505,,84.651
2005-09-01,602.045,133.355,88.91,,,83.762,65.644,117.728,95.63,,53.585,79.266,162.486,75.395,58.754,254.688,,129.891,96.332,60.497,95.782,58.979,265.88,66.073,,211.87,82.713,61.511,70.067,,69.571,94.146,89.984,65.814,81.424,,84.651
2005-10-01,581.494,122.177,94.155,,,83.593,65.644,117.373,95.247,,53.585,79.266,162.156,75.395,58.754,255.711,,130.02,96.429,60.497,95.782,58.979,260.858,66.206,,211.636,81.316,58.683,70.067,,69.571,94.146,89.984,65.88,81.262,,84.651
2005-11-01,550.061,121.519,94.064,,,83.17,65.644,117.373,95.63,,53.585,79.266,161.496,75.395,58.754,256.222,,130.02,95.849,60.497,95.588,58.979,260.299,65.742,,211.636,81.562,61.15,70.139,,69.571,94.899,89.984,66.012,81.262,,84.566
2005-12-01,541.6,120.861,93.975,,,82.578,65.644,117.373,95.63,,53.585,79.266,161.661,75.395,58.754,255.455,,130.02,95.849,60.497,95.588,58.979,259.742,65.808,,211.636,82.138,61.271,70.139,,69.571,94.994,89.984,66.012,81.181,,84.651
2006-01-01,539.785,119.941,94.064,,,82.662,65.644,117.373,95.63,,53.585,79.266,161.167,75.319,58.754,255.455,,130.02,96.235,60.497,86.555,58.979,257.509,65.808,,196.854,81.316,58.683,70.278,,69.571,95.277,89.984,66.012,81.019,,84.651
2006-02-01,520.443,119.546,94.064,,,82.408,65.644,117.373,95.533,,53.585,79.266,159.682,75.092,58.754,255.966,,129.891,96.235,60.497,86.651,58.979,237.143,65.609,,196.854,81.235,59.946,70.278,,69.571,95.183,90.073,66.475,81.262,,84.651
2006-03-01,518.631,119.02,94.245,,,82.154,65.644,117.373,95.533,,53.585,79.266,159.022,75.243,58.754,256.988,,129.501,96.139,60.497,86.069,58.979,236.864,65.345,,196.619,81.48,60.488,70.418,,69.571,94.24,90.073,66.475,81.262,,84.903
2006-04-01,517.421,118.889,94.064,,,82.239,65.644,116.9,95.63,,53.585,82.097,158.857,75.319,58.754,257.499,,129.63,95.752,60.497,85.583,58.979,234.911,65.345,,196.854,81.235,58.984,69.928,,69.571,94.617,90.163,66.277,81.181,,84.988
2006-05-01,485.384,118.494,93.794,,,82.408,65.644,117.019,95.63,,53.585,81.612,158.692,75.167,58.754,257.499,,128.982,95.752,60.497,85.389,58.979,230.447,65.212,,196.854,81.316,59.645,69.928,,69.5,95.088,90.252,66.277,81.262,,85.157
2006-06-01,467.856,118.099,93.703,,,82.239,65.644,117.019,95.63,,53.585,81.531,158.197,75.092,58.754,254.943,,129.24,95.752,60.497,85.292,58.979,211.476,65.544,,185.123,81.48,60.368,69.928,,69.5,95.088,90.432,66.277,81.262,,84.988
2006-07-01,465.439,117.574,93.522,,,82.154,65.644,116.784,95.533,,53.585,81.369,157.537,75.319,58.754,255.966,,128.461,95.366,60.497,85.194,58.979,210.081,65.544,,185.123,81.48,58.984,69.928,,69.571,94.712,90.432,66.277,81.019,,85.241
2006-08-01,455.765,115.206,93.341,,,81.816,67.613,117.019,95.533,,57.214,80.965,153.743,74.789,62.69,254.688,,128.461,94.785,63.582,85.292,62.341,205.059,65.544,,167.291,81.399,59.645,69.717,,69.571,94.523,90.522,69.782,79.885,,85.241
2006-09-01,453.953,113.76,95.06,,,81.816,67.613,117.019,95.533,,57.214,80.803,153.413,75.016,62.69,254.688,,123.396,94.785,63.582,85.292,62.341,203.943,65.212,,167.291,81.891,64.22,69.646,,69.571,94.24,91.06,69.782,80.533,,85.241
2006-10-01,443.675,113.76,94.699,,,81.646,67.613,117.019,95.533,,57.214,80.803,153.084,74.865,62.69,254.177,,121.707,96.041,63.582,85.0,62.341,202.548,65.411,,161.19,82.384,63.136,69.646,,69.571,93.581,91.867,69.782,80.857,,85.409
2006-11-01,437.63,119.152,94.608,,,81.478,67.613,117.256,95.533,,57.214,80.803,152.919,74.865,62.69,253.666,,121.187,96.139,63.582,84.612,62.341,201.99,65.411,,148.286,82.384,63.919,69.646,,69.571,94.994,92.854,69.782,80.614,,85.409
2006-12-01,423.73,117.968,96.417,,,80.8,67.613,116.9,95.533,,57.214,80.803,151.763,74.865,62.69,252.901,,120.798,96.235,63.582,84.417,62.341,201.99,65.411,,148.051,82.959,63.979,69.577,,69.571,94.994,92.944,71.833,80.695,,85.494
2007-01-01,412.85,115.469,96.506,,,80.8,67.613,116.666,95.533,,57.214,80.803,151.269,74.865,62.69,251.88,,120.798,95.945,63.582,84.029,62.341,201.99,65.808,,142.889,82.959,63.979,69.577,,69.571,95.088,93.303,71.833,81.019,,85.831
2007-02-01,400.154,116.39,93.794,,,80.886,67.613,116.666,95.533,,57.214,80.803,151.269,74.865,62.69,252.135,,120.669,95.945,63.582,83.931,62.341,201.711,65.875,,142.889,83.124,64.4,69.577,,69.571,95.277,93.393,72.427,81.424,,85.747
2007-03-01,387.462,117.047,93.432,,,80.8,67.613,116.784,95.343,,57.214,80.803,144.01,74.865,63.16,252.39,,120.538,95.752,63.582,83.834,64.109,201.711,66.073,,138.431,83.287,64.581,69.577,,69.571,94.994,93.393,72.427,81.505,,85.663
2007-04-01,376.583,116.39,93.432,,,80.632,67.613,116.429,95.343,,57.214,81.126,141.865,74.487,63.16,252.135,,119.499,95.655,63.582,83.834,64.109,198.921,66.073,,138.666,85.423,64.581,69.577,,69.571,95.653,95.276,72.427,81.262,,85.072
2007-05-01,373.558,116.126,93.161,,,80.462,67.613,116.312,95.343,,57.214,80.479,141.041,74.789,63.16,251.88,,120.148,95.945,63.582,83.64,64.109,177.997,66.073,,134.677,85.998,64.22,69.717,,69.571,95.088,95.366,72.427,81.181,,85.831
2007-06-01,372.956,115.601,93.341,,,80.208,67.613,115.722,95.343,,57.214,80.156,140.711,74.713,63.16,251.88,,119.759,95.945,63.582,83.543,64.109,178.276,66.139,,130.454,85.998,64.461,69.788,,69.571,94.899,95.366,72.427,81.343,,85.831
2007-07-01,371.141,114.944,93.071,,,79.786,67.613,116.193,95.343,,57.214,79.913,140.711,74.259,63.16,251.624,,118.72,95.849,63.582,83.445,64.109,170.464,66.206,,136.554,86.162,60.729,69.788,,72.006,94.899,95.815,72.097,81.181,,85.915
2007-08-01,370.537,115.074,92.89,,,79.362,69.254,115.485,95.343,,57.214,79.67,139.887,74.638,64.863,249.835,,119.499,95.849,65.216,83.349,65.348,170.185,66.206,,136.554,86.245,62.475,69.788,,72.006,93.768,95.815,72.097,81.343,,85.915
2007-09-01,368.723,114.944,92.799,,,82.324,69.254,115.368,95.343,,57.214,79.509,138.403,74.638,64.863,249.324,,119.499,95.462,65.216,83.155,65.348,169.348,66.404,,136.554,86.162,70.479,69.646,,72.006,94.805,95.815,71.767,81.343,,85.915
2007-10-01,366.304,114.812,92.617,,,81.986,69.254,115.368,94.96,,57.214,79.509,136.917,74.713,64.863,250.345,,120.279,95.462,65.216,83.155,65.348,167.116,66.404,,136.554,86.409,71.683,69.717,,72.075,94.994,96.354,71.767,81.424,,86.169
2007-11-01,363.282,114.417,92.617,,,81.478,69.254,115.251,94.96,,57.214,79.509,136.423,74.713,64.863,250.09,,118.46,95.366,65.216,83.057,65.348,166.838,66.404,,136.319,86.573,71.683,69.646,,72.075,94.523,96.354,72.031,81.343,,86.169
2007-12-01,362.678,112.838,92.436,,,81.646,69.254,115.251,94.96,,57.214,79.509,133.618,74.638,64.863,249.068,,117.551,95.655,65.216,82.96,65.348,166.558,66.404,,136.319,86.738,72.044,70.067,,72.075,94.899,96.443,72.031,81.424,,86.253
2008-01-01,360.864,112.313,92.436,,,81.646,69.254,115.251,94.96,,57.214,79.509,130.649,74.865,64.863,248.557,,118.59,95.268,65.216,82.96,65.348,166.279,66.603,,136.319,86.901,72.164,70.067,,72.075,94.334,96.712,73.024,81.424,,85.747
2008-02-01,359.052,111.918,92.256,,,81.054,69.254,115.251,94.96,,57.214,79.509,130.155,74.865,64.863,248.303,,118.2,94.882,65.216,82.765,65.348,164.326,66.603,,136.319,87.066,71.983,69.928,,72.075,94.617,96.98,74.478,81.424,,85.831
2008-03-01,359.052,111.655,92.075,,,81.14,69.254,115.251,95.151,,57.214,79.509,129.824,73.957,64.863,248.303,,118.85,94.882,66.486,82.863,65.348,164.326,66.603,,136.319,87.477,71.743,69.928,,72.075,95.088,97.16,74.478,81.019,,85.494
2008-04-01,343.939,110.603,91.533,,,80.886,69.254,139.078,95.151,,57.214,79.024,129.659,74.108,64.863,248.303,,117.94,94.301,66.486,82.571,65.348,161.257,66.669,,128.342,88.216,67.831,69.998,,72.075,94.805,97.879,74.082,80.857,,85.747
2008-05-01,331.849,110.34,91.533,,,80.886,69.254,139.549,95.151,,57.214,94.31,127.184,74.108,64.863,247.282,,118.33,94.204,66.486,82.474,65.348,160.141,67.066,,125.058,89.202,71.924,70.278,,72.075,94.617,98.955,74.082,80.938,,85.409
2008-06-01,326.411,109.551,92.526,,,80.8,69.254,140.022,95.151,,59.829,93.987,126.525,73.881,66.333,247.026,,118.2,89.369,67.636,93.743,65.348,159.305,67.464,,125.058,90.434,71.623,70.488,,77.014,93.863,100.211,73.883,81.181,,85.831
2008-07-01,323.993,107.973,92.165,,,80.716,76.278,140.022,93.241,,63.352,93.744,126.03,74.865,68.271,247.792,,118.2,89.369,68.544,92.674,67.884,152.888,67.596,,125.058,91.419,72.164,70.488,,77.014,94.899,100.66,73.883,81.181,,86.169
2008-08-01,319.761,104.554,92.165,,,80.716,76.278,138.371,95.151,,63.352,93.663,125.865,74.865,68.271,248.048,,115.082,89.369,68.544,92.286,70.479,151.493,67.596,,125.058,91.502,71.743,71.19,,77.014,94.899,101.108,73.883,81.181,,86.169
2008-09-01,319.157,108.235,91.713,,,80.632,76.278,135.303,95.151,,63.352,93.663,123.885,74.865,68.271,253.922,,114.044,89.369,68.544,93.743,70.479,149.54,67.728,,125.292,91.583,72.526,73.786,,77.014,94.712,107.567,73.883,81.262,,86.421
2008-10-01,323.993,112.838,91.622,,,80.716,76.278,137.899,95.151,,63.352,93.663,123.556,75.092,68.271,256.733,,113.913,89.658,68.544,93.355,70.479,149.26,67.86,,122.007,91.583,72.405,75.399,,77.014,94.805,106.939,73.685,81.343,,86.421
2008-11-01,323.388,111.655,91.622,,,80.632,76.278,137.78,95.151,,63.352,93.663,125.7,75.092,68.271,258.011,,114.563,89.852,68.544,92.868,70.479,170.743,67.927,,122.007,91.666,72.284,75.959,,80.493,94.052,106.939,75.538,81.343,,86.59
2008-12-01,323.388,110.866,91.533,,,80.716,77.525,138.842,95.151,,65.54,93.663,127.019,75.092,70.798,260.053,,115.213,90.239,71.144,92.868,70.479,191.667,70.972,,122.007,91.747,72.345,77.712,,80.493,95.183,106.939,73.487,85.475,,86.927
2009-01-01,322.178,110.998,91.533,,,82.493,77.525,138.842,95.151,,65.54,93.663,127.019,75.092,70.798,261.331,,115.343,90.142,71.144,92.772,70.479,190.831,71.767,,122.007,91.666,69.216,79.186,,80.493,94.052,107.389,74.744,85.475,,86.927
2009-02-01,320.97,110.471,91.442,,,82.662,77.525,138.961,95.151,,65.54,93.663,129.99,79.331,70.798,262.097,,129.891,90.142,71.144,91.703,70.479,166.279,72.097,,122.007,91.913,72.405,82.131,,80.493,95.653,107.567,74.744,86.204,,87.181
2009-03-01,325.203,111.393,91.442,,,82.324,77.525,139.078,95.151,,65.54,93.663,132.463,80.315,70.798,267.718,,124.435,90.142,71.144,91.217,70.479,176.044,76.534,,122.007,91.994,72.225,85.148,,80.493,95.653,106.042,74.744,86.285,,92.998
2009-04-01,326.411,111.393,91.442,,,82.324,77.525,139.078,95.343,,65.54,95.848,132.629,80.694,70.798,270.272,,125.864,90.142,71.144,91.8,70.479,175.765,77.328,,122.007,92.816,67.951,87.391,,80.493,95.843,107.657,74.744,89.445,,93.166
2009-05-01,326.411,111.393,91.713,,,82.324,80.151,139.196,95.343,,65.54,92.207,132.794,80.997,70.798,272.826,,125.864,97.396,71.144,91.8,70.479,169.907,77.393,,121.538,92.487,69.336,87.812,,82.997,95.653,106.939,74.744,90.417,,93.082
2009-06-01,318.551,111.393,91.533,,,82.154,80.874,139.078,95.343,,70.45,90.832,128.505,80.997,72.619,275.125,,129.371,97.493,71.144,91.8,70.951,166.838,77.262,,121.538,92.816,70.901,88.444,,82.997,95.464,108.015,74.478,90.741,,93.42
2009-07-01,306.463,111.393,91.352,,,81.224,80.874,139.078,95.343,,70.45,89.539,127.019,80.77,72.619,278.703,,127.162,96.912,71.144,91.606,70.951,166.558,77.328,,121.538,92.651,70.901,89.286,,82.997,95.464,108.015,74.346,91.066,,92.576
2009-08-01,296.792,111.393,91.08,,,81.478,80.874,139.078,95.343,,70.45,88.973,126.36,80.997,72.619,280.233,,127.552,96.718,71.144,91.023,70.951,167.674,77.328,,121.538,93.062,70.901,89.496,,82.997,95.748,108.015,74.281,91.066,,93.42
2009-09-01,288.934,111.393,90.808,,,81.478,80.874,139.078,96.202,,70.45,88.891,125.865,81.148,72.619,281.512,,128.592,96.525,71.144,89.566,70.951,163.489,77.393,,121.538,93.473,70.84,89.988,,82.997,94.712,108.015,74.281,91.066,,93.42
2009-10-01,285.911,105.079,90.628,,,81.224,80.874,139.315,96.011,,70.45,88.891,126.195,81.073,72.619,280.233,,128.461,96.041,71.144,89.468,70.951,160.42,77.393,,121.538,92.98,66.628,90.267,,82.997,95.371,103.62,74.281,90.822,,93.42
2009-11-01,275.635,103.106,92.345,,,81.054,80.874,138.606,96.393,,70.45,88.891,126.36,81.224,72.619,280.745,,128.722,96.139,71.144,89.176,70.951,159.862,77.328,,121.538,93.719,70.66,90.618,,82.997,95.843,106.85,74.281,91.228,,93.42
2009-12-01,272.008,102.581,92.075,,,81.054,80.874,127.281,96.584,,70.45,88.891,126.03,81.224,72.619,279.467,,129.891,95.849,71.144,88.788,72.19,146.471,77.393,,118.253,94.212,70.901,90.618,,82.997,96.313,110.438,74.281,89.769,,93.42
2010-01-01,266.432,101.182,92.073,87.96,,80.708,80.874,138.665,94.167,,70.45,88.759,125.724,81.477,72.675,285.029,,129.919,95.311,71.144,89.142,72.173,146.15,77.217,,118.156,94.219,66.067,91.501,,83.145,96.128,111.86,74.373,91.786,105.754,93.393
2010-02-01,263.023,101.284,91.528,88.402,,80.382,80.874,138.389,96.763,,70.45,88.759,125.127,81.477,72.675,272.615,,129.664,95.407,71.144,88.879,72.173,142.563,77.217,,118.156,94.784,70.702,91.318,,83.145,96.128,110.978,74.373,91.694,105.44,93.393
2010-03-01,264.596,101.696,90.983,88.402,,79.975,80.874,139.766,96.763,,70.45,88.759,125.127,81.477,72.675,264.582,,127.875,95.788,71.144,88.615,72.173,140.354,77.295,,118.156,94.879,71.117,91.501,,83.145,96.224,110.868,77.814,91.603,105.126,93.393
2010-04-01,267.219,101.696,90.983,88.402,,80.545,80.874,137.289,96.571,,70.45,88.759,121.897,81.477,72.675,251.195,,128.642,95.788,71.144,88.089,72.173,138.836,77.295,,118.156,94.219,66.413,91.776,,83.145,95.84,102.272,77.814,91.511,104.917,93.393
2010-05-01,259.877,101.696,90.801,88.402,,80.545,80.874,138.527,96.763,,70.45,89.023,121.538,81.562,75.433,249.491,,127.747,96.075,71.144,88.001,72.173,137.732,77.372,,118.038,94.125,70.356,91.776,,83.145,96.033,109.546,77.814,91.694,105.022,93.58
2010-06-01,258.303,101.696,90.892,88.402,,80.87,80.874,138.802,96.763,,70.45,87.002,120.222,81.648,75.433,245.84,,128.258,95.979,71.144,88.176,72.173,137.042,77.295,,118.038,94.313,69.042,91.867,,83.145,96.224,112.08,77.814,91.694,104.708,93.02
2010-07-01,259.09,101.696,90.528,88.402,,79.894,80.874,131.237,94.263,,70.45,86.738,119.624,81.733,75.433,243.893,,127.747,95.788,71.144,88.44,72.173,136.352,77.295,,118.038,94.407,70.494,92.141,,83.145,96.417,112.3,78.361,91.603,104.603,93.3
2010-08-01,259.877,101.696,90.346,88.402,,82.172,80.874,139.216,96.763,,70.45,87.09,117.112,90.71,75.433,234.156,,126.086,95.788,71.144,87.912,73.702,136.214,77.295,,117.92,93.842,70.287,92.141,,85.331,96.514,112.411,78.361,91.237,104.498,93.393
2010-09-01,261.712,101.902,90.346,88.402,,82.66,80.874,140.316,96.763,,70.45,87.353,116.753,90.881,75.433,230.75,,127.236,95.502,71.144,87.825,73.702,135.662,77.372,,117.92,93.936,70.287,92.507,,85.331,96.224,109.325,81.255,91.42,104.289,93.207
2010-10-01,262.236,108.593,91.165,88.314,,82.579,80.874,139.902,96.763,,70.45,87.353,116.275,91.137,75.433,227.585,,126.98,95.216,71.144,86.332,73.702,135.662,77.372,,117.92,93.936,66.966,92.141,,85.331,96.61,107.011,81.255,91.237,104.184,93.207
2010-11-01,262.499,106.122,90.71,88.667,,82.741,80.874,140.178,94.167,,70.45,87.353,113.523,91.137,75.433,212.25,,126.597,94.738,71.144,86.507,73.702,135.523,77.295,,117.92,93.936,68.004,86.56,,85.331,96.706,112.19,79.69,91.237,103.975,93.207
2010-12-01,261.974,105.71,90.437,88.402,,83.148,80.874,128.485,97.533,,70.45,87.353,112.446,91.223,75.433,203.975,,126.215,94.643,71.144,85.892,73.702,133.868,77.295,,117.92,93.936,70.494,92.691,,85.331,96.706,111.86,79.69,91.328,103.975,93.114
2011-01-01,261.974,105.916,90.346,88.049,,83.148,83.704,138.802,97.437,,73.621,87.353,111.968,91.308,78.117,188.397,,123.659,94.069,74.631,85.454,73.702,133.591,77.141,,117.92,94.501,65.791,92.874,,85.331,96.996,111.86,79.69,91.328,103.766,93.207
2011-02-01,259.09,106.74,90.437,88.579,,83.148,83.704,140.04,97.629,,73.621,87.353,109.336,91.308,78.117,183.771,,123.148,94.069,74.631,86.244,73.702,133.454,77.063,,117.92,94.596,70.563,94.337,,90.712,100.849,112.632,80.551,91.145,103.87,93.207
2011-03-01,255.681,106.74,90.437,88.579,,83.31,83.704,139.766,97.917,,73.621,87.353,109.217,91.308,78.117,181.338,,126.725,97.699,74.631,85.541,73.702,133.316,76.986,,116.032,95.161,70.84,95.07,,90.712,101.522,110.537,80.551,90.962,103.766,93.3
2011-04-01,256.467,106.74,90.528,88.579,,83.31,83.704,135.225,98.302,,73.621,87.265,104.551,91.394,78.117,181.338,,127.236,96.266,74.631,85.19,73.702,129.866,76.676,,115.087,91.863,65.721,95.435,,90.712,102.004,110.868,80.551,91.054,103.661,93.393
2011-05-01,258.565,106.74,90.437,88.579,,82.741,83.704,139.078,97.725,,73.621,87.353,103.953,91.565,78.117,180.851,,127.619,97.317,74.631,85.19,73.702,129.452,76.676,,112.844,96.669,69.733,96.168,,90.712,102.485,112.521,80.551,90.962,103.347,93.393
2011-06-01,255.419,106.74,89.801,88.579,,82.334,83.785,138.94,96.571,,75.945,87.529,104.073,91.821,80.501,180.365,,127.747,97.412,76.765,85.454,73.702,129.038,76.29,,112.844,96.197,70.771,96.168,,90.712,102.967,112.851,80.551,90.871,103.242,93.393
2011-07-01,249.649,106.74,89.346,88.579,,81.846,83.785,138.802,94.454,,75.945,87.177,103.475,91.821,80.501,179.634,,127.109,97.317,76.765,84.664,77.636,125.312,76.676,,112.727,96.48,70.909,96.168,,90.712,103.352,112.521,80.473,90.779,103.242,93.393
2011-08-01,248.862,106.74,88.983,88.579,,82.091,83.785,130.961,94.839,,75.945,87.177,102.398,91.821,80.501,179.634,,126.98,97.22,76.765,84.839,77.636,124.898,76.599,,112.727,97.045,68.281,96.168,,90.712,103.448,111.529,80.551,90.871,103.137,89.941
2011-09-01,245.191,107.461,88.528,88.579,,81.684,83.785,139.216,94.359,,77.354,87.09,101.561,92.078,83.11,179.147,,126.98,97.03,76.765,84.751,77.636,123.793,76.754,,112.727,97.516,70.425,96.259,,90.712,103.16,109.435,80.551,90.779,103.242,92.74
2011-10-01,243.617,109.725,88.71,88.579,,82.009,83.785,140.591,94.359,,77.354,87.09,100.724,91.736,83.11,179.147,,127.109,97.985,76.765,84.664,77.636,121.723,76.29,,112.844,96.669,65.583,96.351,,90.712,103.448,102.933,80.708,90.688,102.927,92.927
2011-11-01,240.995,101.078,91.346,88.579,,82.334,83.785,140.453,94.359,,77.354,87.09,102.398,91.821,83.11,179.634,,126.725,98.462,76.765,85.102,77.636,121.447,76.367,,109.067,96.574,67.243,96.716,,90.712,103.448,110.427,80.708,90.596,102.822,92.46
2011-12-01,238.898,104.373,91.982,88.579,,82.985,83.785,133.574,94.551,,77.354,87.09,101.441,91.821,83.11,179.391,,127.875,98.367,76.765,83.61,77.636,121.447,76.29,,108.95,97.14,70.494,96.716,,90.712,103.545,111.419,81.959,90.871,102.822,91.9
2012-01-01,227.202,100.894,92.228,88.579,,82.327,83.777,139.972,94.599,,77.376,87.028,99.312,91.993,83.11,203.39,,130.277,99.255,76.765,84.839,77.636,122.578,77.171,,108.961,96.961,65.714,96.753,,90.72,103.574,112.642,82.021,91.996,102.865,91.835
2012-02-01,224.474,105.0,92.473,88.579,,82.692,83.777,139.615,94.782,,77.502,87.028,96.25,92.24,83.11,195.821,,124.86,95.311,76.765,84.672,77.636,118.963,79.768,,108.961,98.477,70.21,96.972,,90.72,103.555,112.069,84.977,92.801,102.519,91.854
2012-03-01,224.501,104.64,92.573,88.579,,82.122,83.777,140.137,94.292,,77.749,87.019,99.36,92.164,83.11,171.504,,126.852,95.378,77.192,85.068,77.636,113.898,80.642,,108.961,98.166,75.406,97.247,,92.981,103.43,106.834,84.977,95.867,102.31,91.909
2012-04-01,224.605,104.702,89.51,88.579,,82.749,83.316,140.095,93.608,,77.749,86.835,100.628,92.223,83.11,167.634,,126.086,98.682,77.192,85.506,77.636,113.719,80.727,,108.95,97.516,72.612,97.43,,92.981,103.334,109.237,84.977,96.032,102.132,92.031
2012-05-01,220.305,104.722,89.41,88.579,,84.979,84.755,138.582,93.695,,78.186,92.274,100.46,91.966,83.11,167.318,,126.342,96.848,77.192,83.592,77.636,113.705,80.387,,108.937,98.751,77.039,97.43,,92.981,103.661,108.212,84.907,96.37,101.64,92.022
2012-06-01,202.762,104.733,89.519,88.579,,84.767,84.755,139.917,93.695,,78.186,91.923,90.448,91.966,83.11,166.904,,125.678,96.514,77.192,83.803,77.636,113.994,80.41,,108.937,99.25,77.461,97.43,,92.981,103.815,108.267,84.907,96.196,101.787,92.031
2012-07-01,192.953,104.763,92.337,88.579,,84.434,84.755,141.154,93.685,,78.186,85.832,90.233,99.508,83.11,165.785,,124.682,96.132,77.192,87.965,77.636,113.58,80.379,,108.937,100.004,72.77,97.467,,92.981,103.632,106.295,84.907,95.785,101.724,92.013
2012-08-01,191.643,104.763,88.865,88.579,,84.84,84.755,110.685,93.214,,78.186,86.386,100.556,101.824,83.11,165.954,,124.745,97.03,77.192,88.686,77.636,113.512,80.58,,108.937,100.352,76.887,97.284,,92.981,103.94,111.176,84.907,95.647,101.315,92.013
2012-09-01,193.478,104.547,93.246,88.579,,84.954,85.968,141.801,93.224,,78.186,86.237,104.419,102.192,83.11,164.055,,125.243,97.23,77.192,87.975,77.636,114.105,80.526,,108.937,99.09,77.108,97.851,,92.981,103.873,110.46,84.907,95.693,101.315,91.751
2012-10-01,193.111,99.937,93.155,88.579,,84.799,85.968,125.363,93.252,,78.186,86.237,104.419,102.063,83.11,162.158,,125.563,102.865,77.192,85.963,77.636,112.463,80.68,,108.961,100.155,73.58,97.714,,92.981,103.873,108.046,85.462,95.62,101.284,91.873
2012-11-01,192.927,99.092,93.155,88.579,,84.425,85.968,141.65,93.281,,78.186,86.237,104.408,102.337,83.11,163.448,,119.673,101.547,77.192,83.355,77.636,112.656,80.402,,108.961,100.635,78.09,97.906,,92.981,103.661,111.606,85.392,95.693,100.99,91.928
2012-12-01,193.609,91.496,92.673,88.579,,84.75,85.968,141.058,93.281,,78.186,86.245,104.551,102.337,83.11,163.617,,122.943,101.623,77.192,84.707,77.636,114.547,80.727,,108.961,97.328,78.305,97.915,,92.981,103.911,107.165,86.018,95.949,102.791,91.443
2013-01-01,193.923,91.661,92.545,88.579,,86.678,85.968,139.352,93.281,,78.186,86.245,104.588,101.944,83.11,161.525,,128.769,94.203,77.192,82.451,77.636,114.588,81.067,,108.961,100.201,73.116,97.988,,92.981,103.95,110.008,87.316,95.785,100.603,91.686
2013-02-01,192.062,96.138,92.873,88.579,,86.589,85.968,139.545,93.281,,78.186,86.245,104.623,101.601,83.11,161.403,,127.939,95.225,77.192,82.713,77.636,109.965,81.19,,108.961,100.201,77.523,97.906,,92.981,104.123,107.429,87.316,95.812,100.467,91.639
2013-03-01,194.71,96.138,92.773,88.579,,84.392,80.817,139.408,93.098,,76.262,86.245,104.851,102.004,83.11,161.184,,128.169,95.244,77.192,83.478,77.636,109.592,81.577,,108.973,100.729,78.284,98.116,,92.981,104.123,104.564,87.074,95.977,99.933,91.695
2013-04-01,197.542,96.138,92.818,88.579,,82.464,80.817,140.701,92.676,,76.262,86.263,108.164,102.423,76.67,160.649,,127.236,101.738,77.192,82.309,77.636,105.769,81.36,,102.504,100.776,73.13,97.997,,92.981,104.248,109.898,87.152,95.721,99.409,91.733
2013-05-01,202.185,96.138,92.919,88.579,,80.13,76.822,139.133,92.839,,76.262,87.379,108.236,102.414,78.385,161.963,,126.304,100.325,69.024,83.1,77.636,104.844,81.446,,105.633,101.37,77.44,98.043,,92.981,103.362,111.056,87.152,95.776,99.158,91.779
2013-06-01,200.821,96.138,92.101,88.579,,80.724,76.822,137.799,93.012,,76.262,86.808,108.223,102.405,78.385,162.327,,126.124,99.713,77.192,83.407,77.636,108.046,81.167,,105.633,101.37,78.159,98.208,,92.981,104.152,111.507,91.085,95.739,99.075,89.093
2013-07-01,201.319,96.138,92.091,88.579,,80.43,76.822,140.178,93.493,,76.262,86.526,108.116,102.491,78.385,154.733,,125.92,98.453,77.192,82.907,77.636,112.615,80.974,,105.633,100.663,72.542,98.235,,92.981,104.056,110.074,91.085,95.593,99.001,90.361
2013-08-01,199.091,96.138,92.018,88.579,,80.764,76.822,140.233,93.868,,76.262,87.441,108.116,102.918,78.385,154.856,,125.627,98.911,73.187,82.652,77.636,111.069,81.662,,105.62,101.474,78.09,98.29,,92.981,104.065,109.567,91.085,95.62,98.991,90.408
2013-09-01,199.116,96.426,98.781,88.579,,88.038,76.822,140.577,94.503,,76.262,87.546,108.116,102.97,78.385,155.585,,122.599,99.417,73.187,85.313,77.636,113.125,81.817,,104.074,99.071,78.339,98.227,,92.881,104.22,102.217,91.085,95.657,98.959,90.576
2013-10-01,193.95,111.454,98.845,88.579,,88.249,77.905,140.784,94.464,,76.262,87.546,108.033,102.388,78.385,157.508,,128.309,91.09,73.187,85.358,77.636,112.339,81.701,,104.074,97.667,72.666,98.263,,92.881,104.056,109.247,91.719,95.684,98.728,90.557
2013-11-01,194.895,103.971,100.481,88.579,,87.297,77.905,141.209,94.417,,76.262,87.546,107.997,102.44,78.385,157.046,,126.24,92.828,77.192,85.454,77.636,110.02,81.523,,104.074,101.238,78.367,97.806,,92.881,104.45,111.706,91.719,95.693,98.289,90.594
2013-12-01,197.675,104.063,100.69,88.579,,87.272,76.619,110.354,94.311,,76.262,87.546,107.937,102.44,78.958,155.537,,126.266,90.431,77.192,86.024,77.636,110.296,81.724,,104.074,102.029,77.62,97.759,,92.881,104.538,111.386,93.025,95.547,98.205,90.547
2014-01-01,197.542,104.939,100.599,88.579,,85.361,76.619,133.479,91.781,,76.262,87.546,107.901,102.38,78.958,156.194,,126.24,87.699,77.192,85.638,77.636,107.84,81.662,,104.074,99.872,72.286,97.705,,92.881,104.595,110.085,93.025,95.437,98.227,90.912
2014-02-01,192.245,106.904,101.371,88.579,,85.214,76.619,149.477,94.234,,76.262,87.546,108.2,85.367,78.958,156.291,,126.393,85.713,77.192,85.84,77.636,107.619,81.662,,104.074,101.078,74.535,97.87,,92.881,104.479,111.308,93.025,95.647,98.268,91.061
2014-03-01,190.803,106.904,100.762,88.579,,88.599,83.477,149.615,94.474,,79.179,87.546,108.236,84.743,80.456,139.179,,116.697,96.552,79.945,86.016,77.636,107.867,81.647,,104.063,102.133,77.952,98.3,,90.619,104.046,112.576,93.025,95.638,98.122,92.889
2014-04-01,185.138,106.904,100.853,88.579,,88.875,77.056,143.645,94.474,,75.121,87.572,105.843,102.44,80.456,132.17,,115.19,96.991,73.755,85.884,77.636,107.881,81.307,,104.063,102.095,72.909,98.199,,90.619,105.231,109.799,92.735,93.826,98.194,92.871
2014-05-01,187.709,106.904,101.017,88.579,,88.127,79.75,151.418,94.474,,79.179,88.574,106.035,102.242,80.456,132.072,,114.334,96.915,79.945,85.726,78.604,104.141,81.291,,104.063,102.256,77.136,98.235,,90.619,105.472,108.686,94.761,93.836,98.414,92.88
2014-06-01,184.038,106.904,105.661,88.579,,84.824,73.611,126.009,94.878,,79.179,88.689,105.125,101.977,80.456,130.539,,114.64,95.244,79.945,86.314,78.604,102.885,81.268,,101.997,101.963,77.592,98.3,,90.619,105.674,104.531,94.761,93.973,98.383,92.889
2014-07-01,176.8,106.904,105.461,88.579,,86.117,73.611,118.456,96.282,,79.179,89.761,105.066,104.646,80.456,129.152,,114.232,97.096,79.945,89.942,78.604,102.94,82.188,,101.997,101.982,72.348,98.446,,90.619,105.712,104.067,94.761,93.781,98.278,92.88
2014-08-01,172.892,106.904,105.116,88.579,,86.565,73.611,148.969,96.032,,79.179,89.769,105.269,105.483,80.456,129.444,,115.829,97.23,73.755,89.977,78.604,102.968,81.446,,101.997,101.85,77.592,98.363,,90.619,105.635,107.727,94.621,93.598,98.132,92.88
2014-09-01,165.681,108.593,104.807,88.579,,87.663,73.611,147.8,95.966,,70.535,89.497,105.496,105.971,80.456,126.596,,116.608,96.361,73.755,89.95,78.604,102.264,81.283,,100.734,102.124,77.517,98.4,,92.881,105.51,105.269,94.621,93.671,97.964,88.775
2014-10-01,162.351,110.209,105.298,88.579,,87.192,73.611,147.401,95.84,,69.267,89.497,105.352,106.338,80.456,124.965,,115.113,96.8,79.945,89.792,78.604,102.333,81.121,,100.734,102.321,72.362,98.455,,92.881,105.539,110.371,94.621,93.167,97.975,90.632
2014-11-01,159.047,105.608,105.435,93.591,,88.656,73.611,112.816,96.253,,79.179,89.497,105.58,106.082,81.724,126.231,,114.001,97.67,79.945,85.762,78.604,102.319,81.353,,100.734,102.321,85.347,98.547,,92.881,105.665,111.76,95.222,93.36,98.016,91.751
2014-12-01,159.886,99.237,105.298,93.591,,88.339,73.611,121.538,96.59,,79.179,89.497,105.568,105.962,81.724,125.646,,113.886,97.096,79.945,86.666,78.604,102.319,81.507,,98.704,101.832,86.012,98.547,,92.881,104.807,110.724,97.647,93.039,97.839,90.772
2015-01-01,161.663,108.375,105.092,93.086,109.435,90.813,73.828,130.925,96.515,,79.215,89.503,104.602,106.047,81.724,119.658,107.508,116.987,97.644,79.963,88.916,78.604,103.252,82.807,107.045,99.552,96.394,81.185,98.727,,91.693,103.826,102.85,97.647,93.603,97.441,91.733
2015-02-01,166.772,112.515,106.568,93.086,109.598,90.766,79.733,140.672,96.563,,79.215,89.503,105.114,105.54,81.724,119.342,102.578,114.401,93.854,79.963,89.455,78.604,103.221,83.288,107.152,99.552,99.598,85.55,98.786,,91.693,103.847,97.927,97.647,93.902,97.032,92.334
2015-03-01,158.825,112.515,105.82,93.086,109.034,90.766,81.541,129.92,96.563,,82.239,89.503,104.933,105.646,81.724,124.621,95.627,112.418,95.983,82.348,89.594,78.604,103.52,83.385,106.938,99.532,102.65,87.545,98.776,,91.931,104.785,110.735,97.647,93.043,97.207,92.709
2015-04-01,160.953,112.515,106.183,93.086,108.795,93.923,78.741,123.547,96.371,,82.239,89.431,105.423,105.825,81.724,124.659,92.822,115.967,97.014,82.348,94.805,78.604,101.796,82.834,107.571,95.5,101.368,82.541,98.727,,91.931,104.993,107.868,97.647,93.444,96.498,92.719
2015-05-01,158.478,112.515,107.702,93.086,107.264,94.12,78.741,136.977,96.573,,82.239,97.667,104.794,105.741,81.724,128.684,91.564,114.378,97.291,82.348,94.405,78.604,103.045,88.253,107.903,95.19,102.66,87.195,98.48,,91.931,105.191,109.211,97.647,94.023,96.342,92.756
2015-06-01,160.339,112.515,107.51,93.086,107.72,93.83,78.741,128.193,96.053,,82.239,91.762,104.4,105.815,81.724,129.115,107.302,117.196,98.255,82.348,94.127,78.604,102.994,87.941,108.011,98.757,102.609,87.502,98.687,,91.931,104.514,108.806,97.647,94.032,96.079,92.709
2015-07-01,156.838,112.515,107.617,93.086,107.373,93.82,78.741,119.557,96.044,,82.239,89.24,106.903,105.403,81.724,129.216,108.406,116.558,94.637,82.348,94.479,78.604,103.18,91.421,107.142,98.757,102.385,82.575,99.043,,91.931,104.336,110.49,97.647,93.612,96.322,95.29
2015-08-01,155.324,112.515,107.67,93.086,107.134,94.101,80.349,140.244,95.793,,82.239,90.102,106.402,105.772,81.724,129.317,111.025,117.787,93.406,82.348,94.647,78.604,103.448,92.124,107.678,98.757,102.924,87.536,99.073,,91.931,104.816,103.212,97.647,93.267,96.361,95.112
2015-09-01,154.536,112.515,107.585,93.086,109.566,94.242,80.349,141.69,95.793,,82.239,90.447,106.935,105.519,81.724,128.963,110.963,113.427,93.663,82.348,92.325,78.604,104.016,92.64,106.82,95.878,101.897,87.152,98.885,,91.931,104.201,101.315,97.647,92.698,98.258,95.29
2015-10-01,152.785,112.515,107.135,95.117,109.121,94.617,83.141,135.116,95.774,,82.239,90.447,107.073,105.35,81.724,128.672,109.468,117.451,93.157,82.348,92.102,78.604,104.016,93.538,106.927,93.077,102.416,82.762,98.875,,90.221,104.43,107.016,97.647,92.903,98.316,95.272
2015-11-01,152.722,104.39,107.274,95.117,108.849,96.856,83.141,138.61,95.928,,82.239,90.447,110.662,105.35,81.724,128.52,110.602,117.938,95.277,82.348,96.783,78.604,104.264,94.473,106.927,94.279,102.639,85.158,98.826,,90.221,102.669,108.337,97.647,92.866,98.277,95.3
2015-12-01,153.069,110.088,107.414,95.117,108.654,96.416,83.141,141.315,96.977,,82.239,90.447,110.758,105.107,81.724,128.406,89.748,117.115,95.42,82.348,92.826,78.604,102.415,95.104,107.034,94.279,103.026,86.215,99.132,,90.221,103.304,110.948,97.647,92.623,98.831,95.14
2016-01-01,150.404,109.287,107.21,95.117,108.285,96.387,83.141,143.069,96.977,,82.239,90.447,109.778,105.107,86.423,128.773,87.335,119.26,98.313,82.348,98.018,78.604,102.56,95.078,106.82,91.982,102.782,83.18,99.547,,90.221,103.169,111.982,97.647,92.231,98.783,95.131
2016-02-01,147.944,109.087,107.071,95.117,107.905,96.013,83.141,142.333,96.977,,84.095,90.447,107.787,105.023,86.578,128.963,87.902,120.141,99.067,82.348,100.117,78.604,103.861,94.188,107.346,91.982,102.009,86.112,99.507,,90.221,102.398,109.083,97.647,92.511,98.744,98.482
2016-03-01,147.282,109.087,106.183,95.117,107.156,95.151,86.614,129.733,96.977,,87.004,90.447,108.852,105.276,87.747,136.318,84.849,124.05,100.251,85.184,100.498,79.241,103.314,94.063,107.667,91.982,103.351,86.897,99.814,,92.352,103.242,110.234,97.647,92.632,98.695,98.482
2016-04-01,144.506,109.087,104.226,95.117,107.156,94.963,86.614,139.293,97.016,,87.004,90.474,108.724,105.794,87.747,135.976,81.384,122.182,99.267,85.184,100.804,81.677,103.438,94.33,107.667,99.435,103.423,87.28,100.002,,92.352,102.252,110.522,97.647,92.856,98.063,98.463
2016-05-01,145.453,109.087,105.135,95.117,106.657,95.113,86.614,124.056,97.016,,87.004,95.563,109.395,105.424,87.747,133.647,93.884,119.376,99.267,85.184,99.42,81.677,107.382,95.71,107.163,99.435,103.494,86.675,100.229,,92.352,103.794,109.861,97.647,92.184,98.219,98.463
2016-06-01,145.153,109.087,104.921,95.117,106.863,95.366,86.614,133.683,97.016,,87.004,95.635,107.702,104.928,87.747,134.951,87.283,116.987,99.554,85.184,99.3,81.677,106.133,96.048,107.699,99.435,103.301,87.323,100.12,,92.352,102.919,110.799,97.647,91.811,98.063,98.472
2016-07-01,146.493,109.087,104.9,95.117,106.45,95.61,86.614,116.624,96.765,,87.004,92.968,107.414,106.068,87.747,132.267,85.84,121.823,99.42,85.184,100.693,81.677,106.36,96.074,106.702,99.435,102.589,83.572,99.942,,92.352,100.49,106.536,97.647,91.792,98.209,98.472
2016-08-01,145.09,109.087,104.675,95.117,106.385,95.835,86.614,139.561,97.016,,87.004,93.041,106.317,106.184,88.221,132.254,88.139,119.179,99.42,85.184,101.018,83.517,106.195,96.279,107.313,99.435,101.419,87.033,99.952,,92.352,102.721,106.824,97.647,91.727,98.919,98.388
2016-09-01,143.86,112.381,104.654,95.117,105.918,96.753,86.614,131.849,96.987,,87.004,93.857,105.838,106.131,88.221,134.989,79.94,118.634,99.716,85.184,100.869,83.517,106.009,96.724,107.303,99.881,102.731,85.499,99.053,,92.352,103.096,95.284,97.647,92.296,98.627,98.134
2016-10-01,142.945,109.565,103.606,95.117,106.016,96.734,86.614,123.908,96.842,,87.004,93.857,105.689,105.825,88.221,135.141,83.519,109.183,99.544,85.184,102.597,83.517,105.792,96.092,110.96,99.881,100.656,86.112,98.687,,95.544,98.697,103.606,97.647,92.726,98.384,98.989
2016-11-01,134.178,94.452,104.119,95.117,105.984,95.422,91.359,124.35,96.987,,87.004,93.857,102.845,105.741,88.221,134.027,81.797,110.481,100.203,85.184,101.324,83.517,105.782,94.571,122.93,96.751,103.097,86.65,98.687,,95.544,101.73,106.877,97.647,93.64,98.365,98.501
2016-12-01,132.585,93.439,104.001,95.117,105.788,97.577,91.359,121.927,96.987,,87.004,93.857,102.132,101.528,88.221,146.117,83.509,110.748,97.052,85.184,99.69,83.517,105.792,95.265,108.987,96.751,103.016,93.23,99.241,,95.544,99.52,103.51,97.647,93.5,98.16,96.698
2017-01-01,131.182,90.913,104.29,95.117,105.69,98.645,91.487,116.25,96.987,,87.013,93.857,105.188,99.226,88.155,191.058,78.651,110.887,97.692,85.159,102.076,83.532,106.732,95.816,111.1,96.625,102.884,81.364,99.478,,95.69,100.552,109.509,97.725,93.902,97.723,97.947
2017-02-01,130.583,104.824,103.563,95.117,105.571,99.198,91.487,121.311,96.987,,87.013,93.857,105.114,98.127,88.155,151.497,79.136,107.35,98.083,85.159,97.702,83.532,106.154,98.584,110.091,96.625,103.199,91.176,98.153,,95.69,101.032,107.73,99.844,94.07,97.538,98.529
2017-03-01,139.839,104.824,101.359,95.117,105.593,97.053,91.487,138.811,96.987,,87.013,93.857,104.251,97.684,88.221,155.13,75.258,112.673,99.764,85.217,98.761,83.532,106.071,98.584,109.973,92.641,103.229,94.662,99.191,,95.078,98.217,109.733,99.844,94.303,97.908,98.547
2017-04-01,139.35,104.824,100.899,95.117,105.408,99.151,91.487,127.122,96.871,,87.013,94.501,104.815,98.55,88.221,154.788,71.401,109.565,99.649,85.217,102.634,83.532,106.37,99.385,110.703,96.789,100.666,81.168,98.924,,95.078,97.957,107.133,99.844,94.452,97.917,98.529
2017-05-01,139.35,104.824,101.22,95.117,105.245,99.723,93.319,129.117,96.775,,90.421,100.008,104.773,97.378,88.221,154.295,74.299,109.786,100.088,86.692,99.253,83.532,107.579,97.863,111.357,96.789,101.663,94.637,99.547,,95.078,100.104,104.032,99.844,94.499,97.412,98.688
2017-06-01,141.179,104.824,101.488,95.117,105.018,98.674,93.319,124.324,96.775,,94.213,100.606,104.986,97.378,90.305,154.497,69.451,111.374,99.401,90.355,99.16,83.532,104.987,97.863,109.673,98.185,101.531,93.972,99.695,,95.078,101.105,101.07,102.031,94.536,98.267,98.726
2017-07-01,129.699,104.824,100.343,95.117,104.887,98.243,93.319,120.588,96.775,,94.213,100.643,104.815,94.485,90.305,147.041,74.299,111.63,95.964,90.355,97.489,83.532,108.343,94.455,108.515,101.209,100.758,80.938,99.577,,95.078,101.126,101.667,99.912,95.078,98.141,99.026
2017-08-01,128.58,104.824,99.113,95.117,105.028,98.852,93.319,127.176,96.775,,94.213,100.298,103.112,95.889,90.305,145.231,78.991,112.847,95.935,90.355,98.334,83.532,108.178,93.013,107.249,101.209,100.88,94.594,99.636,,91.062,101.96,106.462,99.912,95.152,98.141,99.082
2017-09-01,125.316,102.654,100.151,95.117,105.235,98.664,93.319,135.383,96.775,,94.213,100.307,102.76,95.583,90.305,143.205,74.288,114.192,95.84,90.355,97.359,87.313,105.327,93.013,106.916,101.209,98.52,94.645,99.478,,91.062,101.282,107.975,99.912,95.721,97.616,99.073
2017-10-01,125.395,104.891,99.477,95.117,102.184,99.695,93.319,127.042,96.775,,94.213,100.307,102.686,95.593,90.305,141.04,79.136,116.164,98.332,90.355,98.427,87.313,105.73,93.289,107.26,101.209,99.344,94.321,99.498,,92.883,101.543,107.858,99.912,95.74,96.984,99.073
2017-11-01,122.824,99.293,99.188,95.201,101.946,100.463,93.471,145.76,96.775,,94.213,100.307,103.303,95.086,90.305,142.445,71.834,109.113,98.332,90.355,99.866,87.313,105.885,93.156,109.137,101.209,102.365,93.759,99.32,,92.883,101.584,101.411,99.912,97.616,96.848,99.092
2017-12-01,122.903,101.909,99.028,95.201,101.674,100.988,93.471,145.76,96.775,,94.213,100.307,102.92,95.118,90.305,133.584,81.075,111.525,98.064,90.355,100.516,87.313,106.247,92.471,109.888,101.422,102.924,94.211,99.32,,92.883,101.313,109.009,99.912,96.748,96.76,98.989
2018-01-01,121.452,99.839,98.257,95.201,101.414,98.823,93.471,155.99,96.775,,94.213,100.307,103.452,95.203,90.305,136.837,97.267,122.925,97.988,90.355,101.881,88.288,105.018,94.197,111.293,98.427,103.158,81.015,99.359,,92.883,101.657,107.602,99.912,98.176,96.4,99.036
2018-02-01,120.569,100.428,97.904,95.201,101.316,100.154,97.04,126.278,96.775,,94.344,100.307,102.441,96.522,94.62,131.621,83.89,128.769,97.854,94.453,98.306,88.532,105.379,94.152,110.51,98.427,98.51,93.938,99.142,,98.16,100.594,93.909,99.912,98.671,96.468,99.12
2018-03-01,120.049,100.428,97.872,95.201,101.284,100.135,98.688,130.309,96.775,,96.902,100.307,101.067,96.185,97.537,133.014,78.166,126.207,98.58,94.453,98.454,88.532,105.906,94.535,110.413,98.427,101.521,94.1,99.221,,94.492,101.022,107.645,99.912,98.073,96.42,99.27
2018-04-01,119.592,100.428,97.744,95.201,100.958,99.685,98.688,116.892,96.775,,96.902,99.001,101.184,95.657,97.537,134.558,78.166,125.488,98.771,98.01,99.207,88.532,105.503,94.989,108.225,101.849,99.476,94.074,99.784,,94.492,101.355,105.236,99.912,98.111,97.412,99.599
2018-05-01,117.589,100.428,97.744,95.201,100.687,99.685,98.688,143.618,96.775,,96.902,99.944,101.535,95.878,97.537,114.493,78.166,125.94,98.647,98.01,98.575,88.532,105.379,92.533,107.506,101.849,101.297,93.674,100.012,,94.492,100.177,106.824,99.912,97.868,96.945,99.552
2018-06-01,117.51,100.428,97.669,95.201,100.643,99.807,98.688,112.393,96.775,,96.902,99.799,101.493,95.804,97.537,112.24,78.166,120.199,97.788,98.01,96.95,88.532,105.617,91.305,106.552,101.829,102.823,93.98,99.873,,94.492,101.647,106.398,99.912,97.84,96.702,99.89
2018-07-01,121.61,100.428,98.728,95.201,100.643,100.36,98.688,130.054,96.775,,96.902,98.865,100.726,95.783,97.537,111.404,78.166,119.805,98.828,98.01,96.959,88.587,104.491,92.115,108.332,99.387,102.273,94.27,99.932,,94.492,98.801,104.054,100.674,97.681,96.575,98.998
2018-08-01,119.529,100.428,99.883,95.201,100.665,101.166,98.688,137.767,96.775,,96.902,99.273,101.056,95.868,97.537,110.746,78.166,121.301,98.561,98.01,96.876,88.587,104.491,93.325,106.927,99.387,102.538,94.407,99.932,,94.492,100.292,103.127,100.674,98.54,96.614,99.655
2018-09-01,115.318,103.645,99.391,95.201,100.654,101.475,98.688,109.046,96.775,,96.902,99.745,100.875,95.836,97.537,104.644,78.166,120.791,100.146,98.01,96.337,88.587,104.605,92.8,105.94,99.387,97.472,94.194,99.932,,94.492,100.104,91.64,100.674,98.484,96.546,99.815
2018-10-01,114.088,105.67,99.284,95.201,100.665,98.036,98.688,115.875,96.775,,96.902,99.745,100.822,95.086,97.537,101.922,78.166,123.191,100.795,98.01,95.613,88.587,104.636,92.835,107.453,99.387,103.667,95.43,99.962,,95.69,101.063,105.929,100.674,98.409,96.575,99.88
2018-11-01,111.029,100.684,99.092,102.295,100.48,98.608,90.11,115.567,96.775,,96.902,99.745,100.524,95.424,88.629,102.492,78.166,124.166,99.458,94.338,97.554,100.0,103.469,93.476,107.356,99.435,95.998,95.489,99.962,,95.69,100.573,98.172,100.674,98.531,96.536,99.693
2018-12-01,110.114,99.805,99.167,102.295,100.393,100.931,88.542,115.834,96.775,,92.203,99.745,100.268,97.262,91.269,99.251,78.166,109.716,99.907,93.15,96.291,100.0,103.448,93.147,112.515,99.435,103.067,94.671,100.17,,95.69,100.573,106.259,100.674,98.045,96.546,99.317
2019-01-01,112.18,102.487,98.76,102.295,100.176,101.868,102.936,104.815,96.775,,96.902,99.745,100.534,98.518,99.335,97.555,78.166,119.388,98.933,98.108,96.792,100.0,102.219,93.147,115.54,99.435,98.093,85.328,100.209,,95.69,100.438,97.831,100.674,99.427,96.031,99.618
2019-02-01,111.139,104.057,100.45,102.295,100.079,100.885,102.936,136.401,96.775,,100.0,99.745,100.566,98.423,102.073,98.517,78.166,118.483,99.134,98.108,96.792,100.0,102.457,92.533,112.355,96.906,104.094,95.609,100.14,,95.69,97.602,100.825,100.674,100.005,96.478,99.693
2019-03-01,111.061,104.057,101.167,102.295,100.1,100.285,102.936,119.356,96.775,,100.0,99.745,100.438,98.624,102.073,98.036,78.166,111.2,99.687,98.108,98.417,100.0,100.495,92.524,112.998,96.906,97.767,94.509,100.249,,96.596,99.833,101.145,100.674,99.427,95.953,99.636
2019-04-01,111.297,104.057,100.386,102.295,101.511,102.524,102.936,130.603,96.775,,100.0,104.307,100.066,98.402,102.073,96.972,78.166,108.348,101.406,98.108,98.009,100.0,102.942,92.542,111.443,99.416,101.805,95.66,100.229,,96.596,100.636,100.09,100.674,99.473,96.254,99.524
2019-05-01,114.325,104.057,99.188,102.295,101.522,100.032,91.847,112.259,96.775,,95.129,103.709,99.991,97.948,93.492,99.795,78.166,110.887,101.348,98.108,97.897,100.0,102.777,92.542,111.185,99.416,102.843,95.515,100.061,,96.596,100.876,106.174,100.674,100.005,95.613,99.599
2019-06-01,114.041,104.057,99.113,102.295,101.436,100.201,89.23,112.942,96.775,,90.241,103.346,99.991,98.233,97.627,92.2,78.166,106.829,101.434,98.108,97.628,100.0,102.932,92.631,109.812,99.416,104.114,95.319,100.11,,96.596,101.23,103.745,100.674,99.865,95.418,99.618
2019-07-01,113.095,104.057,97.733,102.295,101.012,100.313,102.936,117.91,96.775,,100.0,103.699,99.927,97.082,100.815,92.643,78.166,107.942,100.795,98.403,97.489,100.0,100.309,99.198,101.457,97.604,99.527,93.861,99.745,,96.596,100.824,105.343,100.674,99.856,95.379,99.261
2019-08-01,103.507,104.057,98.118,102.295,101.24,100.032,102.936,113.491,96.775,,100.0,101.132,99.821,97.578,100.815,92.795,78.166,105.541,100.747,98.403,96.866,100.0,102.808,98.931,101.457,100.056,104.216,97.109,99.764,,96.596,99.771,108.55,100.293,99.548,95.369,98.801
2019-09-01,104.233,103.099,98.076,102.295,100.665,99.732,102.936,101.856,96.775,,100.0,101.241,100.193,100.134,100.815,93.225,78.166,100.485,100.852,98.403,97.08,100.0,99.132,99.66,94.399,101.859,92.112,98.047,99.962,,96.596,101.095,87.175,100.293,99.651,95.953,98.604
2019-10-01,103.996,103.734,99.167,102.295,100.621,100.81,102.936,108.109,96.775,,100.0,101.241,99.874,100.007,100.815,92.719,78.166,101.656,100.728,98.403,97.776,100.0,102.292,99.66,100.105,101.859,102.762,100.143,99.962,,96.596,99.792,105.844,100.293,99.977,95.69,98.876
2019-11-01,104.028,99.883,99.68,99.909,100.567,100.482,102.936,92.429,96.775,,100.0,101.241,99.65,100.07,100.815,92.579,78.166,108.023,100.814,98.403,97.832,100.0,102.405,99.847,98.497,98.243,90.505,99.257,99.646,,98.389,99.844,89.679,100.293,99.987,96.838,99.683
2019-12-01,104.28,99.215,99.894,99.909,100.578,100.285,102.936,98.83,96.775,,100.0,101.241,100.002,100.377,100.815,92.364,78.166,106.759,100.317,98.403,97.869,100.0,102.973,99.91,99.14,98.243,104.094,100.169,100.012,,98.389,101.616,106.249,100.293,98.904,96.76,99.693
2020-01-01,99.62,101.61,101.22,99.92,100.54,101.68,100.0,118.92,96.77,99.99,100.0,101.84,102.85,100.23,100.84,95.99,89.52,98.47,100.15,98.42,94.33,100.0,101.61,99.88,100.53,96.36,94.34,96.19,100.4,101.55,98.42,101.22,89.21,100.31,98.9,95.13,99.74
2020-02-01,99.06,98.81,101.61,99.92,100.51,100.66,100.0,111.36,96.77,100.54,100.0,101.84,102.63,100.03,100.84,98.51,89.81,106.01,100.11,101.47,94.22,100.0,100.14,99.93,100.16,96.36,104.26,102.04,100.28,100.56,98.42,100.98,106.37,100.31,98.88,96.13,99.89
2020-03-01,97.96,98.81,101.1,99.92,100.29,99.16,100.0,99.08,96.77,99.97,100.0,101.84,102.7,100.02,100.84,101.27,89.51,107.5,100.17,101.47,94.75,100.0,98.9,99.93,100.34,96.36,94.72,97.79,99.93,99.16,98.42,101.01,99.22,100.31,100.17,97.24,99.96
2020-04-01,97.79,98.81,101.1,99.92,100.29,98.78,100.0,99.08,100.0,99.88,100.0,103.27,99.13,99.83,100.84,100.19,89.47,104.09,99.28,101.47,100.21,100.0,100.1,99.93,96.96,99.36,99.89,95.28,99.99,98.78,98.42,101.03,98.52,100.31,100.3,98.88,99.95
2020-05-01,105.89,98.81,100.58,99.92,100.16,100.66,100.0,95.71,100.0,100.29,100.0,100.25,98.31,99.59,100.84,99.17,89.68,104.47,99.28,101.47,98.86,100.0,99.46,99.75,97.49,99.36,103.77,102.02,99.98,100.66,98.42,100.43,106.34,100.31,98.95,100.64,100.08
2020-06-01,105.09,98.81,98.87,99.92,100.23,101.11,100.0,94.32,100.0,99.73,100.0,99.59,98.17,100.03,100.84,102.09,108.17,101.98,100.01,101.47,103.85,100.0,99.29,99.79,95.58,102.22,103.93,100.32,100.09,101.13,101.13,100.67,105.58,100.31,100.03,102.43,100.08
2020-07-01,100.91,98.81,98.86,99.92,100.23,99.57,100.0,93.3,100.0,99.87,100.0,97.61,98.27,100.1,100.84,102.03,108.24,104.15,100.51,101.47,102.67,100.0,100.62,99.72,101.0,102.22,99.88,102.47,100.09,99.58,101.13,99.89,105.62,99.51,100.29,102.69,100.09
2020-08-01,99.75,98.81,99.67,99.92,100.19,99.55,100.0,93.3,100.0,100.13,100.0,98.11,99.47,100.12,100.84,100.49,108.38,98.89,99.79,101.47,102.48,100.0,100.04,98.52,102.42,102.22,103.82,100.96,100.04,99.58,101.13,98.72,102.44,99.51,100.17,101.71,99.96
2020-09-01,98.49,98.35,98.92,99.92,99.42,99.77,100.0,91.88,100.0,99.26,100.0,98.91,99.67,100.12,100.84,99.83,107.92,94.88,100.26,101.47,97.89,100.0,99.27,101.96,101.82,102.22,98.03,99.74,100.04,99.81,101.13,98.87,88.16,99.51,100.49,101.62,100.08
2020-10-01,100.01,104.41,99.48,100.25,99.3,99.72,100.0,101.08,100.0,100.27,100.0,98.91,99.6,100.13,95.75,100.23,108.45,90.81,99.33,96.33,102.99,100.0,100.65,101.96,101.5,101.29,104.23,101.68,99.84,99.76,101.13,99.21,99.79,99.51,100.33,101.71,100.09
2020-11-01,96.97,102.56,98.12,100.25,99.45,99.55,100.0,101.52,104.84,99.88,100.0,98.91,99.57,99.69,100.91,100.19,102.45,94.49,99.48,101.94,103.17,100.0,100.63,100.1,101.41,101.29,89.67,101.6,99.67,99.59,101.13,99.14,94.32,99.51,100.66,101.22,100.02
2020-12-01,98.45,101.41,100.46,100.25,99.4,99.8,100.0,100.45,104.84,100.17,100.0,98.91,99.62,100.13,95.82,100.01,108.4,94.25,101.63,91.55,104.55,100.0,99.3,98.52,100.79,100.76,103.45,99.88,99.67,99.84,101.13,98.84,104.43,100.56,100.84,100.61,100.06
2021-01-01,96.93,102.03,101.05,100.25,99.45,99.34,100.0,100.26,104.84,100.7,100.0,98.91,98.37,100.36,100.91,99.42,104.56,94.53,99.7,101.94,102.54,100.0,100.49,98.59,98.43,93.74,104.91,92.65,99.73,99.92,101.13,99.15,105.63,100.56,100.67,100.23,100.05
2021-02-01,97.81,100.64,100.2,100.25,99.36,98.98,95.03,93.23,104.84,101.92,96.43,98.91,97.57,101.38,96.83,100.41,104.27,93.59,98.47,95.36,101.73,100.0,101.36,98.59,96.47,93.6,102.27,100.73,100.14,99.56,101.13,100.36,97.54,100.56,100.78,99.98,98.86
2021-03-01,97.15,100.64,99.94,100.25,99.6,94.0,83.43,92.77,104.84,101.4,96.33,98.91,97.4,101.41,99.13,94.72,108.27,94.07,97.94,95.23,101.57,100.0,100.63,98.59,97.16,93.6,102.79,102.01,100.4,98.92,101.13,100.12,99.88,100.56,100.52,99.35,99.44
2021-04-01,100.5,100.64,100.6,100.25,99.53,90.48,90.13,95.76,104.84,99.86,94.91,101.6,97.23,98.78,95.03,95.66,108.39,88.41,98.3,96.99,100.62,101.18,99.2,98.59,102.19,93.6,106.07,94.75,100.65,98.74,101.13,100.54,98.36,100.56,99.91,98.63,100.31
2021-05-01,102.04,100.64,99.17,100.25,99.43,91.16,90.13,97.96,104.84,98.69,99.87,98.18,94.99,99.83,95.4,100.31,106.29,93.79,95.7,96.86,100.42,108.23,97.64,98.59,100.6,91.75,108.67,100.49,100.78,99.44,101.13,100.27,99.86,100.56,100.24,98.39,100.1
2021-06-01,97.7,100.64,99.17,100.25,99.33,89.55,92.63,99.83,104.84,100.01,100.55,94.74,94.21,99.66,96.96,94.22,108.91,103.64,93.75,107.99,100.02,108.23,97.9,98.59,100.32,91.75,108.58,102.35,101.24,97.83,101.13,100.7,104.65,100.56,100.08,97.98,99.53
2021-07-01,96.89,100.64,100.63,100.25,98.95,89.64,100.65,102.54,104.84,100.63,103.77,95.72,94.32,99.47,101.57,95.78,109.69,104.58,94.27,111.18,100.9,109.07,98.41,98.59,100.74,91.75,103.83,102.32,101.58,96.85,101.13,100.52,102.12,100.56,100.09,97.97,98.3
2021-08-01,97.5,100.64,101.76,100.25,98.84,88.75,100.65,102.26,104.84,100.84,103.77,98.46,99.31,103.86,101.57,93.86,108.82,105.56,93.97,111.18,96.59,109.07,96.79,98.59,103.49,91.75,109.92,102.37,101.79,91.77,101.13,100.33,103.33,100.56,100.11,97.77,96.97
2021-09-01,96.89,103.51,102.13,100.25,98.99,89.44,108.48,101.97,104.84,99.07,104.19,98.41,99.22,104.92,104.18,93.86,108.96,103.36,93.58,111.38,93.07,109.07,97.16,98.59,103.75,91.75,98.66,97.0,102.77,91.8,101.13,100.38,94.87,100.56,99.92,97.46,98.57
2021-10-01,97.27,107.83,102.07,100.25,98.96,89.02,108.48,105.57,104.84,99.86,104.19,98.41,100.09,105.14,104.18,99.81,108.96,102.42,96.75,111.38,94.61,109.07,97.43,98.59,102.42,89.52,110.2,92.52,103.4,91.74,101.13,101.52,106.4,100.56,102.02,97.63,99.37
2021-11-01,96.84,106.29,102.33,100.25,98.96,89.52,108.48,109.58,104.84,99.22,104.19,98.41,99.08,104.74,104.18,97.25,109.7,105.09,96.37,111.38,95.38,112.78,97.71,98.11,101.59,94.85,99.42,102.97,104.17,91.66,101.13,101.79,90.62,100.56,102.1,98.46,99.45
2021-12-01,96.3,104.57,103.71,97.64,100.01,88.5,114.77,110.29,104.84,100.52,105.52,98.41,100.78,105.18,108.35,101.1,108.62,102.63,93.39,112.9,94.85,112.78,98.62,98.11,103.78,94.85,112.18,101.33,104.69,93.12,101.13,101.25,112.76,100.56,101.28,98.71,99.38
2022-01-01,96.4,103.65,102.62,97.64,100.42,88.34,114.67,112.76,104.84,97.94,105.5,98.52,100.81,105.61,108.34,100.21,108.81,105.86,94.7,112.93,92.69,112.78,97.0,98.75,102.02,94.95,101.28,93.01,105.24,91.81,101.25,103.57,100.51,100.69,101.13,98.39,99.76
2022-02-01,95.75,104.23,103.04,96.57,98.59,88.25,114.67,108.51,104.84,100.17,105.5,98.52,100.13,105.37,108.34,100.39,108.77,104.87,94.27,112.93,94.79,112.78,97.64,98.75,96.87,94.95,119.14,103.2,107.06,92.44,101.25,103.82,116.92,100.69,101.38,99.0,99.89
2022-03-01,95.92,104.23,103.0,96.57,98.7,88.43,114.67,107.54,104.84,99.46,105.5,98.52,100.0,106.19,108.34,96.97,106.01,100.55,94.49,112.93,96.51,112.78,97.51,98.75,98.08,94.05,111.96,101.48,108.81,92.13,93.96,104.01,105.11,100.69,101.66,99.21,99.62
2022-04-01,95.54,104.23,106.87,96.57,98.62,88.54,117.32,106.43,104.84,99.65,106.96,103.42,100.06,106.27,108.34,101.83,106.32,103.39,93.16,114.01,97.89,112.78,95.94,98.75,98.39,94.17,117.65,106.0,110.5,92.06,101.07,103.9,112.64,100.69,102.56,99.37,99.67
2022-05-01,95.68,104.23,105.11,96.57,98.45,89.4,98.87,105.67,104.84,99.6,106.96,104.15,100.06,106.31,108.34,96.85,108.77,96.88,92.3,109.0,95.93,112.78,95.61,99.37,98.29,94.17,119.6,111.0,110.91,92.95,101.07,103.78,116.4,100.69,102.92,99.1,99.28
2022-06-01,95.77,104.23,104.23,96.57,98.38,89.31,98.87,106.82,104.84,99.2,110.51,102.75,99.15,109.16,108.34,96.85,109.79,101.81,94.43,115.26,92.44,112.78,95.5,100.88,100.06,94.17,117.28,111.93,111.87,96.22,108.04,106.49,116.86,102.69,103.18,99.39,99.76
2022-07-01,96.27,104.23,104.95,96.57,98.27,90.07,98.87,103.73,104.84,99.46,110.51,103.63,98.98,108.18,108.34,96.83,109.63,89.48,95.33,115.26,93.69,112.78,95.0,101.32,99.71,94.17,118.26,109.61,112.71,96.87,108.04,106.12,118.79,101.85,103.02,99.6,99.65
2022-08-01,96.74,104.23,104.71,96.57,98.39,91.19,98.87,97.23,104.84,100.06,110.51,103.52,99.3,108.91,108.34,98.2,109.83,91.45,95.38,115.26,93.44,112.78,93.24,101.32,102.11,94.17,120.51,114.55,114.43,96.34,111.15,105.54,118.08,101.85,102.99,99.94,98.02
2022-09-01,96.42,103.81,102.86,96.57,98.43,90.9,117.32,101.52,109.68,100.13,110.51,103.47,99.58,109.15,108.34,98.5,109.63,91.29,95.33,115.26,93.31,112.78,90.61,101.88,101.85,95.25,109.91,108.04,116.67,95.96,111.15,106.16,104.08,101.85,103.12,100.03,98.0
2022-10-01,95.4,105.79,103.0,96.57,98.4,91.5,114.25,98.22,109.68,100.16,103.49,103.47,99.45,109.07,100.23,104.75,109.89,120.18,95.46,106.15,93.37,112.78,91.58,101.71,101.55,98.87,120.19,104.61,117.5,96.64,111.15,106.42,115.95,101.85,103.48,100.08,99.76
2022-11-01,96.08,105.83,102.44,99.08,98.23,91.07,117.32,101.44,109.68,100.05,110.51,103.47,101.22,109.08,108.34,104.76,109.43,120.65,95.34,115.26,93.41,112.78,91.19,101.64,101.72,98.87,111.37,109.78,118.9,95.11,111.15,105.97,100.77,101.85,103.43,100.0,100.3
2022-12-01,96.4,104.77,103.55,93.7,102.61,89.4,117.32,102.04,109.68,99.21,110.51,103.47,101.14,109.15,108.34,107.73,108.49,120.68,90.66,115.26,94.45,112.78,91.29,105.24,101.05,98.87,123.64,108.29,119.76,96.1,111.15,106.13,117.89,101.85,103.51,99.21,98.86
2023-01-01,95.05,108.61,103.6,93.7,102.41,91.15,117.32,110.38,109.68,99.25,113.43,103.47,101.19,109.16,108.5,103.54,108.75,120.34,96.41,118.27,100.75,120.43,91.9,105.62,98.96,98.87,107.03,112.55,120.51,95.72,111.15,107.17,98.48,101.85,103.52,100.77,100.34
2023-02-01,94.63,108.2,100.7,93.7,102.56,91.36,117.32,111.52,117.75,99.7,113.43,103.47,100.96,106.21,108.5,122.79,106.13,120.95,96.4,118.27,100.62,120.43,91.34,105.32,101.03,98.87,123.68,121.22,121.44,96.26,111.15,106.98,119.49,101.85,103.72,100.82,100.33
2023-03-01,94.71,108.2,99.44,93.7,102.53,91.43,119.1,114.04,117.75,99.86,117.52,103.47,100.71,109.3,110.3,119.93,106.42,117.69,97.37,118.27,99.16,120.43,92.14,109.91,101.92,98.87,114.94,118.61,122.54,95.62,111.15,107.16,118.5,101.85,104.3,100.81,100.72
2023-04-01,96.19,108.2,99.7,93.7,102.69,94.13,119.1,114.54,117.75,99.37,117.52,107.68,101.0,112.96,110.3,135.97,106.08,117.56,96.97,128.07,98.82,120.43,93.48,109.9,101.85,98.87,121.72,112.95,123.11,97.57,111.15,107.19,117.82,101.85,104.22,100.79,101.24
2023-05-01,95.89,108.2,99.7,93.7,101.97,94.13,119.1,114.54,117.75,99.37,117.52,107.68,100.62,112.94,110.3,135.97,106.08,113.76,96.97,128.07,98.82,120.43,93.75,109.9,101.85,98.87,124.21,119.41,123.16,97.57,111.15,107.01,120.19,101.85,104.19,100.86,101.23
2023-06-01,95.66,108.2,102.06,93.7,100.44,94.64,119.1,114.11,117.75,99.05,117.52,108.65,100.11,116.21,110.3,132.72,106.05,117.18,96.64,128.07,99.37,120.44,93.43,110.74,109.09,98.87,119.93,118.89,123.51,98.21,111.15,106.93,119.42,101.85,104.58,101.19,101.26
2023-07-01,90.59,108.2,99.56,93.7,100.12,94.57,125.92,113.91,122.94,99.0,121.9,103.34,100.19,116.82,113.22,105.06,106.66,115.98,97.18,130.81,98.83,120.44,92.97,111.13,104.35,98.87,121.33,120.47,123.76,91.28,111.15,105.19,123.38,101.85,104.02,101.21,101.21
2023-08-01,93.23,108.2,99.48,93.7,103.15,94.59,125.92,113.81,122.94,99.02,121.9,108.09,100.02,116.9,113.22,105.06,106.32,114.05,96.43,130.81,97.97,120.44,92.79,111.93,101.71,98.87,123.88,121.56,124.24,98.22,111.15,106.08,125.37,101.85,103.99,100.87,101.29
2023-09-01,92.67,105.15,99.46,93.7,102.82,90.96,125.92,113.46,122.94,99.12,121.9,108.38,100.15,117.03,113.22,105.06,106.44,115.22,97.21,130.81,97.59,120.44,94.12,111.1,102.26,99.63,117.26,119.49,124.34,98.13,111.15,105.72,113.11,101.85,104.0,100.67,101.37
2023-10-01,92.6,105.75,99.06,93.7,102.61,96.45,125.92,113.51,122.94,99.8,121.9,108.38,101.25,117.02,113.22,105.06,106.79,117.18,98.46,130.81,97.85,120.44,94.89,113.68,100.74,99.63,123.03,119.81,124.52,99.28,111.15,105.68,125.69,101.85,104.03,100.63,100.65
2023-11-01,93.07,105.75,98.16,104.28,102.62,96.21,125.92,115.4,122.94,100.86,121.9,108.38,101.09,112.31,113.22,109.94,107.49,117.99,98.44,130.81,97.55,120.44,93.59,113.68,103.44,99.63,113.53,123.94,124.6,98.5,111.15,106.29,109.29,101.85,104.18,101.08,100.14
2023-12-01,92.52,107.27,100.82,104.28,102.54,96.46,125.92,114.71,122.94,103.09,121.9,108.38,102.52,112.39,113.22,109.94,107.25,117.73,97.83,130.81,97.45,120.44,93.48,113.68,105.33,99.63,115.84,124.02,124.65,97.48,111.15,106.28,122.64,101.85,104.2,101.29,99.12
2024-01-01,93.02,106.46,101.48,104.28,102.45,96.64,125.92,115.29,122.94,100.08,121.9,108.38,102.09,111.98,113.22,109.94,106.66,100.41,98.29,130.81,96.94,120.44,93.81,113.68,112.42,99.63,114.61,114.11,124.87,99.07,111.15,106.16,113.2,101.85,104.41,101.32,100.68
2024-02-01,92.73,106.88,102.41,104.28,102.43,96.96,125.92,114.89,122.94,100.93,121.9,108.38,102.49,111.87,113.22,110.16,106.41,101.57,97.67,130.81,97.36,123.21,94.15,116.86,115.84,99.63,107.54,118.47,124.94,98.32,111.15,105.56,105.96,101.85,104.33,101.08,98.87
2024-03-01,93.07,106.88,99.66,104.28,102.27,96.98,125.92,115.38,122.94,102.81,121.9,108.38,102.51,111.89,120.96,110.09,106.61,101.83,97.98,130.81,96.38,123.21,94.0,116.75,107.73,99.63,119.64,120.84,124.63,99.42,111.15,105.83,124.3,101.85,104.49,99.5,100.63
2024-04-01,93.37,106.88,97.83,104.28,101.63,98.14,125.92,116.71,122.94,102.81,121.9,109.91,102.58,114.12,120.96,115.53,106.55,116.99,98.59,130.81,95.24,123.21,92.48,116.75,107.97,99.63,116.85,116.48,125.3,98.7,111.15,105.82,119.19,101.85,104.52,99.16,101.15
2024-05-01,92.32,106.88,97.48,104.28,101.62,98.2,125.92,107.18,122.94,102.39,121.9,108.84,102.66,114.08,120.96,115.48,106.42,109.88,97.35,130.81,97.43,123.21,92.28,116.48,108.43,99.63,123.2,119.9,125.0,98.9,111.15,106.88,122.08,101.85,104.56,99.09,100.0
2024-06-01,92.84,106.88,98.02,104.28,101.5,98.81,125.92,105.75,122.94,101.47,121.9,105.64,102.6,112.57,120.96,115.45,105.5,104.94,97.35,130.81,97.0,123.21,91.89,116.48,109.11,99.63,122.29,121.37,125.08,99.16,111.15,106.57,112.46,101.85,104.75,99.19,101.23
2024-07-01,90.94,106.88,96.33,104.28,101.41,100.57,125.92,105.83,122.94,101.6,121.9,108.76,102.54,114.09,120.96,115.14,105.32,104.21,97.89,130.81,97.38,123.21,92.87,118.23,108.07,99.63,115.85,122.91,125.38,99.2,111.15,106.65,123.04,101.85,104.63,99.01,100.73
2024-08-01,89.65,106.88,95.96,104.28,102.96,96.2,125.92,105.28,122.94,100.75,122.49,105.5,97.3,112.58,120.96,131.87,107.33,101.76,97.24,130.81,100.64,123.28,91.34,117.55,108.2,99.63,125.46,119.85,125.3,101.97,111.15,106.89,122.63,101.85,104.66,99.22,100.68
2024-09-01,89.64,107.73,96.41,104.28,102.86,95.27,127.32,106.43,122.94,101.11,122.49,106.27,97.38,114.1,120.96,131.71,106.07,104.01,96.83,130.81,100.04,125.3,90.64,116.27,108.19,99.63,108.59,120.37,125.6,101.3,111.15,107.12,106.7,101.85,104.56,99.13,98.65
2024-10-01,88.43,108.43,98.6,104.28,102.78,95.04,120.46,113.45,122.94,100.32,122.49,106.27,96.66,114.1,120.96,131.81,106.34,103.56,97.12,111.7,99.75,125.3,89.1,116.41,107.66,99.63,123.37,123.44,125.83,101.45,111.15,106.82,122.66,101.88,104.36,99.0,100.74
2024-11-01,88.43,103.86,97.61,109.39,102.74,94.98,120.46,103.47,122.94,99.42,122.49,106.27,97.5,114.09,120.96,131.64,107.97,105.04,97.13,113.17,99.05,125.3,88.47,117.42,107.66,99.63,115.37,123.22,125.81,101.62,111.15,106.98,115.7,101.88,104.59,98.89,100.48
2024-12-01,88.4,104.04,99.7,109.39,102.74,94.45,127.32,112.61,122.94,99.89,122.49,106.27,96.82,114.1,120.96,131.5,107.36,102.96,96.98,113.17,97.91,125.3,91.41,118.4,109.91,99.63,126.48,122.76,125.92,101.98,111.15,106.85,125.3,101.88,104.56,98.76,98.26
2025-01-01,88.87,103.59,99.71,109.39,102.79,93.91,127.32,112.82,122.94,99.39,122.49,106.27,97.43,114.11,120.96,131.24,107.61,104.41,97.54,113.17,95.4,125.3,90.76,116.66,108.96,99.63,117.7,115.74,125.95,101.49,116.5,106.69,120.39,101.88,104.61,98.54,100.84
2025-02-01,87.51,102.45,99.67,109.39,102.94,94.97,131.05,105.78,122.94,99.38,126.17,106.27,97.07,113.79,120.96,131.34,103.91,104.69,97.11,130.81,95.27,127.77,92.08,116.97,109.6,99.63,120.96,121.26,125.84,101.75,116.88,106.98,124.21,101.88,104.67,98.53,101.15
