날짜,TV,김치냉장고,냉장고,세탁기,소파,소형주방가전,손목시계,에어컨,영상음향기기,저장장치,전기밥솥,전자레인지,청소기,침대,컴퓨터,휴대전화기,침구,커튼,프라이팬,서적,장난감
2005-01-01,643.754,135.722,89.814,87.231,65.644,118.672,95.533,84.28,176.343,257.499,129.501,97.202,99.474,58.979,306.054,270.293,69.362,94.899,88.547,65.681,83.218
2005-02-01,632.873,135.854,89.633,85.285,65.644,118.317,95.63,84.28,169.415,256.988,129.63,97.396,99.572,58.979,303.822,270.293,69.709,93.392,89.355,66.41,83.386
2005-03-01,627.432,135.854,89.362,84.693,65.644,118.317,95.63,84.28,168.095,255.455,130.02,97.3,98.697,58.979,302.427,252.226,69.709,95.183,89.535,66.475,83.808
2005-04-01,627.432,135.591,89.181,84.862,65.644,118.317,95.343,80.723,165.951,255.199,130.02,97.3,98.017,58.979,294.894,252.226,69.709,94.146,89.355,66.475,83.976
2005-05-01,625.014,135.722,89.181,85.031,65.644,118.317,95.63,80.641,163.971,255.199,130.02,97.3,97.628,58.979,290.71,252.226,69.709,94.146,89.893,66.41,84.145
2005-06-01,612.322,134.407,89.181,84.947,65.644,118.081,95.63,80.236,162.817,254.688,129.891,96.622,97.24,58.979,271.18,232.048,69.571,94.146,89.984,66.475,84.988
2005-07-01,605.672,133.749,89.091,85.285,65.644,117.963,95.247,79.913,162.817,254.177,130.02,96.816,97.142,58.979,266.437,217.267,69.571,94.146,89.984,66.475,85.241
2005-08-01,603.86,133.749,89.0,84.778,65.644,117.963,95.63,79.347,162.651,254.943,129.891,96.332,95.297,58.979,266.158,222.194,69.571,92.637,89.984,65.616,84.651
2005-09-01,602.045,133.355,88.91,83.762,65.644,117.728,95.63,79.266,162.486,254.688,129.891,96.332,95.782,58.979,265.88,211.87,69.571,94.146,89.984,65.814,84.651
2005-10-01,581.494,122.177,94.155,83.593,65.644,117.373,95.247,79.266,162.156,255.711,130.02,96.429,95.782,58.979,260.858,211.636,69.571,94.146,89.984,65.88,84.651
2005-11-01,550.061,121.519,94.064,83.17,65.644,117.373,95.63,79.266,161.496,256.222,130.02,95.849,95.588,58.979,260.299,211.636,69.571,94.899,89.984,66.012,84.566
2005-12-01,541.6,120.861,93.975,82.578,65.644,117.373,95.63,79.266,161.661,255.455,130.02,95.849,95.588,58.979,259.742,211.636,69.571,94.994,89.984,66.012,84.651
2006-01-01,539.785,119.941,94.064,82.662,65.644,117.373,95.63,79.266,161.167,255.455,130.02,96.235,86.555,58.979,257.509,196.854,69.571,95.277,89.984,66.012,84.651
2006-02-01,520.443,119.546,94.064,82.408,65.644,117.373,95.533,79.266,159.682,255.966,129.891,96.235,86.651,58.979,237.143,196.854,69.571,95.183,90.073,66.475,84.651
2006-03-01,518.631,119.02,94.245,82.154,65.644,117.373,95.533,79.266,159.022,256.988,129.501,96.139,86.069,58.979,236.864,196.619,69.571,94.24,90.073,66.475,84.903
2006-04-01,517.421,118.889,94.064,82.239,65.644,116.9,95.63,82.097,158.857,257.499,129.63,95.752,85.583,58.979,234.911,196.854,69.571,94.617,90.163,66.277,84.988
2006-05-01,485.384,118.494,93.794,82.408,65.644,117.019,95.63,81.612,158.692,257.499,128.982,95.752,85.389,58.979,230.447,196.854,69.5,95.088,90.252,66.277,85.157
2006-06-01,467.856,118.099,93.703,82.239,65.644,117.019,95.63,81.531,158.197,254.943,129.24,95.752,85.292,58.979,211.476,185.123,69.5,95.088,90.432,66.277,84.988
2006-07-01,465.439,117.574,93.522,82.154,65.644,116.784,95.533,81.369,157.537,255.966,128.461,95.366,85.194,58.979,210.081,185.123,69.571,94.712,90.432,66.277,85.241
2006-08-01,455.765,115.206,93.341,81.816,67.613,117.019,95.533,80.965,153.743,254.688,128.461,94.785,85.292,62.341,205.059,167.291,69.571,94.523,90.522,69.782,85.241
2006-09-01,453.953,113.76,95.06,81.816,67.613,117.019,95.533,80.803,153.413,254.688,123.396,94.785,85.292,62.341,203.943,167.291,69.571,94.24,91.06,69.782,85.241
2006-10-01,443.675,113.76,94.699,81.646,67.613,117.019,95.533,80.803,153.084,254.177,121.707,96.041,85.0,62.341,202.548,161.19,69.571,93.581,91.867,69.782,85.409
2006-11-01,437.63,119.152,94.608,81.478,67.613,117.256,95.533,80.803,152.919,253.666,121.187,96.139,84.612,62.341,201.99,148.286,69.571,94.994,92.854,69.782,85.409
2006-12-01,423.73,117.968,96.417,80.8,67.613,116.9,95.533,80.803,151.763,252.901,120.798,96.235,84.417,62.341,201.99,148.051,69.571,94.994,92.944,71.833,85.494
2007-01-01,412.85,115.469,96.506,80.8,67.613,116.666,95.533,80.803,151.269,251.88,120.798,95.945,84.029,62.341,201.99,142.889,69.571,95.088,93.303,71.833,85.831
2007-02-01,400.154,116.39,93.794,80.886,67.613,116.666,95.533,80.803,151.269,252.135,120.669,95.945,83.931,62.341,201.711,142.889,69.571,95.277,93.393,72.427,85.747
2007-03-01,387.462,117.047,93.432,80.8,67.613,116.784,95.343,80.803,144.01,252.39,120.538,95.752,83.834,64.109,201.711,138.431,69.571,94.994,93.393,72.427,85.663
2007-04-01,376.583,116.39,93.432,80.632,67.613,116.429,95.343,81.126,141.865,252.135,119.499,95.655,83.834,64.109,198.921,138.666,69.571,95.653,95.276,72.427,85.072
2007-05-01,373.558,116.126,93.161,80.462,67.613,116.312,95.343,80.479,141.041,251.88,120.148,95.945,83.64,64.109,177.997,134.677,69.571,95.088,95.366,72.427,85.831
2007-06-01,372.956,115.601,93.341,80.208,67.613,115.722,95.343,80.156,140.711,251.88,119.759,95.945,83.543,64.109,178.276,130.454,69.571,94.899,95.366,72.427,85.831
2007-07-01,371.141,114.944,93.071,79.786,67.613,116.193,95.343,79.913,140.711,251.624,118.72,95.849,83.445,64.109,170.464,136.554,72.006,94.899,95.815,72.097,85.915
2007-08-01,370.537,115.074,92.89,79.362,69.254,115.485,95.343,79.67,139.887,249.835,119.499,95.849,83.349,65.348,170.185,136.554,72.006,93.768,95.815,72.097,85.915
2007-09-01,368.723,114.944,92.799,82.324,69.254,115.368,95.343,79.509,138.403,249.324,119.499,95.462,83.155,65.348,169.348,136.554,72.006,94.805,95.815,71.767,85.915
2007-10-01,366.304,114.812,92.617,81.986,69.254,115.368,94.96,79.509,136.917,250.345,120.279,95.462,83.155,65.348,167.116,136.554,72.075,94.994,96.354,71.767,86.169
2007-11-01,363.282,114.417,92.617,81.478,69.254,115.251,94.96,79.509,136.423,250.09,118.46,95.366,83.057,65.348,166.838,136.319,72.075,94.523,96.354,72.031,86.169
2007-12-01,362.678,112.838,92.436,81.646,69.254,115.251,94.96,79.509,133.618,249.068,117.551,95.655,82.96,65.348,166.558,136.319,72.075,94.899,96.443,72.031,86.253
2008-01-01,360.864,112.313,92.436,81.646,69.254,115.251,94.96,79.509,130.649,248.557,118.59,95.268,82.96,65.348,166.279,136.319,72.075,94.334,96.712,73.024,85.747
2008-02-01,359.052,111.918,92.256,81.054,69.254,115.251,94.96,79.509,130.155,248.303,118.2,94.882,82.765,65.348,164.326,136.319,72.075,94.617,96.98,74.478,85.831
2008-03-01,359.052,111.655,92.075,81.14,69.254,115.251,95.151,79.509,129.824,248.303,118.85,94.882,82.863,65.348,164.326,136.319,72.075,95.088,97.16,74.478,85.494
2008-04-01,343.939,110.603,91.533,80.886,69.254,139.078,95.151,79.024,129.659,248.303,117.94,94.301,82.571,65.348,161.257,128.342,72.075,94.805,97.879,74.082,85.747
2008-05-01,331.849,110.34,91.533,80.886,69.254,139.549,95.151,94.31,127.184,247.282,118.33,94.204,82.474,65.348,160.141,125.058,72.075,94.617,98.955,74.082,85.409
2008-06-01,326.411,109.551,92.526,80.8,69.254,140.022,95.151,93.987,126.525,247.026,118.2,89.369,93.743,65.348,159.305,125.058,77.014,93.863,100.211,73.883,85.831
2008-07-01,323.993,107.973,92.165,80.716,76.278,140.022,93.241,93.744,126.03,247.792,118.2,89.369,92.674,67.884,152.888,125.058,77.014,94.899,100.66,73.883,86.169
2008-08-01,319.761,104.554,92.165,80.716,76.278,138.371,95.151,93.663,125.865,248.048,115.082,89.369,92.286,70.479,151.493,125.058,77.014,94.899,101.108,73.883,86.169
2008-09-01,319.157,108.235,91.713,80.632,76.278,135.303,95.151,93.663,123.885,253.922,114.044,89.369,93.743,70.479,149.54,125.292,77.014,94.712,107.567,73.883,86.421
2008-10-01,323.993,112.838,91.622,80.716,76.278,137.899,95.151,93.663,123.556,256.733,113.913,89.658,93.355,70.479,149.26,122.007,77.014,94.805,106.939,73.685,86.421
2008-11-01,323.388,111.655,91.622,80.632,76.278,137.78,95.151,93.663,125.7,258.011,114.563,89.852,92.868,70.479,170.743,122.007,80.493,94.052,106.939,75.538,86.59
2008-12-01,323.388,110.866,91.533,80.716,77.525,138.842,95.151,93.663,127.019,260.053,115.213,90.239,92.868,70.479,191.667,122.007,80.493,95.183,106.939,73.487,86.927
2009-01-01,322.178,110.998,91.533,82.493,77.525,138.842,95.151,93.663,127.019,261.331,115.343,90.142,92.772,70.479,190.831,122.007,80.493,94.052,107.389,74.744,86.927
2009-02-01,320.97,110.471,91.442,82.662,77.525,138.961,95.151,93.663,129.99,262.097,129.891,90.142,91.703,70.479,166.279,122.007,80.493,95.653,107.567,74.744,87.181
2009-03-01,325.203,111.393,91.442,82.324,77.525,139.078,95.151,93.663,132.463,267.718,124.435,90.142,91.217,70.479,176.044,122.007,80.493,95.653,106.042,74.744,92.998
2009-04-01,326.411,111.393,91.442,82.324,77.525,139.078,95.343,95.848,132.629,270.272,125.864,90.142,91.8,70.479,175.765,122.007,80.493,95.843,107.657,74.744,93.166
2009-05-01,326.411,111.393,91.713,82.324,80.151,139.196,95.343,92.207,132.794,272.826,125.864,97.396,91.8,70.479,169.907,121.538,82.997,95.653,106.939,74.744,93.082
2009-06-01,318.551,111.393,91.533,82.154,80.874,139.078,95.343,90.832,128.505,275.125,129.371,97.493,91.8,70.951,166.838,121.538,82.997,95.464,108.015,74.478,93.42
2009-07-01,306.463,111.393,91.352,81.224,80.874,139.078,95.343,89.539,127.019,278.703,127.162,96.912,91.606,70.951,166.558,121.538,82.997,95.464,108.015,74.346,92.576
2009-08-01,296.792,111.393,91.08,81.478,80.874,139.078,95.343,88.973,126.36,280.233,127.552,96.718,91.023,70.951,167.674,121.538,82.997,95.748,108.015,74.281,93.42
2009-09-01,288.934,111.393,90.808,81.478,80.874,139.078,96.202,88.891,125.865,281.512,128.592,96.525,89.566,70.951,163.489,121.538,82.997,94.712,108.015,74.281,93.42
2009-10-01,285.911,105.079,90.628,81.224,80.874,139.315,96.011,88.891,126.195,280.233,128.461,96.041,89.468,70.951,160.42,121.538,82.997,95.371,103.62,74.281,93.42
2009-11-01,275.635,103.106,92.345,81.054,80.874,138.606,96.393,88.891,126.36,280.745,128.722,96.139,89.176,70.951,159.862,121.538,82.997,95.843,106.85,74.281,93.42
2009-12-01,272.008,102.581,92.075,81.054,80.874,127.281,96.584,88.891,126.03,279.467,129.891,95.849,88.788,72.19,146.471,118.253,82.997,96.313,110.438,74.281,93.42
2010-01-01,266.432,101.182,92.073,80.708,80.874,138.665,94.167,88.759,125.724,285.029,129.919,95.311,89.142,72.173,146.15,118.156,83.145,96.128,111.86,74.373,93.393
2010-02-01,263.023,101.284,91.528,80.382,80.874,138.389,96.763,88.759,125.127,272.615,129.664,95.407,88.879,72.173,142.563,118.156,83.145,96.128,110.978,74.373,93.393
2010-03-01,264.596,101.696,90.983,79.975,80.874,139.766,96.763,88.759,125.127,264.582,127.875,95.788,88.615,72.173,140.354,118.156,83.145,96.224,110.868,77.814,93.393
2010-04-01,267.219,101.696,90.983,80.545,80.874,137.289,96.571,88.759,121.897,251.195,128.642,95.788,88.089,72.173,138.836,118.156,83.145,95.84,102.272,77.814,93.393
2010-05-01,259.877,101.696,90.801,80.545,80.874,138.527,96.763,89.023,121.538,249.491,127.747,96.075,88.001,72.173,137.732,118.038,83.145,96.033,109.546,77.814,93.58
2010-06-01,258.303,101.696,90.892,80.87,80.874,138.802,96.763,87.002,120.222,245.84,128.258,95.979,88.176,72.173,137.042,118.038,83.145,96.224,112.08,77.814,93.02
2010-07-01,259.09,101.696,90.528,79.894,80.874,131.237,94.263,86.738,119.624,243.893,127.747,95.788,88.44,72.173,136.352,118.038,83.145,96.417,112.3,78.361,93.3
2010-08-01,259.877,101.696,90.346,82.172,80.874,139.216,96.763,87.09,117.112,234.156,126.086,95.788,87.912,73.702,136.214,117.92,85.331,96.514,112.411,78.361,93.393
2010-09-01,261.712,101.902,90.346,82.66,80.874,140.316,96.763,87.353,116.753,230.75,127.236,95.502,87.825,73.702,135.662,117.92,85.331,96.224,109.325,81.255,93.207
2010-10-01,262.236,108.593,91.165,82.579,80.874,139.902,96.763,87.353,116.275,227.585,126.98,95.216,86.332,73.702,135.662,117.92,85.331,96.61,107.011,81.255,93.207
2010-11-01,262.499,106.122,90.71,82.741,80.874,140.178,94.167,87.353,113.523,212.25,126.597,94.738,86.507,73.702,135.523,117.92,85.331,96.706,112.19,79.69,93.207
2010-12-01,261.974,105.71,90.437,83.148,80.874,128.485,97.533,87.353,112.446,203.975,126.215,94.643,85.892,73.702,133.868,117.92,85.331,96.706,111.86,79.69,93.114
2011-01-01,261.974,105.916,90.346,83.148,83.704,138.802,97.437,87.353,111.968,188.397,123.659,94.069,85.454,73.702,133.591,117.92,85.331,96.996,111.86,79.69,93.207
2011-02-01,259.09,106.74,90.437,83.148,83.704,140.04,97.629,87.353,109.336,183.771,123.148,94.069,86.244,73.702,133.454,117.92,90.712,100.849,112.632,80.551,93.207
2011-03-01,255.681,106.74,90.437,83.31,83.704,139.766,97.917,87.353,109.217,181.338,126.725,97.699,85.541,73.702,133.316,116.032,90.712,101.522,110.537,80.551,93.3
2011-04-01,256.467,106.74,90.528,83.31,83.704,135.225,98.302,87.265,104.551,181.338,127.236,96.266,85.19,73.702,129.866,115.087,90.712,102.004,110.868,80.551,93.393
2011-05-01,258.565,106.74,90.437,82.741,83.704,139.078,97.725,87.353,103.953,180.851,127.619,97.317,85.19,73.702,129.452,112.844,90.712,102.485,112.521,80.551,93.393
2011-06-01,255.419,106.74,89.801,82.334,83.785,138.94,96.571,87.529,104.073,180.365,127.747,97.412,85.454,73.702,129.038,112.844,90.712,102.967,112.851,80.551,93.393
2011-07-01,249.649,106.74,89.346,81.846,83.785,138.802,94.454,87.177,103.475,179.634,127.109,97.317,84.664,77.636,125.312,112.727,90.712,103.352,112.521,80.473,93.393
2011-08-01,248.862,106.74,88.983,82.091,83.785,130.961,94.839,87.177,102.398,179.634,126.98,97.22,84.839,77.636,124.898,112.727,90.712,103.448,111.529,80.551,89.941
2011-09-01,245.191,107.461,88.528,81.684,83.785,139.216,94.359,87.09,101.561,179.147,126.98,97.03,84.751,77.636,123.793,112.727,90.712,103.16,109.435,80.551,92.74
2011-10-01,243.617,109.725,88.71,82.009,83.785,140.591,94.359,87.09,100.724,179.147,127.109,97.985,84.664,77.636,121.723,112.844,90.712,103.448,102.933,80.708,92.927
2011-11-01,240.995,101.078,91.346,82.334,83.785,140.453,94.359,87.09,102.398,179.634,126.725,98.462,85.102,77.636,121.447,109.067,90.712,103.448,110.427,80.708,92.46
2011-12-01,238.898,104.373,91.982,82.985,83.785,133.574,94.551,87.09,101.441,179.391,127.875,98.367,83.61,77.636,121.447,108.95,90.712,103.545,111.419,81.959,91.9
2012-01-01,227.202,100.894,92.228,82.327,83.777,139.972,94.599,87.028,99.312,203.39,130.277,99.255,84.839,77.636,122.578,108.961,90.72,103.574,112.642,82.021,91.835
2012-02-01,224.474,105.0,92.473,82.692,83.777,139.615,94.782,87.028,96.25,195.821,124.86,95.311,84.672,77.636,118.963,108.961,90.72,103.555,112.069,84.977,91.854
2012-03-01,224.501,104.64,92.573,82.122,83.777,140.137,94.292,87.019,99.36,171.504,126.852,95.378,85.068,77.636,113.898,108.961,92.981,103.43,106.834,84.977,91.909
2012-04-01,224.605,104.702,89.51,82.749,83.316,140.095,93.608,86.835,100.628,167.634,126.086,98.682,85.506,77.636,113.719,108.95,92.981,103.334,109.237,84.977,92.031
2012-05-01,220.305,104.722,89.41,84.979,84.755,138.582,93.695,92.274,100.46,167.318,126.342,96.848,83.592,77.636,113.705,108.937,92.981,103.661,108.212,84.907,92.022
2012-06-01,202.762,104.733,89.519,84.767,84.755,139.917,93.695,91.923,90.448,166.904,125.678,96.514,83.803,77.636,113.994,108.937,92.981,103.815,108.267,84.907,92.031
2012-07-01,192.953,104.763,92.337,84.434,84.755,141.154,93.685,85.832,90.233,165.785,124.682,96.132,87.965,77.636,113.58,108.937,92.981,103.632,106.295,84.907,92.013
2012-08-01,191.643,104.763,88.865,84.84,84.755,110.685,93.214,86.386,100.556,165.954,124.745,97.03,88.686,77.636,113.512,108.937,92.981,103.94,111.176,84.907,92.013
2012-09-01,193.478,104.547,93.246,84.954,85.968,141.801,93.224,86.237,104.419,164.055,125.243,97.23,87.975,77.636,114.105,108.937,92.981,103.873,110.46,84.907,91.751
2012-10-01,193.111,99.937,93.155,84.799,85.968,125.363,93.252,86.237,104.419,162.158,125.563,102.865,85.963,77.636,112.463,108.961,92.981,103.873,108.046,85.462,91.873
2012-11-01,192.927,99.092,93.155,84.425,85.968,141.65,93.281,86.237,104.408,163.448,119.673,101.547,83.355,77.636,112.656,108.961,92.981,103.661,111.606,85.392,91.928
2012-12-01,193.609,91.496,92.673,84.75,85.968,141.058,93.281,86.245,104.551,163.617,122.943,101.623,84.707,77.636,114.547,108.961,92.981,103.911,107.165,86.018,91.443
2013-01-01,193.923,91.661,92.545,86.678,85.968,139.352,93.281,86.245,104.588,161.525,128.769,94.203,82.451,77.636,114.588,108.961,92.981,103.95,110.008,87.316,91.686
2013-02-01,192.062,96.138,92.873,86.589,85.968,139.545,93.281,86.245,104.623,161.403,127.939,95.225,82.713,77.636,109.965,108.961,92.981,104.123,107.429,87.316,91.639
2013-03-01,194.71,96.138,92.773,84.392,80.817,139.408,93.098,86.245,104.851,161.184,128.169,95.244,83.478,77.636,109.592,108.973,92.981,104.123,104.564,87.074,91.695
2013-04-01,197.542,96.138,92.818,82.464,80.817,140.701,92.676,86.263,108.164,160.649,127.236,101.738,82.309,77.636,105.769,102.504,92.981,104.248,109.898,87.152,91.733
2013-05-01,202.185,96.138,92.919,80.13,76.822,139.133,92.839,87.379,108.236,161.963,126.304,100.325,83.1,77.636,104.844,105.633,92.981,103.362,111.056,87.152,91.779
2013-06-01,200.821,96.138,92.101,80.724,76.822,137.799,93.012,86.808,108.223,162.327,126.124,99.713,83.407,77.636,108.046,105.633,92.981,104.152,111.507,91.085,89.093
2013-07-01,201.319,96.138,92.091,80.43,76.822,140.178,93.493,86.526,108.116,154.733,125.92,98.453,82.907,77.636,112.615,105.633,92.981,104.056,110.074,91.085,90.361
2013-08-01,199.091,96.138,92.018,80.764,76.822,140.233,93.868,87.441,108.116,154.856,125.627,98.911,82.652,77.636,111.069,105.62,92.981,104.065,109.567,91.085,90.408
2013-09-01,199.116,96.426,98.781,88.038,76.822,140.577,94.503,87.546,108.116,155.585,122.599,99.417,85.313,77.636,113.125,104.074,92.881,104.22,102.217,91.085,90.576
2013-10-01,193.95,111.454,98.845,88.249,77.905,140.784,94.464,87.546,108.033,157.508,128.309,91.09,85.358,77.636,112.339,104.074,92.881,104.056,109.247,91.719,90.557
2013-11-01,194.895,103.971,100.481,87.297,77.905,141.209,94.417,87.546,107.997,157.046,126.24,92.828,85.454,77.636,110.02,104.074,92.881,104.45,111.706,91.719,90.594
2013-12-01,197.675,104.063,100.69,87.272,76.619,110.354,94.311,87.546,107.937,155.537,126.266,90.431,86.024,77.636,110.296,104.074,92.881,104.538,111.386,93.025,90.547
2014-01-01,197.542,104.939,100.599,85.361,76.619,133.479,91.781,87.546,107.901,156.194,126.24,87.699,85.638,77.636,107.84,104.074,92.881,104.595,110.085,93.025,90.912
2014-02-01,192.245,106.904,101.371,85.214,76.619,149.477,94.234,87.546,108.2,156.291,126.393,85.713,85.84,77.636,107.619,104.074,92.881,104.479,111.308,93.025,91.061
2014-03-01,190.803,106.904,100.762,88.599,83.477,149.615,94.474,87.546,108.236,139.179,116.697,96.552,86.016,77.636,107.867,104.063,90.619,104.046,112.576,93.025,92.889
2014-04-01,185.138,106.904,100.853,88.875,77.056,143.645,94.474,87.572,105.843,132.17,115.19,96.991,85.884,77.636,107.881,104.063,90.619,105.231,109.799,92.735,92.871
2014-05-01,187.709,106.904,101.017,88.127,79.75,151.418,94.474,88.574,106.035,132.072,114.334,96.915,85.726,78.604,104.141,104.063,90.619,105.472,108.686,94.761,92.88
2014-06-01,184.038,106.904,105.661,84.824,73.611,126.009,94.878,88.689,105.125,130.539,114.64,95.244,86.314,78.604,102.885,101.997,90.619,105.674,104.531,94.761,92.889
2014-07-01,176.8,106.904,105.461,86.117,73.611,118.456,96.282,89.761,105.066,129.152,114.232,97.096,89.942,78.604,102.94,101.997,90.619,105.712,104.067,94.761,92.88
2014-08-01,172.892,106.904,105.116,86.565,73.611,148.969,96.032,89.769,105.269,129.444,115.829,97.23,89.977,78.604,102.968,101.997,90.619,105.635,107.727,94.621,92.88
2014-09-01,165.681,108.593,104.807,87.663,73.611,147.8,95.966,89.497,105.496,126.596,116.608,96.361,89.95,78.604,102.264,100.734,92.881,105.51,105.269,94.621,88.775
2014-10-01,162.351,110.209,105.298,87.192,73.611,147.401,95.84,89.497,105.352,124.965,115.113,96.8,89.792,78.604,102.333,100.734,92.881,105.539,110.371,94.621,90.632
2014-11-01,159.047,105.608,105.435,88.656,73.611,112.816,96.253,89.497,105.58,126.231,114.001,97.67,85.762,78.604,102.319,100.734,92.881,105.665,111.76,95.222,91.751
2014-12-01,159.886,99.237,105.298,88.339,73.611,121.538,96.59,89.497,105.568,125.646,113.886,97.096,86.666,78.604,102.319,98.704,92.881,104.807,110.724,97.647,90.772
2015-01-01,161.663,108.375,105.092,90.813,73.828,130.925,96.515,89.503,104.602,119.658,116.987,97.644,88.916,78.604,103.252,99.552,91.693,103.826,102.85,97.647,91.733
2015-02-01,166.772,112.515,106.568,90.766,79.733,140.672,96.563,89.503,105.114,119.342,114.401,93.854,89.455,78.604,103.221,99.552,91.693,103.847,97.927,97.647,92.334
2015-03-01,158.825,112.515,105.82,90.766,81.541,129.92,96.563,89.503,104.933,124.621,112.418,95.983,89.594,78.604,103.52,99.532,91.931,104.785,110.735,97.647,92.709
2015-04-01,160.953,112.515,106.183,93.923,78.741,123.547,96.371,89.431,105.423,124.659,115.967,97.014,94.805,78.604,101.796,95.5,91.931,104.993,107.868,97.647,92.719
2015-05-01,158.478,112.515,107.702,94.12,78.741,136.977,96.573,97.667,104.794,128.684,114.378,97.291,94.405,78.604,103.045,95.19,91.931,105.191,109.211,97.647,92.756
2015-06-01,160.339,112.515,107.51,93.83,78.741,128.193,96.053,91.762,104.4,129.115,117.196,98.255,94.127,78.604,102.994,98.757,91.931,104.514,108.806,97.647,92.709
2015-07-01,156.838,112.515,107.617,93.82,78.741,119.557,96.044,89.24,106.903,129.216,116.558,94.637,94.479,78.604,103.18,98.757,91.931,104.336,110.49,97.647,95.29
2015-08-01,155.324,112.515,107.67,94.101,80.349,140.244,95.793,90.102,106.402,129.317,117.787,93.406,94.647,78.604,103.448,98.757,91.931,104.816,103.212,97.647,95.112
2015-09-01,154.536,112.515,107.585,94.242,80.349,141.69,95.793,90.447,106.935,128.963,113.427,93.663,92.325,78.604,104.016,95.878,91.931,104.201,101.315,97.647,95.29
2015-10-01,152.785,112.515,107.135,94.617,83.141,135.116,95.774,90.447,107.073,128.672,117.451,93.157,92.102,78.604,104.016,93.077,90.221,104.43,107.016,97.647,95.272
2015-11-01,152.722,104.39,107.274,96.856,83.141,138.61,95.928,90.447,110.662,128.52,117.938,95.277,96.783,78.604,104.264,94.279,90.221,102.669,108.337,97.647,95.3
2015-12-01,153.069,110.088,107.414,96.416,83.141,141.315,96.977,90.447,110.758,128.406,117.115,95.42,92.826,78.604,102.415,94.279,90.221,103.304,110.948,97.647,95.14
2016-01-01,150.404,109.287,107.21,96.387,83.141,143.069,96.977,90.447,109.778,128.773,119.26,98.313,98.018,78.604,102.56,91.982,90.221,103.169,111.982,97.647,95.131
2016-02-01,147.944,109.087,107.071,96.013,83.141,142.333,96.977,90.447,107.787,128.963,120.141,99.067,100.117,78.604,103.861,91.982,90.221,102.398,109.083,97.647,98.482
2016-03-01,147.282,109.087,106.183,95.151,86.614,129.733,96.977,90.447,108.852,136.318,124.05,100.251,100.498,79.241,103.314,91.982,92.352,103.242,110.234,97.647,98.482
2016-04-01,144.506,109.087,104.226,94.963,86.614,139.293,97.016,90.474,108.724,135.976,122.182,99.267,100.804,81.677,103.438,99.435,92.352,102.252,110.522,97.647,98.463
2016-05-01,145.453,109.087,105.135,95.113,86.614,124.056,97.016,95.563,109.395,133.647,119.376,99.267,99.42,81.677,107.382,99.435,92.352,103.794,109.861,97.647,98.463
2016-06-01,145.153,109.087,104.921,95.366,86.614,133.683,97.016,95.635,107.702,134.951,116.987,99.554,99.3,81.677,106.133,99.435,92.352,102.919,110.799,97.647,98.472
2016-07-01,146.493,109.087,104.9,95.61,86.614,116.624,96.765,92.968,107.414,132.267,121.823,99.42,100.693,81.677,106.36,99.435,92.352,100.49,106.536,97.647,98.472
2016-08-01,145.09,109.087,104.675,95.835,86.614,139.561,97.016,93.041,106.317,132.254,119.179,99.42,101.018,83.517,106.195,99.435,92.352,102.721,106.824,97.647,98.388
2016-09-01,143.86,112.381,104.654,96.753,86.614,131.849,96.987,93.857,105.838,134.989,118.634,99.716,100.869,83.517,106.009,99.881,92.352,103.096,95.284,97.647,98.134
2016-10-01,142.945,109.565,103.606,96.734,86.614,123.908,96.842,93.857,105.689,135.141,109.183,99.544,102.597,83.517,105.792,99.881,95.544,98.697,103.606,97.647,98.989
2016-11-01,134.178,94.452,104.119,95.422,91.359,124.35,96.987,93.857,102.845,134.027,110.481,100.203,101.324,83.517,105.782,96.751,95.544,101.73,106.877,97.647,98.501
2016-12-01,132.585,93.439,104.001,97.577,91.359,121.927,96.987,93.857,102.132,146.117,110.748,97.052,99.69,83.517,105.792,96.751,95.544,99.52,103.51,97.647,96.698
2017-01-01,131.182,90.913,104.29,98.645,91.487,116.25,96.987,93.857,105.188,191.058,110.887,97.692,102.076,83.532,106.732,96.625,95.69,100.552,109.509,97.725,97.947
2017-02-01,130.583,104.824,103.563,99.198,91.487,121.311,96.987,93.857,105.114,151.497,107.35,98.083,97.702,83.532,106.154,96.625,95.69,101.032,107.73,99.844,98.529
2017-03-01,139.839,104.824,101.359,97.053,91.487,138.811,96.987,93.857,104.251,155.13,112.673,99.764,98.761,83.532,106.071,92.641,95.078,98.217,109.733,99.844,98.547
2017-04-01,139.35,104.824,100.899,99.151,91.487,127.122,96.871,94.501,104.815,154.788,109.565,99.649,102.634,83.532,106.37,96.789,95.078,97.957,107.133,99.844,98.529
2017-05-01,139.35,104.824,101.22,99.723,93.319,129.117,96.775,100.008,104.773,154.295,109.786,100.088,99.253,83.532,107.579,96.789,95.078,100.104,104.032,99.844,98.688
2017-06-01,141.179,104.824,101.488,98.674,93.319,124.324,96.775,100.606,104.986,154.497,111.374,99.401,99.16,83.532,104.987,98.185,95.078,101.105,101.07,102.031,98.726
2017-07-01,129.699,104.824,100.343,98.243,93.319,120.588,96.775,100.643,104.815,147.041,111.63,95.964,97.489,83.532,108.343,101.209,95.078,101.126,101.667,99.912,99.026
2017-08-01,128.58,104.824,99.113,98.852,93.319,127.176,96.775,100.298,103.112,145.231,112.847,95.935,98.334,83.532,108.178,101.209,91.062,101.96,106.462,99.912,99.082
2017-09-01,125.316,102.654,100.151,98.664,93.319,135.383,96.775,100.307,102.76,143.205,114.192,95.84,97.359,87.313,105.327,101.209,91.062,101.282,107.975,99.912,99.073
2017-10-01,125.395,104.891,99.477,99.695,93.319,127.042,96.775,100.307,102.686,141.04,116.164,98.332,98.427,87.313,105.73,101.209,92.883,101.543,107.858,99.912,99.073
2017-11-01,122.824,99.293,99.188,100.463,93.471,145.76,96.775,100.307,103.303,142.445,109.113,98.332,99.866,87.313,105.885,101.209,92.883,101.584,101.411,99.912,99.092
2017-12-01,122.903,101.909,99.028,100.988,93.471,145.76,96.775,100.307,102.92,133.584,111.525,98.064,100.516,87.313,106.247,101.422,92.883,101.313,109.009,99.912,98.989
2018-01-01,121.452,99.839,98.257,98.823,93.471,155.99,96.775,100.307,103.452,136.837,122.925,97.988,101.881,88.288,105.018,98.427,92.883,101.657,107.602,99.912,99.036
2018-02-01,120.569,100.428,97.904,100.154,97.04,126.278,96.775,100.307,102.441,131.621,128.769,97.854,98.306,88.532,105.379,98.427,98.16,100.594,93.909,99.912,99.12
2018-03-01,120.049,100.428,97.872,100.135,98.688,130.309,96.775,100.307,101.067,133.014,126.207,98.58,98.454,88.532,105.906,98.427,94.492,101.022,107.645,99.912,99.27
2018-04-01,119.592,100.428,97.744,99.685,98.688,116.892,96.775,99.001,101.184,134.558,125.488,98.771,99.207,88.532,105.503,101.849,94.492,101.355,105.236,99.912,99.599
2018-05-01,117.589,100.428,97.744,99.685,98.688,143.618,96.775,99.944,101.535,114.493,125.94,98.647,98.575,88.532,105.379,101.849,94.492,100.177,106.824,99.912,99.552
2018-06-01,117.51,100.428,97.669,99.807,98.688,112.393,96.775,99.799,101.493,112.24,120.199,97.788,96.95,88.532,105.617,101.829,94.492,101.647,106.398,99.912,99.89
2018-07-01,121.61,100.428,98.728,100.36,98.688,130.054,96.775,98.865,100.726,111.404,119.805,98.828,96.959,88.587,104.491,99.387,94.492,98.801,104.054,100.674,98.998
2018-08-01,119.529,100.428,99.883,101.166,98.688,137.767,96.775,99.273,101.056,110.746,121.301,98.561,96.876,88.587,104.491,99.387,94.492,100.292,103.127,100.674,99.655
2018-09-01,115.318,103.645,99.391,101.475,98.688,109.046,96.775,99.745,100.875,104.644,120.791,100.146,96.337,88.587,104.605,99.387,94.492,100.104,91.64,100.674,99.815
2018-10-01,114.088,105.67,99.284,98.036,98.688,115.875,96.775,99.745,100.822,101.922,123.191,100.795,95.613,88.587,104.636,99.387,95.69,101.063,105.929,100.674,99.88
2018-11-01,111.029,100.684,99.092,98.608,90.11,115.567,96.775,99.745,100.524,102.492,124.166,99.458,97.554,100.0,103.469,99.435,95.69,100.573,98.172,100.674,99.693
2018-12-01,110.114,99.805,99.167,100.931,88.542,115.834,96.775,99.745,100.268,99.251,109.716,99.907,96.291,100.0,103.448,99.435,95.69,100.573,106.259,100.674,99.317
2019-01-01,112.18,102.487,98.76,101.868,102.936,104.815,96.775,99.745,100.534,97.555,119.388,98.933,96.792,100.0,102.219,99.435,95.69,100.438,97.831,100.674,99.618
2019-02-01,111.139,104.057,100.45,100.885,102.936,136.401,96.775,99.745,100.566,98.517,118.483,99.134,96.792,100.0,102.457,96.906,95.69,97.602,100.825,100.674,99.693
2019-03-01,111.061,104.057,101.167,100.285,102.936,119.356,96.775,99.745,100.438,98.036,111.2,99.687,98.417,100.0,100.495,96.906,96.596,99.833,101.145,100.674,99.636
2019-04-01,111.297,104.057,100.386,102.524,102.936,130.603,96.775,104.307,100.066,96.972,108.348,101.406,98.009,100.0,102.942,99.416,96.596,100.636,100.09,100.674,99.524
2019-05-01,114.325,104.057,99.188,100.032,91.847,112.259,96.775,103.709,99.991,99.795,110.887,101.348,97.897,100.0,102.777,99.416,96.596,100.876,106.174,100.674,99.599
2019-06-01,114.041,104.057,99.113,100.201,89.23,112.942,96.775,103.346,99.991,92.2,106.829,101.434,97.628,100.0,102.932,99.416,96.596,101.23,103.745,100.674,99.618
2019-07-01,113.095,104.057,97.733,100.313,102.936,117.91,96.775,103.699,99.927,92.643,107.942,100.795,97.489,100.0,100.309,97.604,96.596,100.824,105.343,100.674,99.261
2019-08-01,103.507,104.057,98.118,100.032,102.936,113.491,96.775,101.132,99.821,92.795,105.541,100.747,96.866,100.0,102.808,100.056,96.596,99.771,108.55,100.293,98.801
2019-09-01,104.233,103.099,98.076,99.732,102.936,101.856,96.775,101.241,100.193,93.225,100.485,100.852,97.08,100.0,99.132,101.859,96.596,101.095,87.175,100.293,98.604
2019-10-01,103.996,103.734,99.167,100.81,102.936,108.109,96.775,101.241,99.874,92.719,101.656,100.728,97.776,100.0,102.292,101.859,96.596,99.792,105.844,100.293,98.876
2019-11-01,104.028,99.883,99.68,100.482,102.936,92.429,96.775,101.241,99.65,92.579,108.023,100.814,97.832,100.0,102.405,98.243,98.389,99.844,89.679,100.293,99.683
2019-12-01,104.28,99.215,99.894,100.285,102.936,98.83,96.775,101.241,100.002,92.364,106.759,100.317,97.869,100.0,102.973,98.243,98.389,101.616,106.249,100.293,99.693
2020-01-01,99.62,101.61,101.22,101.68,100.0,118.92,96.77,101.84,102.85,95.99,98.47,100.15,94.33,100.0,101.61,96.36,98.42,101.22,89.21,100.31,99.74
2020-02-01,99.06,98.81,101.61,100.66,100.0,111.36,96.77,101.84,102.63,98.51,106.01,100.11,94.22,100.0,100.14,96.36,98.42,100.98,106.37,100.31,99.89
2020-03-01,97.96,98.81,101.1,99.16,100.0,99.08,96.77,101.84,102.7,101.27,107.5,100.17,94.75,100.0,98.9,96.36,98.42,101.01,99.22,100.31,99.96
2020-04-01,97.79,98.81,101.1,98.78,100.0,99.08,100.0,103.27,99.13,100.19,104.09,99.28,100.21,100.0,100.1,99.36,98.42,101.03,98.52,100.31,99.95
2020-05-01,105.89,98.81,100.58,100.66,100.0,95.71,100.0,100.25,98.31,99.17,104.47,99.28,98.86,100.0,99.46,99.36,98.42,100.43,106.34,100.31,100.08
2020-06-01,105.09,98.81,98.87,101.11,100.0,94.32,100.0,99.59,98.17,102.09,101.98,100.01,103.85,100.0,99.29,102.22,101.13,100.67,105.58,100.31,100.08
2020-07-01,100.91,98.81,98.86,99.57,100.0,93.3,100.0,97.61,98.27,102.03,104.15,100.51,102.67,100.0,100.62,102.22,101.13,99.89,105.62,99.51,100.09
2020-08-01,99.75,98.81,99.67,99.55,100.0,93.3,100.0,98.11,99.47,100.49,98.89,99.79,102.48,100.0,100.04,102.22,101.13,98.72,102.44,99.51,99.96
2020-09-01,98.49,98.35,98.92,99.77,100.0,91.88,100.0,98.91,99.67,99.83,94.88,100.26,97.89,100.0,99.27,102.22,101.13,98.87,88.16,99.51,100.08
2020-10-01,100.01,104.41,99.48,99.72,100.0,101.08,100.0,98.91,99.6,100.23,90.81,99.33,102.99,100.0,100.65,101.29,101.13,99.21,99.79,99.51,100.09
2020-11-01,96.97,102.56,98.12,99.55,100.0,101.52,104.84,98.91,99.57,100.19,94.49,99.48,103.17,100.0,100.63,101.29,101.13,99.14,94.32,99.51,100.02
2020-12-01,98.45,101.41,100.46,99.8,100.0,100.45,104.84,98.91,99.62,100.01,94.25,101.63,104.55,100.0,99.3,100.76,101.13,98.84,104.43,100.56,100.06
2021-01-01,96.93,102.03,101.05,99.34,100.0,100.26,104.84,98.91,98.37,99.42,94.53,99.7,102.54,100.0,100.49,93.74,101.13,99.15,105.63,100.56,100.05
2021-02-01,97.81,100.64,100.2,98.98,95.03,93.23,104.84,98.91,97.57,100.41,93.59,98.47,101.73,100.0,101.36,93.6,101.13,100.36,97.54,100.56,98.86
2021-03-01,97.15,100.64,99.94,94.0,83.43,92.77,104.84,98.91,97.4,94.72,94.07,97.94,101.57,100.0,100.63,93.6,101.13,100.12,99.88,100.56,99.44
2021-04-01,100.5,100.64,100.6,90.48,90.13,95.76,104.84,101.6,97.23,95.66,88.41,98.3,100.62,101.18,99.2,93.6,101.13,100.54,98.36,100.56,100.31
2021-05-01,102.04,100.64,99.17,91.16,90.13,97.96,104.84,98.18,94.99,100.31,93.79,95.7,100.42,108.23,97.64,91.75,101.13,100.27,99.86,100.56,100.1
2021-06-01,97.7,100.64,99.17,89.55,92.63,99.83,104.84,94.74,94.21,94.22,103.64,93.75,100.02,108.23,97.9,91.75,101.13,100.7,104.65,100.56,99.53
2021-07-01,96.89,100.64,100.63,89.64,100.65,102.54,104.84,95.72,94.32,95.78,104.58,94.27,100.9,109.07,98.41,91.75,101.13,100.52,102.12,100.56,98.3
2021-08-01,97.5,100.64,101.76,88.75,100.65,102.26,104.84,98.46,99.31,93.86,105.56,93.97,96.59,109.07,96.79,91.75,101.13,100.33,103.33,100.56,96.97
2021-09-01,96.89,103.51,102.13,89.44,108.48,101.97,104.84,98.41,99.22,93.86,103.36,93.58,93.07,109.07,97.16,91.75,101.13,100.38,94.87,100.56,98.57
2021-10-01,97.27,107.83,102.07,89.02,108.48,105.57,104.84,98.41,100.09,99.81,102.42,96.75,94.61,109.07,97.43,89.52,101.13,101.52,106.4,100.56,99.37
2021-11-01,96.84,106.29,102.33,89.52,108.48,109.58,104.84,98.41,99.08,97.25,105.09,96.37,95.38,112.78,97.71,94.85,101.13,101.79,90.62,100.56,99.45
2021-12-01,96.3,104.57,103.71,88.5,114.77,110.29,104.84,98.41,100.78,101.1,102.63,93.39,94.85,112.78,98.62,94.85,101.13,101.25,112.76,100.56,99.38
2022-01-01,96.4,103.65,102.62,88.34,114.67,112.76,104.84,98.52,100.81,100.21,105.86,94.7,92.69,112.78,97.0,94.95,101.25,103.57,100.51,100.69,99.76
2022-02-01,95.75,104.23,103.04,88.25,114.67,108.51,104.84,98.52,100.13,100.39,104.87,94.27,94.79,112.78,97.64,94.95,101.25,103.82,116.92,100.69,99.89
2022-03-01,95.92,104.23,103.0,88.43,114.67,107.54,104.84,98.52,100.0,96.97,100.55,94.49,96.51,112.78,97.51,94.05,93.96,104.01,105.11,100.69,99.62
2022-04-01,95.54,104.23,106.87,88.54,117.32,106.43,104.84,103.42,100.06,101.83,103.39,93.16,97.89,112.78,95.94,94.17,101.07,103.9,112.64,100.69,99.67
2022-05-01,95.68,104.23,105.11,89.4,98.87,105.67,104.84,104.15,100.06,96.85,96.88,92.3,95.93,112.78,95.61,94.17,101.07,103.78,116.4,100.69,99.28
2022-06-01,95.77,104.23,104.23,89.31,98.87,106.82,104.84,102.75,99.15,96.85,101.81,94.43,92.44,112.78,95.5,94.17,108.04,106.49,116.86,102.69,99.76
2022-07-01,96.27,104.23,104.95,90.07,98.87,103.73,104.84,103.63,98.98,96.83,89.48,95.33,93.69,112.78,95.0,94.17,108.04,106.12,118.79,101.85,99.65
2022-08-01,96.74,104.23,104.71,91.19,98.87,97.23,104.84,103.52,99.3,98.2,91.45,95.38,93.44,112.78,93.24,94.17,111.15,105.54,118.08,101.85,98.02
2022-09-01,96.42,103.81,102.86,90.9,117.32,101.52,109.68,103.47,99.58,98.5,91.29,95.33,93.31,112.78,90.61,95.25,111.15,106.16,104.08,101.85,98.0
2022-10-01,95.4,105.79,103.0,91.5,114.25,98.22,109.68,103.47,99.45,104.75,120.18,95.46,93.37,112.78,91.58,98.87,111.15,106.42,115.95,101.85,99.76
2022-11-01,96.08,105.83,102.44,91.07,117.32,101.44,109.68,103.47,101.22,104.76,120.65,95.34,93.41,112.78,91.19,98.87,111.15,105.97,100.77,101.85,100.3
2022-12-01,96.4,104.77,103.55,89.4,117.32,102.04,109.68,103.47,101.14,107.73,120.68,90.66,94.45,112.78,91.29,98.87,111.15,106.13,117.89,101.85,98.86
2023-01-01,95.05,108.61,103.6,91.15,117.32,110.38,109.68,103.47,101.19,103.54,120.34,96.41,100.75,120.43,91.9,98.87,111.15,107.17,98.48,101.85,100.34
2023-02-01,94.63,108.2,100.7,91.36,117.32,111.52,117.75,103.47,100.96,122.79,120.95,96.4,100.62,120.43,91.34,98.87,111.15,106.98,119.49,101.85,100.33
2023-03-01,94.71,108.2,99.44,91.43,119.1,114.04,117.75,103.47,100.71,119.93,117.69,97.37,99.16,120.43,92.14,98.87,111.15,107.16,118.5,101.85,100.72
2023-04-01,96.19,108.2,99.7,94.13,119.1,114.54,117.75,107.68,101.0,135.97,117.56,96.97,98.82,120.43,93.48,98.87,111.15,107.19,117.82,101.85,101.24
2023-05-01,95.89,108.2,99.7,94.13,119.1,114.54,117.75,107.68,100.62,135.97,113.76,96.97,98.82,120.43,93.75,98.87,111.15,107.01,120.19,101.85,101.23
2023-06-01,95.66,108.2,102.06,94.64,119.1,114.11,117.75,108.65,100.11,132.72,117.18,96.64,99.37,120.44,93.43,98.87,111.15,106.93,119.42,101.85,101.26
2023-07-01,90.59,108.2,99.56,94.57,125.92,113.91,122.94,103.34,100.19,105.06,115.98,97.18,98.83,120.44,92.97,98.87,111.15,105.19,123.38,101.85,101.21
2023-08-01,93.23,108.2,99.48,94.59,125.92,113.81,122.94,108.09,100.02,105.06,114.05,96.43,97.97,120.44,92.79,98.87,111.15,106.08,125.37,101.85,101.29
2023-09-01,92.67,105.15,99.46,90.96,125.92,113.46,122.94,108.38,100.15,105.06,115.22,97.21,97.59,120.44,94.12,99.63,111.15,105.72,113.11,101.85,101.37
2023-10-01,92.6,105.75,99.06,96.45,125.92,113.51,122.94,108.38,101.25,105.06,117.18,98.46,97.85,120.44,94.89,99.63,111.15,105.68,125.69,101.85,100.65
2023-11-01,93.07,105.75,98.16,96.21,125.92,115.4,122.94,108.38,101.09,109.94,117.99,98.44,97.55,120.44,93.59,99.63,111.15,106.29,109.29,101.85,100.14
2023-12-01,92.52,107.27,100.82,96.46,125.92,114.71,122.94,108.38,102.52,109.94,117.73,97.83,97.45,120.44,93.48,99.63,111.15,106.28,122.64,101.85,99.12
2024-01-01,93.02,106.46,101.48,96.64,125.92,115.29,122.94,108.38,102.09,109.94,100.41,98.29,96.94,120.44,93.81,99.63,111.15,106.16,113.2,101.85,100.68
2024-02-01,92.73,106.88,102.41,96.96,125.92,114.89,122.94,108.38,102.49,110.16,101.57,97.67,97.36,123.21,94.15,99.63,111.15,105.56,105.96,101.85,98.87
2024-03-01,93.07,106.88,99.66,96.98,125.92,115.38,122.94,108.38,102.51,110.09,101.83,97.98,96.38,123.21,94.0,99.63,111.15,105.83,124.3,101.85,100.63
2024-04-01,93.37,106.88,97.83,98.14,125.92,116.71,122.94,109.91,102.58,115.53,116.99,98.59,95.24,123.21,92.48,99.63,111.15,105.82,119.19,101.85,101.15
2024-05-01,92.32,106.88,97.48,98.2,125.92,107.18,122.94,108.84,102.66,115.48,109.88,97.35,97.43,123.21,92.28,99.63,111.15,106.88,122.08,101.85,100.0
2024-06-01,92.84,106.88,98.02,98.81,125.92,105.75,122.94,105.64,102.6,115.45,104.94,97.35,97.0,123.21,91.89,99.63,111.15,106.57,112.46,101.85,101.23
2024-07-01,90.94,106.88,96.33,100.57,125.92,105.83,122.94,108.76,102.54,115.14,104.21,97.89,97.38,123.21,92.87,99.63,111.15,106.65,123.04,101.85,100.73
2024-08-01,89.65,106.88,95.96,96.2,125.92,105.28,122.94,105.5,97.3,131.87,101.76,97.24,100.64,123.28,91.34,99.63,111.15,106.89,122.63,101.85,100.68
2024-09-01,89.64,107.73,96.41,95.27,127.32,106.43,122.94,106.27,97.38,131.71,104.01,96.83,100.04,125.3,90.64,99.63,111.15,107.12,106.7,101.85,98.65
2024-10-01,88.43,108.43,98.6,95.04,120.46,113.45,122.94,106.27,96.66,131.81,103.56,97.12,99.75,125.3,89.1,99.63,111.15,106.82,122.66,101.88,100.74
2024-11-01,88.43,103.86,97.61,94.98,120.46,103.47,122.94,106.27,97.5,131.64,105.04,97.13,99.05,125.3,88.47,99.63,111.15,106.98,115.7,101.88,100.48
2024-12-01,88.4,104.04,99.7,94.45,127.32,112.61,122.94,106.27,96.82,131.5,102.96,96.98,97.91,125.3,91.41,99.63,111.15,106.85,125.3,101.88,98.26
2025-01-01,88.87,103.59,99.71,93.91,127.32,112.82,122.94,106.27,97.43,131.24,104.41,97.54,95.4,125.3,90.76,99.63,116.5,106.69,120.39,101.88,100.84
2025-02-01,87.51,102.45,99.67,94.97,131.05,105.78,122.94,106.27,97.07,131.34,104.69,97.11,95.27,127.77,92.08,99.63,116.88,106.98,124.21,101.88,101.15
