date,cpi_kr,core_cpi_kr,unemployment_seasonal_kr,unemployment_raw_kr,employment_rate_kr,base_rate_kr,m2_money_supply_kr,cd_rate_kr,gov_bond_3y_kr,usd_krw_exchange_rate_kr,gdp_kr,ppi_kr,industrial_production_index_kr,facility_investment_index_kr,manufacturing_utilization_rate_kr,retail_sales_index_kr,services_output_index_kr,economic_sentiment_raw_kr,economic_sentiment_seasonal_kr,import_price_index_kr,import_value_index_kr,export_value_index_kr,trade_balance_kr,jeonse_index_kr,brent_oil,wti_oil_price,gold_price,kospi_index_kr,cpi_us,base_rate_us,unemployment_us
2005-01-01,73.59,74.98,3.8,4.3,58.4,3.25,960.04 ,3.47,3.65,1026.5,311097.1,83.26,66.9,59.1,116.27,61.4,67,95.7,99,83.28,50.33,50.28,-0.05,55.79,45.92,48.2,424.1,932.7,191.6,2.28,5.3
2005-02-01,73.89,75.13,3.6,4.3,58.3,3.25,964.34 ,3.59,4.19,1004.5,313041.43,83.42,66.4,57.2,110.9,62.2,67.5,109.2,100.5,83.23,47.77,45.47,-2.3,55.91,50.06,51.75,437.6,1011.36,192.4,2.5,5.4
2005-03-01,74.34,75.51,3.6,4.1,59.4,3.25,973.60 ,3.55,4.04,1017.5,314985.77,83.5,67.6,56.3,114.02,62.7,67.4,111.9,102.2,84.54,58.91,56.48,-2.43,56.19,54.29,55.4,431.1,965.68,193.1,2.63,5.2
2005-04-01,74.41,75.58,3.7,3.8,60.3,3.25,978.20 ,3.52,3.86,997.1,316930.1,83.73,67.2,56.8,111.04,63.3,67.3,111.4,103.6,85.6,55.07,52.46,-2.61,56.43,51.09,49.72,436.1,911.3,193.7,2.79,5.2
2005-05-01,74.34,75.58,3.7,3.6,60.8,3.25,986.28 ,3.51,3.71,1007.5,318413.17,83.19,67.3,57.9,107.8,63.3,67.5,104.6,104.9,83.69,54.65,52.97,-1.68,56.51,50.73,51.97,418.9,970.21,193.6,3,5.1
2005-06-01,74.11,75.58,3.8,3.6,60.8,3.25,992.83 ,3.51,3.79,1035.5,319896.23,82.81,67.7,59.9,109.11,63.6,68.3,102.6,106,84.92,54.46,54.87,0.41,56.61,55.58,56.5,437.1,1008.16,193.7,3.04,5
2005-07-01,74.41,75.58,3.8,3.7,60.6,3.25,1002.08 ,3.51,4.12,1023.3,321379.3,83.32,68,62.6,108.51,64.1,68.5,99.6,106.9,87.18,54.95,54.29,-0.66,56.66,59.37,60.57,435.8,1111.29,194.9,3.26,5
2005-08-01,74.64,75.74,3.7,3.6,59.7,3.25,1012.82 ,3.5,4.33,1038.5,322608.5,83.55,68.4,57.8,109.26,64.3,68.9,104.1,107.9,88.01,56.4,53.61,-2.79,56.79,67.02,68.94,438.1,1083.33,196.1,3.5,4.9
2005-09-01,75.01,75.74,4,3.6,60.2,3.25,1011.66 ,3.7,4.52,1043.5,323837.7,83.92,68.6,58,110,64.5,68.8,107.4,108.9,89.31,58.79,56.61,-2.18,57.26,63.48,66.24,472.3,1221.01,198.8,3.62,5
2005-10-01,74.86,75.74,3.9,3.6,60.5,3.5,1012.78 ,3.93,4.81,1043.4,325066.9,84.14,69.2,60.5,113.13,64.6,69.1,105.9,109.9,88.81,58.55,58.13,-0.42,57.65,58.1,59.76,466.9,1158.11,199.1,3.78,5
2005-11-01,74.56,75.81,3.6,3.3,60.5,3.5,1013.06 ,3.96,5.1,1037.5,326789.4,83.9,70.8,61.6,116.69,66.1,70.2,110.2,110.8,86.83,60.82,60.56,-0.26,57.77,55.05,57.32,498.7,1297.44,198.1,4,5
2005-12-01,74.79,75.96,3.6,3.5,59.2,3.75,1019.84 ,4.04,5.06,1007.5,328511.9,83.66,69.6,63.5,112.98,68.1,69.6,113.2,111.7,85.95,62.18,58.65,-3.53,57.85,58.98,61.04,519.7,1379.37,198.1,4.16,4.9
2006-01-01,75.23,76.11,3.4,3.8,58.5,3.75,1027.24 ,4.15,5.02,959.87,330234.4,83.95,70.8,63.2,116.2,66,71.1,116.3,112.2,85.14,59.24,53.99,-5.25,58.04,65.99,67.92,575.5,1399.83,199.3,4.29,4.7
2006-02-01,75.38,76.34,3.5,4.1,58.3,4,1034.36 ,4.25,4.87,971,331028.87,83.99,70.5,65.3,115.49,66,70.4,117.6,112.4,84.18,60.37,53.67,-6.7,58.31,61.76,61.41,563.9,1371.59,199.4,4.49,4.8
2006-03-01,75.83,76.87,3.5,3.9,59.4,4,1038.73 ,4.27,4.93,971.6,331823.33,83.88,71,66,114.43,67,71.1,117.9,112.2,84.52,66.84,61.75,-5.09,58.75,65.91,66.63,586.7,1359.6,199.7,4.59,4.7
2006-04-01,75.9,76.94,3.5,3.5,60.4,4,1046.40 ,4.33,4.95,943.2,332617.8,84.03,71.7,66.7,112.22,67.3,71.4,116.6,111.8,85.77,63.15,57.84,-5.31,59.07,72.5,71.88,654.5,1419.73,200.7,4.79,4.7
2006-05-01,76.05,77.17,3.4,3.2,60.9,4,1056.94 ,4.36,4.78,945.7,334355.47,84.32,72,67.6,111.95,67.5,71.6,110.6,111.1,87.35,67.81,62.21,-5.6,59.31,70.41,71.29,649,1317.7,201.3,4.94,4.6
2006-06-01,75.9,77.09,3.5,3.4,60.9,4.25,1069.71 ,4.47,4.89,948.75,336093.13,84.17,70.5,62.9,110.5,67.5,71,105.2,110.5,88.15,67.02,62.88,-4.14,59.38,73.51,73.93,616,1295.15,201.8,4.99,4.6
2006-07-01,76.2,77.25,3.5,3.4,60.7,4.25,1081.66 ,4.63,4.89,955.15,337830.8,84.43,69.2,63.9,102.05,64.7,70.5,103.9,109.9,89.38,65.68,59.1,-6.58,59.41,75.15,74.4,646.8,1297.82,202.9,5.24,4.7
2006-08-01,76.65,77.25,3.5,3.4,60,4.5,1088.92 ,4.68,4.77,961.3,338766.03,84.98,72.7,69.1,110.59,66.6,72.3,106.1,109.4,91.01,69.08,63.09,-5.99,59.54,70.25,70.26,634.2,1352.74,203.8,5.25,4.7
2006-09-01,76.87,77.4,3.5,3.2,60.4,4.5,1101.73 ,4.64,4.69,946.25,339701.27,85.26,73,69.2,114.97,66.9,72.3,107.8,109.2,87.85,70.96,70.13,-0.83,60.06,62.48,62.91,604.2,1371.41,202.8,5.25,4.5
2006-10-01,76.5,77.4,3.6,3.3,60.7,4.5,1113.42 ,4.57,4.62,942.25,340636.5,84.47,74.9,69.1,116.36,68.2,73.3,110.1,109.1,86.76,66.04,63.52,-2.52,60.71,59.03,58.73,606.8,1364.55,201.9,5.25,4.4
2006-11-01,76.13,77.55,3.5,3.2,60.6,4.5,1125.62 ,4.6,4.72,929.35,342649.33,84.06,74.6,70.2,116.04,68.1,73.8,110.4,109.2,85.39,68.64,69.63,0.99,61.37,64.26,63.13,652.9,1432.21,202,5.25,4.5
2006-12-01,76.35,77.63,3.4,3.3,59.4,4.5,1135.47 ,4.76,4.82,930,344662.17,83.99,73.2,69.3,111.45,71.1,74,108.2,109.5,85.45,70.56,65.45,-5.11,61.72,60.86,61.05,638,1434.46,203.1,5.24,4.4
2007-01-01,76.5,77.85,3.3,3.6,58.7,4.5,1144.71 ,4.92,4.97,941.5,346675,83.99,73.6,72.8,113.31,68.9,74.2,107.2,110,83.96,71.25,63.31,-7.94,62.07,57.4,58.14,657.9,1360.23,203.44,5.25,4.6
2007-02-01,77.02,78.23,3.1,3.7,58.5,4.5,1153.97 ,4.95,4.91,941.7,348631.2,84.04,75.6,74.9,112.72,71.2,75.4,113.7,110.9,85.51,65.82,60.14,-5.68,62.35,61.89,61.79,672.5,1417.34,204.23,5.26,4.5
2007-03-01,77.46,78.83,3.2,3.5,59.6,4.5,1159.54 ,4.94,4.79,940.85,350587.4,84.4,74.2,71.2,112.24,70.9,74.9,114.2,112.1,88.29,75.71,69.16,-6.55,62.67,68.1,65.87,669,1452.55,205.29,5.26,4.4
2007-04-01,77.76,78.99,3.3,3.4,60.5,4.5,1167.39 ,4.95,4.94,930.85,352543.6,84.99,75,74.9,113.03,70,75.4,115.6,113.4,89.33,75.9,67.9,-8,62.98,67.65,65.71,683.5,1542.24,205.9,5.25,4.5
2007-05-01,77.84,79.06,3.3,3.2,61,4.5,1171.92 ,5.05,5.1,927.75,353935.13,85.47,75.5,70.7,112.89,71.2,76,114.8,114.7,89.78,76.34,68.61,-7.73,63.07,68.04,64.01,666.7,1700.91,206.76,5.25,4.4
2007-06-01,77.84,79.06,3.3,3.2,61.1,4.5,1185.04 ,5.03,5.24,923.9,355326.67,85.64,75.4,70,111.25,70.1,76.7,113.7,115.9,89.52,72.65,69.61,-3.04,63.12,71.41,70.68,650.9,1743.6,207.23,5.25,4.6
2007-07-01,78.13,79.21,3.3,3.3,60.9,4.75,1198.51 ,5.05,5.35,919.35,356718.2,85.75,76.5,68,109.39,69.6,77.3,115.3,116.7,89.5,75.05,71.22,-3.83,63.23,77.05,78.21,679.3,1933.27,207.6,5.26,4.7
2007-08-01,78.21,79.29,3.3,3.1,60.1,5,1211.90 ,5.21,5.28,938.35,359059.57,85.7,78.1,71.2,112.16,70.4,78.3,117.8,117.1,90.35,75.6,71.9,-3.7,63.35,72.69,74.04,681.9,1873.24,207.67,5.02,4.6
2007-09-01,78.66,79.29,3.3,3,60.5,5,1221.15 ,5.34,5.39,915.15,361400.93,86.11,76.6,65.8,110.51,71.8,77.2,117.2,116.9,92.44,69.78,68.14,-1.64,63.63,79.17,81.66,750,1946.48,208.55,4.94,4.7
2007-10-01,78.8,79.44,3.3,3,60.7,5,1233.92 ,5.34,5.42,900.8,363742.3,86.29,79,70,116.82,71.6,78.4,115.7,116.3,93.3,83.99,80.06,-3.93,63.85,90.63,94.53,795.3,2064.85,209.19,4.76,4.7
2007-11-01,78.8,79.51,3.3,3,60.7,5,1250.95 ,5.43,5.54,921.15,364656.47,86.64,78.9,74.2,116.29,71.7,78.6,114.8,115.2,97.08,86.78,80.9,-5.88,64.02,88.26,88.71,789.1,1906,210.83,4.49,4.7
2007-12-01,79.1,79.66,3.2,3.1,59.4,5,1266.14 ,5.73,5.89,936,365570.63,86.99,79,75.8,114.3,72.4,78.6,112.2,113.9,98.73,86.56,73.92,-12.64,64.1,93.85,95.98,838,1897.13,211.45,4.24,5
2008-01-01,79.47,80.04,3,3.3,58.6,5,1286.03 ,5.81,5.44,943.85,366484.8,87.48,79.8,73,117.29,72.9,80.1,112.3,112.2,101.74,93.24,73.86,-19.38,64.25,92.21,91.75,928,1624.68,212.17,3.94,5
2008-02-01,79.77,80.35,2.9,3.5,58.3,5,1311.93 ,5.28,5.06,939.05,366929.47,88.29,79.7,72.2,114.23,72,79.9,114.7,110.3,104.5,84.45,69.26,-15.19,64.46,100.1,101.84,975,1711.62,212.69,2.98,4.9
2008-03-01,80.52,81.25,3,3.4,59.3,5,1328.75 ,5.25,5.15,990.35,367374.13,89.44,79.3,71.6,115.82,72.9,79.9,107.3,108.1,113.03,95.78,82.18,-13.6,64.98,100.3,101.58,921.5,1703.99,213.45,2.61,5.1
2008-04-01,80.96,81.4,3.1,3.2,60.3,5,1344.40 ,5.38,4.98,1003,367818.8,91.34,79.9,74.2,116.6,73.2,80,109,105.6,117.32,98.08,84.54,-13.54,65.51,111.36,113.46,865.1,1825.47,213.94,2.28,5
2008-05-01,81.63,81.71,3.1,3.1,60.8,5,1359.57 ,5.36,5.28,1028.25,368632.57,93.18,79.7,71.5,112.24,72.3,79.9,104.1,102.9,129.85,98.94,85.03,-13.91,65.81,127.78,127.35,891.5,1852.02,215.21,1.98,5.4
2008-06-01,82.15,81.86,3.2,3.1,60.8,5,1369.71 ,5.36,5.7,1051,369446.33,94.67,78,71.2,111.7,69.6,79.2,99.3,99.7,133.35,97.68,84.2,-13.48,66.23,139.83,140,928.3,1674.92,217.46,2,5.6
2008-07-01,82.75,82.24,3.2,3.1,60.6,5,1376.46 ,5.52,5.96,1012.25,370260.1,96.52,79.2,72.8,109.45,71.3,80.2,93.8,96.1,134.79,110.4,91.76,-18.64,66.49,123.98,124.08,922.7,1594.67,219.02,2.01,5.8
2008-08-01,82.6,82.24,3.3,3.1,59.8,5.25,1384.31 ,5.77,5.77,1089.25,366096.13,96.24,79.4,72.8,108.97,71.7,80.3,102.4,92.1,128.86,104.31,80.78,-23.53,66.7,114.05,115.46,835.2,1474.24,218.69,2,6.1
2008-09-01,82.67,82.54,3.2,3,60,5.25,1394.43 ,5.79,5.81,1206.95,361932.17,95.85,78.6,69.2,107.66,70.2,79.6,98.5,87.6,131.84,101.18,82.86,-18.32,67.07,98.17,100.64,880.8,1448.06,218.88,1.81,6.1
2008-10-01,82.6,82.61,3.3,3,60.2,4.25,1405.25 ,6.03,5.09,1282.5,357768.2,95.59,78.4,68.6,111.24,69.2,79.2,82.7,83,137.25,91.42,80.76,-10.66,67.21,65.32,67.81,718.2,1113.06,217,0.97,6.5
2008-11-01,82.38,82.92,3.4,3,60.1,4,1421.37 ,5.62,4.97,1469,358082.7,93.37,75.1,62.7,98.57,68.5,78.4,71.4,79.1,128.16,73.32,61.14,-12.18,66.97,53.49,54.43,819,1076.07,213.15,0.39,6.8
2008-12-01,82.38,83.22,3.4,3.3,58.6,3,1430.34 ,4.68,3.97,1263,358397.2,91.8,71.8,59.9,88.18,68.5,77.1,61.2,76.6,120.86,67.84,54.19,-13.65,66.15,45.59,44.6,884.3,1124.47,211.4,0.16,7.3
2009-01-01,82.45,83.22,3.3,3.6,57.5,2.5,1437.95 ,3.22,3.44,1381.5,358711.7,91.54,73.7,52.6,88.3,69.8,79.3,68,76,118.69,64.06,45.73,-18.33,65.5,45.88,41.68,928.4,1162.11,211.93,0.15,7.8
2009-02-01,83.05,83.6,3.3,3.9,57.1,2,1466.32 ,2.7,3.78,1533.45,360328.13,92.16,76.2,59.5,96.61,71.6,79.5,70.6,77.4,123.34,57.26,51.85,-5.41,65.34,46.35,44.76,942.5,1063.03,212.71,0.22,8.3
2009-03-01,83.64,83.97,3.6,4,58,2,1477.99 ,2.45,3.69,1374.05,361944.57,92.59,75.9,56.6,99.21,70.7,78.4,73.4,80.6,124.95,60.93,58.49,-2.44,65.38,49.23,49.66,925,1206.26,212.5,0.18,8.7
2009-04-01,83.86,83.9,3.7,3.8,59,2,1487.30 ,2.42,3.76,1278,363561,92.7,78.6,57.9,102.98,70.9,80.4,91.1,85.2,115.25,63.02,62.35,-0.67,65.49,50.8,51.12,891.2,1369.36,212.71,0.15,9
2009-05-01,83.86,84.2,3.9,3.8,59.4,2,1496.34 ,2.41,3.83,1258.25,367258,91.99,77.9,60.9,103.14,73.4,80.2,96.3,90.4,111.75,58.97,59.31,0.34,65.66,65.52,66.31,980.3,1395.89,213.02,0.18,9.4
2009-06-01,83.79,84.35,3.9,3.8,60,2,1500.85 ,2.41,4.09,1274.8,370955,91.75,79.8,64,106.72,73.3,80.7,99.4,95.7,117.47,65.67,65.4,-0.27,65.8,69.3,69.89,927.4,1390.07,214.79,0.21,9.5
2009-07-01,84.09,84.43,3.8,3.7,59.5,2,1512.27 ,2.41,4.09,1222.7,374652,92.8,79.8,61.7,108.19,71.7,81.3,100.5,100.6,117.44,70.35,69.75,-0.6,66.02,71.7,69.45,955.8,1557.29,214.73,0.16,9.5
2009-08-01,84.38,84.5,3.8,3.7,59,2,1521.35 ,2.48,4.42,1249.5,375566.77,93.33,80.2,61,107.6,72,81.6,109,104.8,119.86,70.3,64.78,-5.52,66.33,69.65,69.96,953.5,1591.85,215.45,0.16,9.6
2009-09-01,84.46,84.65,3.7,3.3,59.4,2,1531.79 ,2.64,4.4,1176.5,376481.53,93.42,82.6,71.9,111.89,74.1,82,110.6,108.2,117.54,75.51,74.78,-0.73,67.26,69.07,70.61,1009.3,1673.14,215.86,0.15,9.8
2009-10-01,84.24,84.65,3.6,3.2,59.4,2,1547.42 ,2.79,4.47,1186.6,377396.3,92.67,81.1,65.4,109.92,75.4,82.2,113.3,110.8,116.25,78.17,74.32,-3.85,67.72,75.2,77,1040.4,1580.69,216.51,0.12,10
2009-11-01,84.38,84.88,3.7,3.3,59.2,2,1558.61 ,2.79,4.32,1163.4,380343.7,92.99,81.4,71.1,110.93,74.2,81.7,109.7,112.6,118.49,74.94,74.57,-0.37,68.08,78.47,77.28,1182.3,1555.6,217.23,0.12,9.9
2009-12-01,84.68,85.03,3.6,3.5,57.8,2,1564.41 ,2.82,4.24,1166.08,383291.1,93.46,82.3,72.3,111.73,75.7,83.1,111,113.8,119.1,84.16,78.8,-5.36,68.26,77.93,79.36,1096.2,1682.77,217.35,0.12,9.9
2010-01-01,85.35,85.24,4.6,5,56.8,2,1576.04 ,2.88,4.29,1158.9,386238.5,93.87,81.9,73.4,112.04,76.4,82.4,114,114.7,118.58,81.1,70.94,-10.16,68.44,71.46,72.89,1083.8,1602.43,217.49,0.11,9.8
2010-02-01,85.52,85.41,4,4.8,56.7,2,1595.96 ,2.88,4.19,1160,388318.67,94.03,84.2,78.5,112.45,79.1,83.7,117.3,115.3,118.94,79.5,69.42,-10.08,68.84,77.59,79.66,1118.9,1594.58,217.28,0.13,9.8
2010-03-01,85.7,85.41,3.7,4.1,57.9,2,1610.86 ,2.83,3.94,1132.8,390398.83,94.47,84.6,79.5,113.65,77.2,83.8,116.1,115.6,119.91,91.34,83.67,-7.67,69.27,82.7,83.76,1114.5,1692.85,217.35,0.16,9.9
2010-04-01,86.04,85.5,3.6,3.7,59.2,2,1625.53 ,2.51,3.77,1108.5,392479,95.16,84.1,78.6,113.89,76.8,83.6,117.5,115.9,120.97,91.02,86.26,-4.76,69.69,87.44,86.15,1180.7,1741.56,217.4,0.2,9.9
2010-05-01,86.13,85.67,3.2,3.2,60.1,2,1631.88 ,2.45,3.7,1202.12,393809.2,95.96,85.4,71.8,113.4,77.5,84.9,116.8,116.1,124.39,89.18,84.86,-4.32,69.99,74.65,73.97,1215,1641.25,217.29,0.2,9.6
2010-06-01,86.04,85.76,3.5,3.5,60,2,1648.78 ,2.45,3.75,1223.25,395139.4,96.07,85.4,78.7,113.47,78.4,84.5,115.5,116.2,127.31,89.38,87.66,-1.72,70.22,75.01,75.63,1245.9,1698.29,217.2,0.18,9.4
2010-07-01,86.21,85.93,3.8,3.7,60,2.25,1650.48 ,2.58,3.88,1182.75,396469.6,96.31,84.7,78.4,113.78,78.8,84.3,115.8,116.1,126.84,90.19,88.53,-1.66,70.4,78.18,78.95,1183.9,1759.33,217.61,0.18,9.4
2010-08-01,86.65,86.1,3.5,3.3,59.2,2.25,1654.32 ,2.63,3.73,1199,398335.07,96.6,84.3,84,110.95,78.5,83.9,114.2,115.8,126.68,90.29,83.64,-6.65,70.63,74.64,71.92,1250.3,1742.75,217.92,0.19,9.5
2010-09-01,87.34,86.19,3.8,3.4,59.3,2.25,1659.08 ,2.66,3.48,1140.25,400200.53,97.16,84.2,83.8,111.46,79.7,83.7,114.5,115.4,126.54,89.76,85.49,-4.27,71.06,82.31,79.97,1309.6,1872.81,218.28,0.19,9.5
2010-10-01,87.34,86.19,3.7,3.3,59.5,2.25,1668.78 ,2.66,3.24,1124.5,402066,97.52,84.8,83.6,113.08,79.1,84,112.3,114.9,124.95,93.89,94.69,0.8,71.64,83.15,81.43,1357.6,1882.95,219.04,0.19,9.4
2010-11-01,86.91,86.19,3.3,3,59.3,2.5,1675.44 ,2.73,3.4,1157,403345.6,97.85,85.1,80.6,113.4,79.9,84.3,113.8,114.2,127.37,98.61,93.09,-5.52,72.34,85.92,84.11,1386.1,1904.63,219.59,0.19,9.8
2010-12-01,87.25,86.45,3.7,3.5,58.2,2.5,1678.98 ,2.8,3.25,1120.5,404625.2,98.76,86.1,81.9,115.86,80.7,84.9,112.2,113.4,133.08,102.52,96.64,-5.88,72.82,94.75,91.38,1421.4,2051,220.47,0.18,9.3
2011-01-01,88.29,86.87,3.5,3.8,57,2.75,1674.18 ,2.93,3.71,1119.25,405904.8,100.28,88.2,81.7,118.09,84.7,86.8,112.1,112.6,132.46,108.42,92.72,-15.7,73.38,101.01,92.19,1334.5,2069.73,221.19,0.17,9.1
2011-02-01,88.89,87.22,3.7,4.5,57.3,2.75,1675.06 ,3.13,3.94,1124.65,406492.1,101.03,84.7,77.8,113.87,78.3,84.6,113.6,111.7,136.18,94.09,84.29,-9.8,74.51,111.8,96.97,1409.9,1939.3,221.9,0.16,9
2011-03-01,89.24,87.48,3.8,4.3,58.5,3,1679.09 ,3.35,3.74,1095.5,407079.4,102.24,87.8,83.2,115.61,81,86,110.2,111,141.08,117.16,104.67,-12.49,75.8,117.36,106.72,1439.9,2106.7,223.05,0.14,9
2011-04-01,89.33,87.65,3.5,3.7,59.5,3,1686.11 ,3.4,3.74,1068,407666.7,102.87,86.8,80.4,113.34,81.4,86.3,113.9,110.3,141.95,114.1,103.84,-10.26,77.05,125.89,113.93,1556.4,2192.36,224.09,0.1,9.1
2011-05-01,89.5,87.99,3.2,3.2,60.4,3,1694.22 ,3.46,3.66,1078,408295.23,103.18,87.1,83.3,113.42,81.9,86.3,111.7,109.6,138.92,115.83,103.59,-12.24,77.2,116.73,102.7,1536.8,2142.47,224.81,0.09,9
2011-06-01,89.67,88.16,3.3,3.3,60.5,3.25,1697.68 ,3.53,3.65,1066.3,408923.77,102.95,88,83.2,114.56,82.6,86.8,108.7,109,138.21,114.8,104.71,-10.09,77.68,112.48,95.42,1502.8,2100.69,224.81,0.09,9.1
2011-07-01,90.1,88.33,3.4,3.3,60.2,3.25,1705.39 ,3.59,3.77,1054,409552.3,103.09,87.3,81.1,113.05,81.4,87.5,107.8,108.4,136.49,113.46,106.28,-7.18,78.29,116.74,95.7,1631.2,2133.21,225.4,0.07,9
2011-08-01,90.71,88.51,3.2,3,59.8,3.25,1719.54 ,3.59,3.57,1064.9,410467.83,103.22,87.8,88.6,111.32,82.1,88.1,106.7,107.8,136.84,115.33,101.95,-13.38,79.14,114.85,88.81,1831.7,1880.11,226.11,0.1,9
2011-09-01,90.62,88.42,3.3,3,59.3,3.25,1729.90 ,3.58,3.45,1180.9,411383.37,103.3,87.7,82.3,112.12,82.2,87,106.3,107,141.63,116.71,106.52,-10.19,80.19,102.76,79.2,1622.3,1769.65,226.6,0.08,9
2011-10-01,90.45,88.42,3.2,2.9,60.1,3.25,1741.70 ,3.58,3.47,1111.85,412298.9,103.2,88.6,81.1,113.71,81.8,87.4,104.4,106.3,143.01,110.21,104.04,-6.17,80.89,109.56,93.19,1725.2,1909.03,226.75,0.07,8.8
2011-11-01,90.53,88.59,3.3,2.9,59.9,3.25,1751.34 ,3.56,3.39,1140.05,413612.83,102.87,87.5,80.4,112.35,81,87.1,104.5,105.6,141.01,109.69,104.06,-5.63,81.28,110.52,100.36,1750.3,1847.51,227.17,0.08,8.6
2011-12-01,90.88,88.76,3.2,3,58.7,3.25,1753.61 ,3.55,3.36,1158.5,414926.77,102.97,86.9,83.5,109.63,82.7,86.2,100.3,104.9,141.22,117.19,105.5,-11.69,81.35,107.38,98.83,1566.8,1825.74,227.22,0.07,8.5
2012-01-01,91.24,88.97,3.2,3.5,57.7,3.25,1752.80 ,3.55,3.37,1125.45,416240.7,103.5,87.5,86,112.24,84.2,87.4,101.3,104.2,142.61,112.49,91.7,-20.79,81.66,110.98,98.48,1740.4,1955.79,227.84,0.08,8.3
2012-02-01,91.59,89.31,3.4,4.2,57.7,3.25,1762.59 ,3.53,3.43,1118.8,416826.47,104.21,89.7,98.5,116.49,82.3,88.1,105,103.7,143.3,115.16,102.5,-12.66,81.75,122.66,107.07,1711.3,2030.25,228.33,0.1,8.3
2012-03-01,91.61,89.05,3.3,3.7,58.9,3.25,1775.80 ,3.54,3.56,1131.4,417412.23,104.73,88.4,80.6,112.56,81.8,87.4,106.3,103.1,145.68,115.66,105.97,-9.69,81.82,122.88,103.02,1671.9,2014.04,228.81,0.13,8.2
2012-04-01,91.61,89.02,3.3,3.5,60,3.25,1782.19 ,3.54,3.5,1129.55,417998,104.78,88.2,82.3,113.14,82.1,87.5,109.7,102.3,144.11,112.96,101.47,-11.49,81.86,119.47,104.87,1664.2,1981.99,229.19,0.14,8.2
2012-05-01,91.77,89.29,3.1,3.1,60.8,3.25,1788.99 ,3.54,3.38,1179.87,418619.2,104.19,89.3,79.1,112.84,83.8,88.4,105.8,101.3,141.39,114.7,104.77,-9.93,81.88,101.43,86.53,1564.2,1843.47,228.71,0.16,8.2
2012-06-01,91.64,89.38,3.2,3.2,60.7,3.25,1798.26 ,3.54,3.29,1140.72,419240.4,102.93,88.2,75.7,111.1,83.7,88,101.2,100.1,136.37,107.67,105.11,-2.56,81.85,97.88,84.96,1604.2,1854.01,228.52,0.16,8.2
2012-07-01,91.43,89.39,3.1,3.1,60.6,3,1807.38 ,3.34,3.01,1130.27,419861.6,102.48,88.7,79.9,109.07,84.3,88.9,96.7,98.7,135.21,107.69,104.08,-3.61,81.73,103.84,88.06,1614.6,1881.99,228.59,0.16,8.2
2012-08-01,91.86,89.54,3.2,3,59.9,3,1817.20 ,3.19,2.83,1133.19,420903.57,103.11,87.7,74.2,103.61,82.3,88.6,95.1,97.4,137.46,105.72,98.72,-7,81.68,114.05,96.47,1687.6,1905.12,229.92,0.13,8.1
2012-09-01,92.51,89.62,3.2,2.9,60.2,3,1816.29 ,3.14,2.81,1113.07,421945.53,103.47,88.5,81.1,107.09,83.7,88.7,93.9,96.2,138.46,109.42,107.32,-2.1,81.87,111.58,92.19,1773.9,1996.21,231.02,0.14,7.8
2012-10-01,92.34,89.66,3.1,2.8,60.3,2.75,1822.92 ,2.93,2.78,1089.92,422987.5,102.67,88.7,78.5,109.72,83.4,88.2,91.8,95.3,133.89,111.61,108.29,-3.32,82.15,107.56,86.24,1719.1,1912.06,231.64,0.16,7.8
2012-11-01,92.01,89.8,3.2,2.8,59.9,2.75,1827.12 ,2.85,2.8,1081.5,424105.8,101.96,89.2,72.3,110.54,83.9,88.3,91,94.7,129.93,111.99,110.6,-1.39,82.36,110.25,88.91,1712.7,1932.9,231.25,0.16,7.7
2012-12-01,92.18,89.94,3.1,2.9,58.6,2.75,1831.98 ,2.88,2.85,1063.24,425224.1,101.71,89.1,75.6,109.94,84.3,87.8,91.7,94.5,128.57,110.6,102.99,-7.61,82.52,109.89,91.82,1675.8,1997.05,231.22,0.16,7.9
2013-01-01,92.73,90.3,3.1,3.4,57.7,2.75,1844.72 ,2.86,2.75,1087.31,426342.4,101.87,89.7,79,113.72,83.8,88.4,94.9,94.6,127.54,116.57,104.6,-11.97,82.69,114.54,97.49,1662,1961.94,231.68,0.14,8
2013-02-01,93.04,90.53,3.2,3.9,57.5,2.75,1858.81 ,2.83,2.7,1083.9,427948.3,102.57,90.5,75.7,109.21,83.8,89.7,96.9,94.8,131.02,104.12,97.15,-6.97,82.87,110.42,92.05,1578.1,2026.49,232.94,0.15,7.7
2013-03-01,92.95,90.4,3.1,3.5,58.7,2.75,1864.82 ,2.81,2.6,1111.05,429554.2,102.16,89,75.8,108.21,83.3,88.6,98.9,95.3,129.98,112.37,107.8,-4.57,83.16,110.02,97.23,1595.7,2004.89,232.28,0.14,7.5
2013-04-01,92.82,90.34,3,3.2,60,2.75,1870.81 ,2.8,2.55,1101.16,431160.1,101.84,90.3,76.2,108.41,83.3,89.2,98.6,95.7,130.1,112.51,106.82,-5.69,83.55,102.37,93.46,1472.1,1963.95,231.8,0.15,7.6
2013-05-01,92.82,90.69,3,3,60.6,2.5,1874.47 ,2.72,2.59,1130.51,432601.63,101.49,90.1,76.9,107.49,83.9,89.5,97.9,96.3,127.75,108.73,111.53,2.8,83.8,100.39,91.97,1393,2001.05,231.89,0.11,7.5
2013-06-01,92.71,90.74,3.1,3.1,60.8,2.5,1884.07 ,2.69,2.87,1141.45,434043.17,101.48,89.6,76.5,107.4,84.3,89.2,97,96.8,130.45,104.67,103.11,-1.56,83.98,102.16,96.56,1223.7,1863.32,232.45,0.09,7.5
2013-07-01,92.91,90.75,3.2,3.1,60.7,2.5,1887.39 ,2.68,2.91,1123.25,435484.7,101.46,89.5,81.8,104.31,85.1,89.1,96.2,97.4,129.39,111.46,105.72,-5.74,84.23,107.7,105.03,1313,1914.03,232.9,0.09,7.3
2013-08-01,93.24,90.71,3.2,3,60.2,2.5,1885.13 ,2.66,2.94,1109.42,436756.57,101.74,90.3,84,106.36,84.2,90,96.1,98,130.22,106.73,104.56,-2.17,84.58,114.01,107.65,1396.1,1926.36,233.46,0.08,7.2
2013-09-01,93.42,90.99,3,2.7,60.6,2.5,1901.45 ,2.66,2.9,1073.58,438028.43,101.63,89.6,76.5,103.31,83.8,89.6,96.9,98.6,127.21,106.38,102.72,-3.66,85.02,108.37,102.33,1327,1996.96,233.54,0.08,7.2
2013-10-01,93.13,91.09,3.1,2.7,60.8,2.5,1909.73 ,2.66,2.83,1060.83,439300.3,101.27,91.1,90.7,108,84.3,89.9,98.2,99.1,124.12,117.1,115.57,-1.53,85.6,108.84,96.38,1323.7,2030.09,233.67,0.09,7.2
2013-11-01,93.12,91.32,3.1,2.6,60.7,2.5,1918.50 ,2.65,2.94,1057.76,440423.5,101.07,90.7,80.4,107.81,84.7,89.9,98.6,99.5,123.56,111.24,110.98,-0.26,86.04,109.69,92.72,1250.4,2044.87,234.1,0.08,6.9
2013-12-01,93.23,91.38,3.2,3,59.4,2.5,1929.46 ,2.65,2.94,1049.5,441546.7,101.3,90.2,78.6,108.66,84.6,88.9,98.4,99.9,124.03,114.14,107.33,-6.81,86.4,110.8,98.42,1202.3,2011.34,234.72,0.09,6.7
2014-01-01,93.73,91.64,3.1,3.4,58.8,2.5,1937.70 ,2.65,2.89,1080.36,442669.9,101.57,92,79.6,110.73,87.4,91.3,101,100,123.71,115.7,104.12,-11.58,86.91,106.4,97.49,1239.8,1941.15,235.29,0.07,6.6
2014-02-01,93.98,91.79,3.6,4.5,58.9,2.5,1957.32 ,2.65,2.85,1066.01,444070.73,101.7,91.5,86,109.32,84.8,90.9,103.2,100,124.78,108.77,99.33,-9.44,87.33,109.07,102.59,1321.6,1979.99,235.55,0.07,6.7
2014-03-01,94.15,91.97,3.4,3.9,59.7,2.5,1965.54 ,2.65,2.87,1064.65,445471.57,101.66,91.6,81.6,110.37,85,91,101.3,99.9,124.13,117.37,112.33,-5.04,87.74,107.76,101.58,1283.8,1985.61,236.03,0.08,6.7
2014-04-01,94.21,92.1,3.6,3.8,60.9,2.5,1973.45 ,2.65,2.88,1032.75,446872.4,101.5,91.8,85.1,110.59,84,90.3,103,99.7,121.07,118.19,115.24,-2.95,87.87,108.07,99.74,1295.9,1961.79,236.47,0.09,6.2
2014-05-01,94.37,92.33,3.5,3.5,61.1,2.5,1985.95 ,2.65,2.84,1020.3,447256.1,101.49,90.8,82.4,105.29,85.3,90.9,101.2,99.5,119,109.2,107.79,-1.41,87.92,108.68,102.71,1246,1994.96,236.92,0.09,6.3
2014-06-01,94.25,92.29,3.5,3.5,61.2,2.5,1999.69 ,2.65,2.75,1011.5,447639.8,101.53,91.9,77.6,107.92,85.8,91.7,97.8,99.3,118.94,107.89,105.38,-2.51,88.01,112.07,105.37,1322,2002.21,237.23,0.1,6.1
2014-07-01,94.39,92.46,3.5,3.4,61.4,2.5,2011.30 ,2.65,2.56,1027.75,448023.5,101.61,92.3,84.5,108.84,86.2,91.9,96,99.2,118.32,116.64,112.49,-4.15,88.12,106.53,98.17,1282.8,2076.12,237.5,0.09,6.2
2014-08-01,94.55,92.59,3.6,3.3,61.1,2.25,2030.27 ,2.51,2.54,1013.85,448818.73,101.5,91.4,75.6,103.46,87,92.3,98.3,99.1,117.37,110.66,104.32,-6.34,88.27,103.77,95.96,1287.4,2068.54,237.46,0.09,6.1
2014-09-01,94.49,92.51,3.5,3.1,61.1,2.25,2036.01 ,2.35,2.41,1054.55,449613.97,101.14,90.5,83.8,103.85,85.1,91.7,101.1,99.2,115.94,113.38,108.08,-5.3,88.55,95.32,91.16,1211.6,2020.09,237.48,0.09,5.9
2014-10-01,94.21,92.56,3.6,3.2,61.1,2,2053.47 ,2.21,2.24,1072.6,450409.2,100.43,91.4,84.5,104,84.8,92.3,96.3,99.2,114.7,113.86,115.17,1.31,88.84,86.34,80.54,1171.6,1964.43,237.43,0.09,5.7
2014-11-01,94.02,92.54,3.5,3,61.1,2,2078.88 ,2.14,2.14,1112.45,451707.07,100.12,91.3,88.4,105.02,85.5,92.3,97.8,99.2,113.7,105.99,107.37,1.38,89.1,70.58,66.15,1175.5,1980.78,236.98,0.09,5.8
2014-12-01,94.01,92.66,3.6,3.3,59.7,2,2085.33 ,2.13,2.14,1092.9,453004.93,99.14,91.5,90,107.26,88.7,91.6,96.6,99.3,107.86,112.7,111.5,-1.2,89.34,58.21,53.27,1184.1,1915.59,236.25,0.12,5.6
2015-01-01,94.64,93.88,3.4,3.7,59,2,2094.27 ,2.13,2.04,1101.4,454302.8,97.92,91.5,90.3,105.44,86.4,92.1,98.5,99.3,99.72,101.11,99.42,-1.69,89.58,53.95,48.24,1279.2,1949.26,234.75,0.11,5.7
2015-02-01,94.59,94,3.7,4.5,59.1,2,2110.00 ,2.12,2.02,1100.53,454954.07,97.99,92.8,90,106.9,89.3,93.6,103.1,99.3,102.52,87.16,87.92,0.76,89.88,63.15,49.76,1213.1,1985.8,235.34,0.11,5.5
2015-03-01,94.6,94.14,3.5,4,59.8,1.75,2127.67 ,1.95,1.87,1107.99,455605.33,97.87,92.1,89.3,104.32,87.4,93.4,101.3,99.1,102.86,98.82,105.55,6.73,90.29,56.21,47.6,1183.2,2041.03,235.98,0.11,5.4
2015-04-01,94.63,94.19,3.6,3.9,60.6,1.75,2150.54 ,1.81,1.74,1076.34,456256.6,97.84,92.9,88,105,88.5,93.9,103.7,98.9,100.38,97.78,105.32,7.54,90.83,67.45,59.63,1182.4,2127.17,236.22,0.12,5.4
2015-05-01,94.89,94.38,3.7,3.7,61.2,1.75,2171.40 ,1.8,1.88,1112.01,458512.9,97.9,91.6,82.7,102.13,88.5,93.2,102.2,98.4,101.65,91.25,97.74,6.49,91.23,66.14,60.3,1189.8,2114.8,237,0.12,5.6
2015-06-01,94.91,94.35,3.8,3.8,61.2,1.5,2178.62 ,1.7,1.77,1119.03,460769.2,97.85,92.2,87.8,104.47,85.9,92.8,91.6,98,102.23,92.63,102.84,10.21,91.68,64.14,59.47,1171.8,2074.2,237.66,0.13,5.3
2015-07-01,95.08,94.78,3.7,3.6,61.3,1.5,2197.38 ,1.65,1.78,1165.67,463025.5,97.5,92.4,91.3,103.15,87.3,93.8,95.7,97.6,101.79,97.52,102.62,5.1,92,52.85,47.12,1095.1,2030.16,238.03,0.13,5.2
2015-08-01,95.21,94.97,3.7,3.4,60.9,1.5,2216.83 ,1.64,1.74,1181.82,464218.33,96.89,93.8,87.5,105.69,87.9,94.6,97.3,97.3,101.37,88.66,91.2,2.54,92.28,54.99,49.2,1132.5,1941.49,238.03,0.14,5.1
2015-09-01,94.97,94.75,3.5,3.2,61.1,1.5,2228.68 ,1.6,1.65,1184.44,465411.17,96.47,95,93.4,107.35,89.3,94.9,97,96.9,100.75,87.2,99.41,12.21,92.66,49.05,45.09,1115.2,1962.81,237.5,0.14,5
2015-10-01,94.97,94.85,3.5,3.1,61.2,1.5,2234.12 ,1.58,1.63,1140.16,466604,95.81,94.3,93.9,105.64,91.6,95.3,97.5,96.5,97.63,92.97,101.64,8.67,93.05,50.31,46.59,1141.4,2029.47,237.73,0.12,5
2015-11-01,94.79,94.9,3.6,3,61,1.5,2240.34 ,1.59,1.75,1159.61,467199.27,95.43,93.9,85.6,105.22,90.2,94.9,97.1,96,95.95,86.81,93.83,7.02,93.43,45.24,41.65,1065.3,1991.97,238.02,0.12,5.1
2015-12-01,95.07,95.11,3.5,3.2,60.1,1.5,2245.10 ,1.67,1.72,1174.95,467794.53,95.21,94.6,89.3,104.11,91.6,96,94,95.4,94.92,90.21,96.93,6.72,93.67,37.67,37.04,1060.2,1961.31,237.76,0.24,5
2016-01-01,95.23,95.56,3.4,3.7,59,1.5,2265.23 ,1.67,1.63,1207.11,468389.8,94.69,93.5,85.4,103.72,91.6,94.5,93.9,94.9,93.46,79.66,81.45,1.79,93.8,35.99,33.62,1116.4,1912.06,237.65,0.34,4.8
2016-02-01,95.64,95.78,4,4.9,58.9,1.5,2286.22 ,1.64,1.47,1237.24,470347.5,94.69,94.6,85.8,105.02,90,95.6,92.8,94.6,94.93,74.6,80.77,6.17,93.91,36.57,33.75,1234.4,1916.66,237.34,0.38,4.9
2016-03-01,95.39,95.91,3.8,4.2,59.7,1.5,2294.35 ,1.63,1.5,1143.97,472305.2,94.63,95.2,86.6,104.76,91.9,95.9,94.4,94.5,95.02,85.17,96.71,11.54,94,40.33,38.34,1235.6,1995.85,238.08,0.36,5
2016-04-01,95.57,96.08,3.6,3.9,60.5,1.5,2302.12 ,1.61,1.47,1143.83,474262.9,94.87,94.8,86.2,103.24,91.5,96.3,97.1,94.7,93.28,82.98,91.21,8.23,94.13,47.37,45.92,1290.5,1994.15,238.99,0.37,5.1
2016-05-01,95.63,96.3,3.6,3.6,61.1,1.5,2319.12 ,1.58,1.46,1188.39,474878.6,94.98,96,87.3,105.84,92.7,96.4,95.4,95,96.51,83.02,92.34,9.32,94.23,49.89,49.1,1217.5,1983.4,239.56,0.37,4.8
2016-06-01,95.61,96.32,3.5,3.6,61.3,1.25,2334.29 ,1.43,1.33,1150.99,475494.3,95.21,96.4,93.2,104.84,93.4,96.9,95.1,95.5,97.25,84.97,95.91,10.94,94.33,49.71,48.33,1320.6,1970.35,240.22,0.38,4.9
2016-07-01,95.43,96.53,3.6,3.5,61.3,1.25,2350.60 ,1.36,1.22,1110.89,476110,95.1,95.9,86.9,103.94,91,96.8,96.2,96,94.55,84.62,94.62,10,94.4,43.53,41.6,1357.5,2016.19,240.1,0.39,4.8
2016-08-01,95.68,96.71,4,3.6,61.2,1.25,2378.16 ,1.35,1.24,1115.29,477336.13,95.19,96.3,94.3,101.2,92.4,97.6,98.1,96.5,92.87,89.36,89.97,0.61,94.48,46.89,44.7,1311.4,2034.65,240.55,0.4,4.9
2016-09-01,96.25,96.64,4,3.5,61.1,1.25,2381.60 ,1.34,1.31,1100.91,478562.27,95.41,96.4,92.1,101.97,90,97.3,98.1,96.9,93.03,86.84,94.3,7.46,94.55,50.19,48.24,1317.1,2043.63,241.18,0.4,5
2016-10-01,96.38,96.6,3.8,3.3,61.2,1.25,2391.86 ,1.35,1.36,1141.73,479788.4,95.69,95.8,92.6,100.43,92.9,96.7,96.6,97.1,97.07,89.16,96.5,7.34,94.69,48.61,46.86,1273.1,2008.19,241.74,0.4,4.9
2016-11-01,96.24,96.51,3.6,3.1,61.2,1.25,2400.35 ,1.42,1.61,1176.39,481578.47,96.12,97.4,96.2,105.44,92.6,96.6,96.3,97.3,99.43,94.66,101.58,6.92,94.83,51.84,49.44,1173.9,1983.48,242.03,0.41,4.7
2016-12-01,96.34,96.63,3.4,3.2,60.2,1.25,2407.56 ,1.54,1.69,1206.25,483368.53,96.96,97.3,98.8,102.74,93.7,97.2,94.1,97.5,103.61,96.78,104.74,7.96,94.91,57.49,53.72,1151.7,2026.46,242.64,0.54,4.7
2017-01-01,97.37,97.23,3.4,3.7,59.1,1.25,2417.76 ,1.5,1.64,1150.65,485158.6,98.37,97.7,95,107.1,92.5,97.1,96.4,97.8,105.91,96.35,93.07,-3.28,94.94,55.58,52.81,1211.4,2067.57,243.62,0.65,4.7
2017-02-01,97.63,97.48,4,4.9,59.3,1.25,2427.68 ,1.49,1.67,1136.39,486351.77,98.75,97.9,100.4,104.45,94,97.1,98.2,98.2,103.66,92.9,98.64,5.74,94.97,56.51,54.01,1253.9,2091.64,244.01,0.66,4.6
2017-03-01,97.57,97.5,3.7,4.1,60.3,1.25,2433.90 ,1.48,1.71,1116.65,487544.93,98.71,99,104.4,105.86,92.6,97.8,100.7,98.7,101.44,109.29,111.45,2.16,95.04,53.53,50.6,1251.2,2160.23,243.89,0.79,4.4
2017-04-01,97.44,97.6,3.9,4.2,61,1.25,2451.12 ,1.43,1.68,1136.87,488738.1,98.5,98.1,102.1,103.58,93.2,97.9,100.3,99.2,101.87,96.85,105.41,8.56,95.1,52.05,49.33,1268.3,2205.44,244.19,0.9,4.4
2017-05-01,97.55,97.79,3.4,3.6,61.5,1.25,2459.31 ,1.39,1.69,1118.65,490985.87,98.23,98.4,105.5,103.63,93.2,98.1,101.3,99.7,100.43,100.71,102.57,1.86,95.17,50.76,48.32,1275.4,2347.38,244,0.91,4.4
2017-06-01,97.34,97.73,3.7,3.8,61.5,1.25,2469.57 ,1.38,1.67,1144.43,493233.63,97.85,98.1,109.1,102.02,94,98.4,100.7,100.3,99.22,103.45,106.43,2.98,95.25,48.77,46.04,1242.3,2391.79,244.16,1.04,4.3
2017-07-01,97.5,97.98,3.5,3.4,61.6,1.25,2470.44 ,1.39,1.74,1118.4,495481.4,97.92,98.4,105.8,103.3,93.2,98.1,99.9,100.8,99.72,98.92,103.24,4.32,95.3,52.72,50.17,1273.4,2402.71,244.24,1.15,4.3
2017-08-01,98.06,98.13,4,3.6,61.2,1.25,2486.13 ,1.39,1.78,1123.85,495105.57,98.37,98.7,105.7,102.8,92.9,99.2,101.1,101.3,101.28,103.91,106.1,2.19,95.37,52.86,47.23,1322.2,2363.19,245.18,1.16,4.4
2017-09-01,98.17,97.97,3.7,3.3,61.4,1.25,2493.77 ,1.38,1.79,1144.29,494729.73,99.03,100.4,113.3,103.11,95.3,100.1,99.7,101.6,103.07,107.59,122.38,14.79,95.43,56.79,51.67,1284.8,2394.47,246.44,1.15,4.3
2017-10-01,98.08,98.15,3.7,3.2,61.4,1.25,2501.86 ,1.38,2.03,1117.42,494353.9,99.14,98.5,93.5,104.22,94.1,98.6,102.8,101.8,103.65,98.01,101.51,3.5,95.49,60.94,54.38,1270.5,2523.43,246.63,1.15,4.2
2017-11-01,97.35,97.81,3.7,3.1,61.4,1.5,2517.95 ,1.45,2.15,1087.13,496748.27,99.04,99.3,103.8,103.24,97.7,99.4,102.8,101.9,103.4,108.33,119.11,10.78,95.53,62.63,57.4,1276.7,2476.37,247.28,1.16,4.2
2017-12-01,97.7,97.97,3.5,3.3,60.4,1.5,2525.21 ,1.66,2.1,1066.37,499142.63,99.09,98.7,106.3,99.44,95.6,99.2,102.7,101.7,102.68,112.36,113.47,1.11,95.5,66.44,60.42,1309.3,2467.49,247.81,1.3,4.1
2018-01-01,98.11,98.19,3.3,3.7,59.5,1.5,2559.76 ,1.66,2.19,1069.08,501537,99.5,99.6,114.4,103.62,97,99.4,100.1,101.3,103.52,118.18,114.23,-3.95,95.46,68.89,64.73,1343.1,2566.46,248.86,1.41,4
2018-02-01,98.86,98.61,3.8,4.6,59.2,1.5,2571.19 ,1.65,2.28,1084.21,502848.97,99.92,100.2,113.5,103.87,98.1,100.6,101.6,100.8,103.99,106.99,102.48,-4.51,95.37,64.73,61.64,1317.9,2427.36,249.53,1.42,4.1
2018-03-01,98.75,98.81,4,4.5,60.2,1.5,2577.39 ,1.65,2.27,1060.25,504160.93,99.88,99,107.5,102.42,99.2,100.2,98.4,100.2,104.54,114.89,120.21,5.32,95.25,69.34,64.94,1327.3,2445.85,249.58,1.51,4
2018-04-01,98.93,99,3.8,4.1,60.9,1.5,2591.01 ,1.65,2.19,1069.33,505472.9,100.01,100.6,103.3,105.13,98.4,100.7,100.5,99.7,105.69,112.88,116.91,4.03,95.06,74.69,68.57,1319.2,2515.38,250.23,1.69,4
2018-05-01,98.98,99.14,3.8,4,61.3,1.5,2603.78 ,1.65,2.25,1079.59,506349.27,100.3,100.6,101,106.13,97.5,100.5,102.5,99.2,108.8,114.8,121.64,6.84,94.8,77.56,67.04,1304.7,2423.01,250.79,1.7,3.8
2018-06-01,98.78,98.96,3.6,3.7,61.4,1.5,2619.50 ,1.65,2.18,1113.91,507225.63,100.33,100.3,96.2,104.58,98,100.8,100.5,98.8,110.17,115.7,121.05,5.35,94.56,79.23,74.15,1254.5,2326.13,251.02,1.82,4
2018-07-01,98.59,98.97,3.8,3.7,61.3,1.5,2633.55 ,1.65,2.1,1112.25,508102,100.8,101.1,96.2,104.6,98.4,100.8,96.2,98.3,111.66,114.84,120.82,5.98,94.36,74.21,68.76,1233.6,2295.26,251.21,1.91,3.8
2018-08-01,99.46,99.14,4.6,4,60.9,1.5,2646.78 ,1.65,2.02,1115.46,509064.8,101.25,101.1,96,105.01,98.1,100.9,97.3,97.8,111.34,113.73,122.18,8.45,94.18,77.64,69.8,1206.7,2322.88,251.66,1.91,3.8
2018-09-01,100.22,99.06,4.1,3.6,61.2,1.5,2650.06 ,1.65,1.95,1109.98,510027.6,101.54,100.3,93.1,102.75,96.5,101,99.8,97.4,113.2,105.71,119.68,13.97,94.1,82.73,73.25,1196.2,2343.07,252.18,1.95,3.7
2018-10-01,100.04,99.14,4,3.5,61.2,1.5,2675.75 ,1.68,2.01,1141.02,510990.4,101.19,101.1,97.8,105.37,97.8,101.4,95.5,96.9,115.19,125.16,129.67,4.51,94.05,75.04,65.31,1215,2029.69,252.77,2.19,3.8
2018-11-01,99.33,99.02,3.8,3.2,61.4,1.75,2688.88 ,1.71,1.94,1119.44,511089.13,100.49,99.8,92.8,103.09,98.8,100.6,94.4,96.5,109.52,120.35,120.19,-0.16,93.96,59.46,50.93,1226,2096.86,252.59,2.2,3.8
2018-12-01,98.99,99,3.6,3.4,60.1,1.75,2705.18 ,1.91,1.83,1113.3,511187.87,100,99.2,90.1,101.19,99,100.7,95,96.1,105.46,112.81,109.28,-3.53,93.79,54.02,45.41,1281.3,2041.04,252.77,2.27,3.9
2019-01-01,98.88,99.22,3.9,4.5,59.2,1.75,2726.10 ,1.87,1.81,1111.4,511286.6,99.89,100.7,96.9,102.98,101.7,101.9,92.2,95.8,105.29,116.44,108.17,-8.27,93.58,60.84,53.79,1325.2,2204.85,252.56,2.4,4
2019-02-01,99.31,99.7,3.9,4.7,59.4,1.75,2731.26 ,1.87,1.8,1124.6,513552.17,99.99,98,85.9,98.48,96.4,100.1,97.7,95.6,107.63,94.85,93.06,-1.79,93.38,66.31,57.22,1316.1,2195.44,253.32,2.4,3.8
2019-03-01,99.12,99.54,3.8,4.3,60.4,1.75,2751.54 ,1.9,1.79,1136.1,515817.73,100.34,99.2,91.1,100.89,101.4,101.1,96.8,95.4,109.44,107.1,109.55,2.45,93.15,67.58,60.14,1298.5,2140.67,254.28,2.41,3.8
2019-04-01,99.48,99.7,4.1,4.4,60.8,1.75,2762.90 ,1.86,1.74,1163.25,518083.3,100.63,101,98.6,103.48,99.6,101.9,98.1,95.3,111.37,115.32,111.99,-3.33,92.88,72.06,63.91,1285.7,2203.59,255.23,2.42,3.7
2019-05-01,99.65,99.71,3.8,4,61.5,1.75,2775.05 ,1.84,1.68,1187.8,518454.47,100.74,101,94.2,102.54,100.3,102.1,94.5,95.2,113.74,111.48,108.19,-3.29,92.67,61.99,53.5,1311.1,2041.74,255.3,2.39,3.6
2019-06-01,99.49,99.64,3.9,4,61.6,1.75,2795.99 ,1.8,1.5,1155.38,518825.63,100.46,99.8,90.1,102.29,98.9,100.7,95.1,95,109.52,103.26,102.12,-1.14,92.48,64.74,58.47,1413.7,2130.62,255.21,2.38,3.6
2019-07-01,99.19,99.84,4,3.9,61.5,1.5,2807.90 ,1.68,1.38,1187.32,519196.8,100.46,101.8,94.7,106.36,98.4,101.8,92.3,94.8,110.39,111.8,108.6,-3.2,92.31,65.05,58.58,1437.8,2024.55,255.8,2.4,3.7
2019-08-01,99.43,99.97,3.6,3,61.4,1.5,2831.20 ,1.49,1.16,1209.5,520936.43,100.69,101.8,95.3,103.14,102.1,103.2,91.5,94.5,111.17,108.39,102.84,-5.55,92.21,59.25,55.1,1529.4,1967.79,256.04,2.13,3.6
2019-09-01,99.79,99.53,3.6,3.1,61.5,1.5,2850.22 ,1.54,1.29,1198.09,522676.07,100.75,101.7,93,105.76,99.5,102,94.5,94,110.89,99.69,104.26,4.57,92.19,59.25,54.07,1472.9,2063.05,256.43,2.04,3.5
2019-10-01,100.04,99.76,3.5,3,61.7,1.25,2875.93 ,1.46,1.36,1169.24,524415.7,100.51,102,96.6,104.32,99.8,102.3,93.4,93,108.3,107.22,109.34,2.12,92.27,59.62,54.18,1514.8,2083.48,257.16,1.83,3.6
2019-11-01,99.48,99.53,3.6,3.1,61.7,1.25,2897.35 ,1.52,1.49,1180.7,522167,100.37,101.9,95,102.19,102.9,103,94.8,91.4,107.27,103.93,105.2,1.27,92.4,60.49,55.17,1472.7,2087.96,257.88,1.55,3.6
2019-12-01,99.72,99.62,3.5,3.4,60.8,1.25,2913.88 ,1.53,1.39,1154.07,519918.3,100.65,103.1,99.4,104.63,103.9,103.1,95.3,88.9,108.99,111.7,108.23,-3.47,92.6,65.29,61.06,1523.1,2197.67,258.63,1.55,3.6
2020-01-01,100.09,99.84,3.5,4.1,60,1.25,2931.49 ,1.47,1.37,1194.97,517669.6,101.02,103.4,90.7,103.3,100,105.6,98,85.7,108.1,109.72,97.78,-11.94,92.86,56.62,51.56,1587.9,2119.01,259.13,1.55,3.6
2020-02-01,100.16,100.07,3.4,4.1,60,1.25,2950.10 ,1.42,1.25,1200.2,512941.27,100.69,100.4,99.9,97.9,95,102,90,81.8,106.55,94.8,96.15,1.35,93.05,49.67,44.76,1566.7,1987.01,259.25,1.58,3.5
2020-03-01,99.94,99.75,3.8,4.2,59.5,0.75,2979.71 ,1.23,1.09,1218.3,508212.93,99.8,98.6,100,103,93.9,96.5,68.6,78,100.85,107.93,108.98,1.05,93.23,26.35,20.48,1596.6,1754.64,258.08,0.65,4.4
2020-04-01,99.5,99.79,3.9,4.2,59.4,0.75,3014.76 ,1.1,1.02,1212.94,503484.6,98.93,97.2,100.2,98.3,97.1,96.3,61.3,75.1,95.15,97.43,85.86,-11.57,93.33,26.48,18.84,1694.2,1947.56,256.03,0.05,14.8
2020-05-01,99.44,99.93,4.3,4.5,60.2,0.5,3050.39 ,1.02,0.88,1231.49,507191.67,98.96,95.9,96.4,89.4,101.3,97.9,63.5,73.7,98.97,88.84,81.1,-7.74,93.42,37.84,35.49,1751.7,2029.6,255.8,0.05,13.2
2020-06-01,99.71,100.02,4.2,4.3,60.4,0.5,3073.70 ,0.79,0.85,1199.28,510898.73,99.47,98.6,100.8,96,103.5,99.1,68.2,73.9,101.41,91.86,91.64,-0.22,93.66,41.27,39.27,1800.5,2108.33,257.04,0.08,11
2020-07-01,99.63,100.17,4.2,4,60.5,0.5,3090.97 ,0.79,0.83,1193.59,514605.8,99.69,99.8,103,98.6,98.9,100.2,76.8,75.5,100.57,99.82,99.41,-0.41,93.96,43.52,40.27,1985.9,2249.37,258.35,0.09,10.2
2020-08-01,100.19,100.36,3.7,3.1,60.4,0.5,3100.11 ,0.68,0.83,1187.94,517306.07,100.18,99.6,96.4,98.8,101.5,99.7,83.1,77.9,99.49,91.39,93.29,1.9,94.37,45.66,42.61,1978.6,2326.17,259.32,0.1,8.4
2020-09-01,100.74,100.16,4.1,3.6,60.3,0.5,3117.08 ,0.63,0.91,1164.65,520006.33,100.38,101.4,113.9,103.6,103.1,99.7,77.4,80.9,98.37,99.8,112.33,12.53,94.87,42.3,40.22,1895.5,2327.89,260,0.09,7.8
2020-10-01,100.18,99.5,4.2,3.7,60.4,0.5,3155.03 ,0.63,0.91,1136.49,522706.6,99.98,101.3,94.9,103.5,102.1,101,88.8,84.2,96.2,100.16,105.56,5.4,95.31,37.94,35.79,1879.9,2267.15,260.32,0.09,6.9
2020-11-01,100.09,100.16,4.1,3.4,60.7,0.5,3185.88 ,0.66,0.97,1109.32,525394.77,100.06,102.2,98.5,103.6,101.6,101.7,91.9,87.6,96.19,103.35,109.25,5.9,95.94,47.88,45.34,1780.9,2591.34,260.91,0.09,6.7
2020-12-01,100.33,100.26,4.2,4.1,59.1,0.5,3200.76 ,0.66,0.97,1084.47,528082.93,100.84,101.5,105.4,104,102,100.2,85.7,90.8,98.16,114.91,118.65,3.74,96.87,51.82,48.52,1895.1,2873.47,262.05,0.09,6.7
2021-01-01,101.04,100.56,4.7,5.7,57.4,0.5,3233.64 ,0.68,0.98,1117.64,530771.1,101.96,101.6,111.7,103.5,104.1,100.1,92.9,94,101.79,114.99,108.86,-6.13,97.55,55.04,52.2,1850.3,2976.21,262.64,0.09,6.4
2021-02-01,101.58,100.7,4.1,4.9,58.6,0.5,3269.94 ,0.73,1,1123.89,533148.67,102.8,103.7,106.8,106.5,101.7,102.2,96.8,96.9,106.28,109.67,105.87,-3.8,98.18,64.42,61.5,1728.8,3012.95,263.57,0.08,6.2
2021-03-01,101.84,100.82,3.9,4.3,59.8,0.5,3303.74 ,0.75,1.13,1127.17,535526.23,103.89,104.5,109.1,105,103.9,103.8,101.7,99.6,109.97,128.65,125.1,-3.55,98.64,62.74,59.16,1715.6,3061.42,264.85,0.07,6.1
2021-04-01,101.98,101.01,3.8,4,60.4,0.5,3355.37 ,0.74,1.14,1117.16,537903.8,104.88,104.1,118.2,103.5,105.5,104.4,106,101.9,109.72,130.93,121.87,-9.06,98.99,66.76,63.58,1767.7,3147.86,266.63,0.07,6.1
2021-05-01,102.05,101.12,3.8,4,61.2,0.5,3382.85 ,0.68,1.13,1106.58,537964.43,105.45,104.2,107.4,102.6,104.8,104.7,105.9,103.8,112.98,123.88,120.86,-3.02,99.35,68.95,66.32,1905.3,3203.92,268.4,0.06,5.8
2021-06-01,102.05,101.14,3.7,3.8,61.3,0.5,3408.60 ,0.66,1.3,1130.48,538025.07,106.01,105,114.8,103.5,106,105.3,110.1,105.2,116.05,128.88,128.8,-0.08,100,74.62,73.47,1771.6,3296.68,270.71,0.08,5.9
2021-07-01,102.26,101.45,3.3,3.2,61.3,0.5,3440.00 ,0.69,1.42,1151.41,538085.7,107.04,105.2,118.6,106,107,104.9,104.6,106.3,120.23,137.89,130.69,-7.2,100.59,75.41,73.95,1817.2,3202.32,271.97,0.1,5.4
2021-08-01,102.75,101.7,3.2,2.6,61.2,0.75,3486.91 ,0.77,1.41,1158.73,540944.53,107.6,105.1,109.8,105.6,106.5,104.3,105.8,107,121.79,132.72,126.02,-6.7,101.23,71.63,68.5,1818.1,3199.27,272.75,0.09,5.1
2021-09-01,103.17,101.58,3.1,2.7,61.3,0.75,3512.35 ,0.98,1.52,1184.23,543803.37,108,106.3,104.3,105.2,109.1,105.9,105.3,107.4,124.58,133.6,133.18,-0.42,101.82,78.31,75.03,1757,3068.82,273.94,0.08,4.7
2021-10-01,103.35,101.83,3.2,2.8,61.4,0.75,3550.23 ,1.08,1.84,1174.47,546662.2,109.12,106.7,98.9,105.7,108.7,106.8,106.6,107.6,131.11,139.29,132.29,-7,102.45,83.72,83.57,1783.9,2970.68,276.53,0.08,4.5
2021-11-01,103.87,102.06,3.1,2.6,61.5,1,3597.81 ,1.17,1.95,1182.71,547542.7,109.9,108,109.5,107.2,106.3,108.3,107.4,107.7,129.82,147.64,138.64,-9,102.92,69.23,66.18,1776.5,2839.01,278.82,0.08,4.2
2021-12-01,104.04,102.51,3.5,3.5,60.4,1,3623.85 ,1.27,1.8,1187.96,548423.2,109.88,109.6,111.1,111.7,108.1,108,105.3,107.4,127.23,158.09,144.75,-13.34,103.18,77.35,75.21,1828.6,2977.65,280.81,0.08,3.9
2022-01-01,104.85,103.17,3.3,4.1,59.6,1.25,3642.65 ,1.39,2.06,1204.63,549303.7,111.04,110,116.1,112.5,106.4,108.7,106.4,106.9,132.86,155.81,133.66,-22.15,103.25,89.26,88.15,1796.4,2663.34,282.54,0.08,4
2022-02-01,105.42,103.59,2.8,3.4,60.6,1.25,3662.75 ,1.5,2.29,1200.12,550764.07,111.57,108.2,107.2,109.2,104.3,107,106.7,106.2,138.93,138.78,127.41,-11.37,103.25,97.97,95.72,1900.7,2699.18,284.53,0.08,3.8
2022-03-01,106.1,103.68,2.8,3,61.4,1.25,3661.27 ,1.5,2.37,1214.17,552224.43,113.27,110,104.5,110.1,106.4,109.1,104.3,105.3,149.45,165.76,152.14,-13.62,103.23,104.71,100.28,1954,2757.65,287.47,0.2,3.7
2022-04-01,106.83,104.05,2.8,3,62.1,1.5,3671.90 ,1.63,2.94,1263.03,553684.8,115.1,110.7,103.8,107.4,105.9,111.3,106.6,104.3,148.6,155.99,139.04,-16.95,103.24,107.14,104.69,1911.7,2695.05,288.58,0.33,3.7
2022-05-01,107.5,104.57,2.9,3,63,1.75,3705.87 ,1.77,3.02,1242.26,554403.7,115.92,110.7,114.2,105.1,105.4,111.9,107.6,103.2,154.23,163.51,145.18,-18.33,103.23,115.6,114.67,1848.4,2685.9,291.3,0.77,3.6
2022-06-01,108.21,105.09,2.9,3,62.9,1.75,3717.55 ,1.99,3.48,1287.51,555122.6,116.57,111.2,112.7,107.1,104.6,112.7,103.4,101.8,155.09,155.23,137.94,-17.29,103.21,109.03,105.76,1807.3,2332.64,295.07,1.21,3.6
2022-07-01,108.73,105.52,3,2.9,62.9,2.25,3725.87 ,2.41,3.24,1302.97,555841.5,116.9,111.9,115.1,106.1,105,113.1,98.5,100.4,151,168.97,140.66,-28.31,103.12,103.97,98.62,1781.8,2451.5,294.94,1.68,3.5
2022-08-01,108.63,105.84,2.6,2.1,62.8,2.5,3749.14 ,2.79,3.25,1341.19,555003.97,116.45,111,122.9,102.4,108.6,114.3,99.9,99,149.68,170.77,135.14,-35.63,102.84,95.64,89.55,1726.2,2472.05,295.16,2.33,3.6
2022-09-01,108.82,105.7,2.8,2.4,62.7,2.5,3755.85 ,3.01,3.9,1439.96,554166.43,116.53,110.9,112.6,102.2,106.5,114.5,98.6,97.7,154.7,157.88,136.49,-21.39,102.33,85.14,79.49,1684.9,2155.49,296.42,2.56,3.5
2022-10-01,109.16,106.1,2.8,2.4,62.7,3,3775.42 ,3.69,4.24,1425.83,553328.9,117.13,110.1,122.1,99.6,107.1,114.2,95.7,96.3,156.5,153.04,123.64,-29.4,101.43,92.81,86.53,1654.9,2293.61,297.98,3.08,3.6
2022-11-01,109.07,106.35,2.8,2.3,62.7,3.25,3805.56 ,3.99,3.9,1301.65,554139.63,116.75,111,117.8,99.9,104.1,113.7,91.9,95.1,147.92,152.49,122.79,-29.7,99.86,86.97,80.56,1775.1,2472.53,298.71,3.78,3.6
2022-12-01,109.26,106.65,3,3,61.3,3.25,3799.62 ,4.02,3.63,1260.92,554950.37,116.27,109.5,115.8,96.4,104.5,114.4,92.1,94.2,138.28,154.27,127.09,-27.18,97.44,85.65,80.47,1842.2,2236.4,298.81,4.1,3.5
2023-01-01,110.07,107.29,2.9,3.6,60.3,3.5,3797.38 ,3.8,3.46,1233.3,555761.1,116.69,108.7,100.3,100.5,101,113.7,90.7,93.4,135.29,152.78,109.39,-43.39,95.22,85.46,80.11,1962.2,2425.08,300.46,4.33,3.5
2023-02-01,110.33,107.6,2.6,3.1,61.1,3.5,3815.45 ,3.52,3.47,1323.02,556782.7,116.91,110.6,114.6,97.2,107.2,115.7,91.8,93,137.95,142.82,118.24,-24.58,93.5,83.45,77.05,1853.2,2412.85,301.48,4.57,3.6
2023-03-01,110.52,107.81,2.6,2.9,62.2,3.5,3799.73 ,3.61,3.46,1306.11,557804.3,117.05,111.6,108.7,101.8,105.2,115.3,91.9,92.8,139,154.62,131.25,-23.37,92.44,79.89,75.67,2004.1,2476.86,301.64,4.65,3.5
2023-04-01,110.77,108.12,2.6,2.8,62.7,3.5,3791.04 ,3.5,3.26,1337.78,558825.9,116.96,110.1,108.3,100.1,104.2,114.8,94.5,92.8,139.58,134.1,116.47,-17.63,91.86,80.33,76.78,2018.3,2501.53,302.86,4.83,3.4
2023-05-01,111.13,108.51,2.5,2.7,63.5,3.5,3791.29 ,3.64,3.33,1320.56,560229.17,116.53,111.9,107.8,103.3,104.8,115.4,94.9,93,135.35,139.43,123.81,-15.62,91.57,72.6,68.09,1982.1,2577.12,303.32,5.06,3.6
2023-06-01,111.16,108.61,2.6,2.7,63.5,3.5,3802.00 ,3.75,3.55,1315.11,561632.43,116.27,111.9,112.3,101.2,105.7,116.3,96.4,93.2,130.16,136.5,125.27,-11.23,91.42,75.41,70.64,1929.4,2564.28,304.1,5.08,3.6
2023-07-01,111.29,108.91,2.8,2.7,63.2,3.5,3819.41 ,3.75,3.64,1277.86,563035.7,116.53,111.1,101.9,99.2,103,116.4,94.8,93.4,130.43,125.63,118.78,-6.85,91.39,85.43,81.8,2009.2,2632.58,304.62,5.12,3.5
2023-08-01,112.28,109.16,2.5,2,63.1,3.5,3831.88 ,3.7,3.73,1325.14,563889.67,117.5,112.6,103.4,102.7,104,116.5,94.7,93.5,135.83,130.89,122.63,-8.26,91.52,86.83,83.63,1965.9,2556.27,306.14,5.33,3.7
2023-09-01,112.85,109.02,2.7,2.3,63.2,3.5,3848.04 ,3.76,3.84,1352.31,564743.63,118.03,114,110.6,104,103.4,117.2,93.4,93.5,139.83,131.46,129.76,-1.7,91.81,92.2,90.79,1885.4,2465.07,307.37,5.33,3.8
2023-10-01,113.27,109.4,2.5,2.1,63.3,3.5,3861.69 ,3.82,4.03,1352.15,565597.6,117.86,112.8,108.1,102.9,104.4,116.6,92.4,93.5,141.07,136.93,126.28,-10.65,92.15,85.02,81.02,1994.3,2277.99,307.65,5.33,3.9
2023-11-01,112.68,109.4,2.8,2.3,63.1,3.5,3895.92 ,3.83,3.77,1299.35,568048.73,117.41,113.5,108.7,102.9,104.3,116.8,91.8,93.5,135.04,133.42,131.52,-1.9,92.39,80.86,75.96,2038.1,2535.29,308.09,5.33,3.7
2023-12-01,112.73,109.6,3.2,3.3,61.7,3.5,3913.61 ,3.83,3.35,1294.4,570499.87,117.56,113.1,110.1,100.9,104.1,117.5,91.7,93.4,132.89,136.1,131.17,-4.93,92.5,77.04,71.65,2071.8,2655.28,308.74,5.33,3.8
2024-01-01,113.17,110.01,2.9,3.7,61,3.5,3919.76 ,3.74,3.27,1333.59,572951,118.19,113.3,103.6,101.7,103.9,117,91.8,93.4,136.27,140.93,126.58,-14.35,92.55,81.71,75.85,2057.4,2497.09,309.79,5.33,3.7
2024-02-01,113.78,110.34,2.7,3.2,61.6,3.5,3928.38 ,3.69,3.35,1334.78,572516.23,118.55,114.6,112.8,103.4,100.3,118,93.7,93.4,137.63,123.87,122.48,-1.39,92.57,81.91,78.26,2054.7,2642.36,311.02,5.33,3.9
2024-03-01,113.95,110.42,2.8,3,62.4,3.5,3986.79 ,3.65,3.31,1345.09,572081.47,118.82,112.7,105.9,100.5,101.8,117,92.5,93.4,138.31,133.74,132.73,-1.01,92.61,87,83.17,2227.1,2746.63,312.11,5.33,3.9
2024-04-01,114.01,110.66,2.8,3,63,3.5,4006.51 ,3.57,3.44,1385.38,571646.7,119.16,114.1,108,103.6,101.5,117.8,94.8,93.5,143.57,140.94,131.47,-9.47,92.68,86.33,81.93,2302.9,2692.06,313.02,5.33,3.9
2024-05-01,114.1,110.91,2.8,3,63.5,3.5,4018.06 ,3.6,3.43,1381.68,571836.47,119.25,113.3,103.3,102.5,101.7,116.9,94.1,93.6,141.77,137,136.08,-0.92,92.79,81.11,76.99,2333.9,2636.52,313.14,5.33,4
2024-06-01,113.84,110.95,2.8,2.9,63.5,3.5,4036.77 ,3.6,3.26,1380.73,572026.23,119.23,113.1,106.5,103.3,101.8,117.1,95,93.6,142.64,126.04,135.16,9.12,92.9,85,81.54,2350.9,2797.82,313.13,5.33,4.1
2024-07-01,114.13,111.27,2.6,2.5,63.3,3.5,4056.93 ,3.54,3.08,1369.08,572216,119.56,112.4,122.1,99.6,102,117.3,96.3,93.6,143.28,135.82,136.35,0.53,93.05,80.84,77.91,2449.3,2770.69,313.57,5.33,4.2
2024-08-01,114.54,111.4,2.5,1.9,63.2,3.5,4067.91 ,3.5,2.92,1336.56,572342.3,119.38,113.5,110.9,103.4,102.3,117.2,94.5,93.4,138.23,137.86,132.3,-5.56,93.25,76.93,73.55,2516,2674.31,314.13,5.33,4.2
2024-09-01,114.65,111.18,2.5,2.1,63.3,3.5,4078.10 ,3.52,2.87,1317.01,572468.6,119.16,113.2,117.2,103,103,116.6,94,92.9,134.67,134.15,135.66,1.51,93.42,71.77,68.17,2647.9,2593.27,314.85,5.13,4.1
2024-10-01,114.69,111.39,2.7,2.3,63.3,3.25,4116.39 ,3.43,2.91,1372.58,572594.9,119.01,113.8,113.2,102.8,102.3,117.6,92.8,92.2,137.55,140.02,133.9,-6.12,93.58,72.81,69.26,2761.6,2556.15,315.56,4.83,4.1
2024-11-01,114.4,111.44,2.7,2.2,63.2,3,4148.21 ,3.42,2.86,1394.67,572125.47,119.1,112.4,111.3,100,101.6,117.1,93,91.3,138.8,129.76,131,1.24,93.66,71.84,68,2681,2455.91,316.45,4.64,4.2
2024-12-01,114.91,111.59,3.7,3.8,61.4,3,4183.69 ,3.35,2.59,1476.78,571656.03,119.52,114.4,119.3,103,102.1,118.6,83.3,90.2,141.98,138.58,141.3,2.72,93.67,74.24,71.25,2653.3,2399.49,317.6,4.48,4.1
