date,CPI,근원CPI,실업률(계절조정),실업률(원계열),고용률,기준금리,M2통화량,CD금리,국고채3년,달러환율,국내GDP,생산자물가지수,산업생산지수,설비투자지수,제조업가동률,소매판매액지수,서비스업생산지수,경제심리지수(원계열),경제심리지수(계절조정),수입물가지수,수입금액지수,수출금액지수,무역수지,전세지수,브랜트유,WTI유,금,코스피,미국cpi,미국기준금리,미국실업률
2005-01-01,73.594,74.979,3.8,4.3,58.4,3.25,0.7,3.47,3.65,1026.5,311097.1,83.26,66.9,59.1,116.268,61.4,67,95.7,99,83.28,50.33,50.28,-0.05,55.79,45.92,48.2,424.1,932.7,191.6,2.28,5.3
2005-02-01,73.892,75.129,3.6,4.3,58.3,3.25,0.4,3.59,4.19,1004.5,313041.4333,83.42,66.4,57.2,110.895,62.2,67.5,109.2,100.5,83.23,47.77,45.47,-2.3,55.91,50.06,51.75,437.6,"1,011.36",192.4,2.5,5.4
2005-03-01,74.338,75.507,3.6,4.1,59.4,3.25,1,3.55,4.04,1017.5,314985.7667,83.5,67.6,56.3,114.023,62.7,67.4,111.9,102.2,84.54,58.91,56.48,-2.43,56.19,54.29,55.4,431.1,965.68,193.1,2.63,5.2
2005-04-01,74.413,75.584,3.7,3.8,60.3,3.25,0.5,3.52,3.86,997.1,316930.1,83.73,67.2,56.8,111.039,63.3,67.3,111.4,103.6,85.6,55.07,52.46,-2.61,56.43,51.09,49.72,436.1,911.3,193.7,2.79,5.2
2005-05-01,74.338,75.584,3.7,3.6,60.8,3.25,0.8,3.51,3.71,1007.5,318413.1667,83.19,67.3,57.9,107.796,63.3,67.5,104.6,104.9,83.69,54.65,52.97,-1.68,56.51,50.73,51.97,418.9,970.21,193.6,3,5.1
2005-06-01,74.114,75.584,3.8,3.6,60.8,3.25,0.7,3.51,3.79,1035.5,319896.2333,82.81,67.7,59.9,109.11,63.6,68.3,102.6,106,84.92,54.46,54.87,0.41,56.61,55.58,56.5,437.1,"1,008.16",193.7,3.04,5
2005-07-01,74.413,75.584,3.8,3.7,60.6,3.25,0.9,3.51,4.12,1023.3,321379.3,83.32,68,62.6,108.507,64.1,68.5,99.6,106.9,87.18,54.95,54.29,-0.66,56.66,59.37,60.57,435.8,"1,111.29",194.9,3.26,5
2005-08-01,74.636,75.735,3.7,3.6,59.7,3.25,1.1,3.5,4.33,1038.5,322608.5,83.55,68.4,57.8,109.258,64.3,68.9,104.1,107.9,88.01,56.4,53.61,-2.79,56.79,67.02,68.94,438.1,"1,083.33",196.1,3.5,4.9
2005-09-01,75.008,75.735,4,3.6,60.2,3.25,-0.1,3.7,4.52,1043.5,323837.7,83.92,68.6,58,110.003,64.5,68.8,107.4,108.9,89.31,58.79,56.61,-2.18,57.26,63.48,66.24,472.3,"1,221.01",198.8,3.62,5
2005-10-01,74.859,75.735,3.9,3.6,60.5,3.5,0.1,3.93,4.81,1043.4,325066.9,84.14,69.2,60.5,113.13,64.6,69.1,105.9,109.9,88.81,58.55,58.13,-0.42,57.65,58.1,59.76,466.9,"1,158.11",199.1,3.78,5
2005-11-01,74.561,75.811,3.6,3.3,60.5,3.5,0,3.96,5.1,1037.5,326789.4,83.9,70.8,61.6,116.693,66.1,70.2,110.2,110.8,86.83,60.82,60.56,-0.26,57.77,55.05,57.32,498.7,"1,297.44",198.1,4,5
2005-12-01,74.785,75.961,3.6,3.5,59.2,3.75,0.7,4.04,5.06,1007.5,328511.9,83.66,69.6,63.5,112.977,68.1,69.6,113.2,111.7,85.95,62.18,58.65,-3.53,57.85,58.98,61.04,519.7,"1,379.37",198.1,4.16,4.9
2006-01-01,75.231,76.112,3.4,3.8,58.5,3.75,0.7,4.15,5.02,959.87,330234.4,83.95,70.8,63.2,116.203,66,71.1,116.3,112.2,85.14,59.24,53.99,-5.25,58.04,65.99,67.92,575.5,"1,399.83",199.3,4.29,4.7
2006-02-01,75.381,76.339,3.5,4.1,58.3,4,0.7,4.25,4.87,971,331028.8667,83.99,70.5,65.3,115.485,66,70.4,117.6,112.4,84.18,60.37,53.67,-6.7,58.31,61.76,61.41,563.9,"1,371.59",199.4,4.49,4.8
2006-03-01,75.827,76.867,3.5,3.9,59.4,4,0.4,4.27,4.93,971.6,331823.3333,83.88,71,66,114.426,67,71.1,117.9,112.2,84.52,66.84,61.75,-5.09,58.75,65.91,66.63,586.7,"1,359.60",199.7,4.59,4.7
2006-04-01,75.902,76.943,3.5,3.5,60.4,4,0.7,4.33,4.95,943.2,332617.8,84.03,71.7,66.7,112.223,67.3,71.4,116.6,111.8,85.77,63.15,57.84,-5.31,59.07,72.5,71.88,654.5,"1,419.73",200.7,4.79,4.7
2006-05-01,76.05,77.171,3.4,3.2,60.9,4,1,4.36,4.78,945.7,334355.4667,84.32,72,67.6,111.946,67.5,71.6,110.6,111.1,87.35,67.81,62.21,-5.6,59.31,70.41,71.29,649,"1,317.70",201.3,4.94,4.6
2006-06-01,75.902,77.094,3.5,3.4,60.9,4.25,1.2,4.47,4.89,948.75,336093.1333,84.17,70.5,62.9,110.501,67.5,71,105.2,110.5,88.15,67.02,62.88,-4.14,59.38,73.51,73.93,616,"1,295.15",201.8,4.99,4.6
2006-07-01,76.199,77.246,3.5,3.4,60.7,4.25,1.1,4.63,4.89,955.15,337830.8,84.43,69.2,63.9,102.053,64.7,70.5,103.9,109.9,89.38,65.68,59.1,-6.58,59.41,75.15,74.4,646.8,"1,297.82",202.9,5.24,4.7
2006-08-01,76.645,77.246,3.5,3.4,60,4.5,0.7,4.68,4.77,961.3,338766.0333,84.98,72.7,69.1,110.594,66.6,72.3,106.1,109.4,91.01,69.08,63.09,-5.99,59.54,70.25,70.26,634.2,"1,352.74",203.8,5.25,4.7
2006-09-01,76.868,77.398,3.5,3.2,60.4,4.5,1.2,4.64,4.69,946.25,339701.2667,85.26,73,69.2,114.968,66.9,72.3,107.8,109.2,87.85,70.96,70.13,-0.83,60.06,62.48,62.91,604.2,"1,371.41",202.8,5.25,4.5
2006-10-01,76.496,77.398,3.6,3.3,60.7,4.5,1.1,4.57,4.62,942.25,340636.5,84.47,74.9,69.1,116.36,68.2,73.3,110.1,109.1,86.76,66.04,63.52,-2.52,60.71,59.03,58.73,606.8,"1,364.55",201.9,5.25,4.4
2006-11-01,76.125,77.549,3.5,3.2,60.6,4.5,1.1,4.6,4.72,929.35,342649.3333,84.06,74.6,70.2,116.041,68.1,73.8,110.4,109.2,85.39,68.64,69.63,0.99,61.37,64.26,63.13,652.9,"1,432.21",202,5.25,4.5
2006-12-01,76.348,77.625,3.4,3.3,59.4,4.5,0.9,4.76,4.82,930,344662.1667,83.99,73.2,69.3,111.45,71.1,74,108.2,109.5,85.45,70.56,65.45,-5.11,61.72,60.86,61.05,638,"1,434.46",203.1,5.24,4.4
2007-01-01,76.496,77.851,3.3,3.6,58.7,4.5,0.8,4.92,4.97,941.5,346675,83.99,73.6,72.8,113.313,68.9,74.2,107.2,110,83.96,71.25,63.31,-7.94,62.07,57.4,58.14,657.9,"1,360.23",203.437,5.25,4.6
2007-02-01,77.017,78.229,3.1,3.7,58.5,4.5,0.8,4.95,4.91,941.7,348631.2,84.04,75.6,74.9,112.724,71.2,75.4,113.7,110.9,85.51,65.82,60.14,-5.68,62.35,61.89,61.79,672.5,"1,417.34",204.226,5.26,4.5
2007-03-01,77.464,78.834,3.2,3.5,59.6,4.5,0.5,4.94,4.79,940.85,350587.4,84.4,74.2,71.2,112.239,70.9,74.9,114.2,112.1,88.29,75.71,69.16,-6.55,62.67,68.1,65.87,669,"1,452.55",205.288,5.26,4.4
2007-04-01,77.761,78.985,3.3,3.4,60.5,4.5,0.7,4.95,4.94,930.85,352543.6,84.99,75,74.9,113.032,70,75.4,115.6,113.4,89.33,75.9,67.9,-8,62.98,67.65,65.71,683.5,"1,542.24",205.904,5.25,4.5
2007-05-01,77.836,79.06,3.3,3.2,61,4.5,0.4,5.05,5.1,927.75,353935.1333,85.47,75.5,70.7,112.892,71.2,76,114.8,114.7,89.78,76.34,68.61,-7.73,63.07,68.04,64.01,666.7,"1,700.91",206.755,5.25,4.4
2007-06-01,77.836,79.06,3.3,3.2,61.1,4.5,1.1,5.03,5.24,923.9,355326.6667,85.64,75.4,70,111.253,70.1,76.7,113.7,115.9,89.52,72.65,69.61,-3.04,63.12,71.41,70.68,650.9,"1,743.60",207.234,5.25,4.6
2007-07-01,78.134,79.212,3.3,3.3,60.9,4.75,1.1,5.05,5.35,919.35,356718.2,85.75,76.5,68,109.387,69.6,77.3,115.3,116.7,89.5,75.05,71.22,-3.83,63.23,77.05,78.21,679.3,"1,933.27",207.603,5.26,4.7
2007-08-01,78.208,79.287,3.3,3.1,60.1,5,1.1,5.21,5.28,938.35,359059.5667,85.7,78.1,71.2,112.161,70.4,78.3,117.8,117.1,90.35,75.6,71.9,-3.7,63.35,72.69,74.04,681.9,"1,873.24",207.667,5.02,4.6
2007-09-01,78.655,79.287,3.3,3,60.5,5,0.8,5.34,5.39,915.15,361400.9333,86.11,76.6,65.8,110.508,71.8,77.2,117.2,116.9,92.44,69.78,68.14,-1.64,63.63,79.17,81.66,750,"1,946.48",208.547,4.94,4.7
2007-10-01,78.803,79.439,3.3,3,60.7,5,1,5.34,5.42,900.8,363742.3,86.29,79,70,116.815,71.6,78.4,115.7,116.3,93.3,83.99,80.06,-3.93,63.85,90.63,94.53,795.3,"2,064.85",209.19,4.76,4.7
2007-11-01,78.803,79.513,3.3,3,60.7,5,1.4,5.43,5.54,921.15,364656.4667,86.64,78.9,74.2,116.287,71.7,78.6,114.8,115.2,97.08,86.78,80.9,-5.88,64.02,88.26,88.71,789.1,"1,906.00",210.834,4.49,4.7
2007-12-01,79.101,79.664,3.2,3.1,59.4,5,1.2,5.73,5.89,936,365570.6333,86.99,79,75.8,114.297,72.4,78.6,112.2,113.9,98.73,86.56,73.92,-12.64,64.1,93.85,95.98,838,"1,897.13",211.445,4.24,5
2008-01-01,79.472,80.043,3,3.3,58.6,5,1.6,5.81,5.44,943.85,366484.8,87.48,79.8,73,117.294,72.9,80.1,112.3,112.2,101.74,93.24,73.86,-19.38,64.25,92.21,91.75,928,"1,624.68",212.174,3.94,5
2008-02-01,79.771,80.345,2.9,3.5,58.3,5,2,5.28,5.06,939.05,366929.4667,88.29,79.7,72.2,114.228,72,79.9,114.7,110.3,104.5,84.45,69.26,-15.19,64.46,100.1,101.84,975,"1,711.62",212.687,2.98,4.9
2008-03-01,80.515,81.252,3,3.4,59.3,5,1.3,5.25,5.15,990.35,367374.1333,89.44,79.3,71.6,115.823,72.9,79.9,107.3,108.1,113.03,95.78,82.18,-13.6,64.98,100.3,101.58,921.5,"1,703.99",213.448,2.61,5.1
2008-04-01,80.962,81.403,3.1,3.2,60.3,5,1.2,5.38,4.98,1003,367818.8,91.34,79.9,74.2,116.596,73.2,80,109,105.6,117.32,98.08,84.54,-13.54,65.51,111.36,113.46,865.1,"1,825.47",213.942,2.28,5
2008-05-01,81.63,81.705,3.1,3.1,60.8,5,1.1,5.36,5.28,1028.25,368632.5667,93.18,79.7,71.5,112.242,72.3,79.9,104.1,102.9,129.85,98.94,85.03,-13.91,65.81,127.78,127.35,891.5,"1,852.02",215.208,1.98,5.4
2008-06-01,82.151,81.856,3.2,3.1,60.8,5,0.7,5.36,5.7,1051,369446.3333,94.67,78,71.2,111.704,69.6,79.2,99.3,99.7,133.35,97.68,84.2,-13.48,66.23,139.83,140,928.3,"1,674.92",217.463,2,5.6
2008-07-01,82.747,82.235,3.2,3.1,60.6,5,0.5,5.52,5.96,1012.25,370260.1,96.52,79.2,72.8,109.452,71.3,80.2,93.8,96.1,134.79,110.4,91.76,-18.64,66.49,123.98,124.08,922.7,"1,594.67",219.016,2.01,5.8
2008-08-01,82.598,82.235,3.3,3.1,59.8,5.25,0.6,5.77,5.77,1089.25,366096.1333,96.24,79.4,72.8,108.971,71.7,80.3,102.4,92.1,128.86,104.31,80.78,-23.53,66.7,114.05,115.46,835.2,"1,474.24",218.69,2,6.1
2008-09-01,82.673,82.537,3.2,3,60,5.25,0.7,5.79,5.81,1206.95,361932.1667,95.85,78.6,69.2,107.657,70.2,79.6,98.5,87.6,131.84,101.18,82.86,-18.32,67.07,98.17,100.64,880.8,"1,448.06",218.877,1.81,6.1
2008-10-01,82.598,82.613,3.3,3,60.2,4.25,0.8,6.03,5.09,1282.5,357768.2,95.59,78.4,68.6,111.242,69.2,79.2,82.7,83,137.25,91.42,80.76,-10.66,67.21,65.32,67.81,718.2,"1,113.06",216.995,0.97,6.5
2008-11-01,82.375,82.915,3.4,3,60.1,4,1.1,5.62,4.97,1469,358082.7,93.37,75.1,62.7,98.574,68.5,78.4,71.4,79.1,128.16,73.32,61.14,-12.18,66.97,53.49,54.43,819,"1,076.07",213.153,0.39,6.8
2008-12-01,82.375,83.217,3.4,3.3,58.6,3,0.6,4.68,3.97,1263,358397.2,91.8,71.8,59.9,88.176,68.5,77.1,61.2,76.6,120.86,67.84,54.19,-13.65,66.15,45.59,44.6,884.3,"1,124.47",211.398,0.16,7.3
2009-01-01,82.45,83.217,3.3,3.6,57.5,2.5,0.5,3.22,3.44,1381.5,358711.7,91.54,73.7,52.6,88.303,69.8,79.3,68,76,118.69,64.06,45.73,-18.33,65.5,45.88,41.68,928.4,"1,162.11",211.933,0.15,7.8
2009-02-01,83.045,83.596,3.3,3.9,57.1,2,2,2.7,3.78,1533.45,360328.1333,92.16,76.2,59.5,96.614,71.6,79.5,70.6,77.4,123.34,57.26,51.85,-5.41,65.34,46.35,44.76,942.5,"1,063.03",212.705,0.22,8.3
2009-03-01,83.64,83.973,3.6,4,58,2,0.8,2.45,3.69,1374.05,361944.5667,92.59,75.9,56.6,99.214,70.7,78.4,73.4,80.6,124.95,60.93,58.49,-2.44,65.38,49.23,49.66,925,"1,206.26",212.495,0.18,8.7
2009-04-01,83.862,83.897,3.7,3.8,59,2,0.6,2.42,3.76,1278,363561,92.7,78.6,57.9,102.977,70.9,80.4,91.1,85.2,115.25,63.02,62.35,-0.67,65.49,50.8,51.12,891.2,"1,369.36",212.709,0.15,9
2009-05-01,83.862,84.2,3.9,3.8,59.4,2,0.6,2.41,3.83,1258.25,367258,91.99,77.9,60.9,103.144,73.4,80.2,96.3,90.4,111.75,58.97,59.31,0.34,65.66,65.52,66.31,980.3,"1,395.89",213.022,0.18,9.4
2009-06-01,83.788,84.351,3.9,3.8,60,2,0.3,2.41,4.09,1274.8,370955,91.75,79.8,64,106.719,73.3,80.7,99.4,95.7,117.47,65.67,65.4,-0.27,65.8,69.3,69.89,927.4,"1,390.07",214.79,0.21,9.5
2009-07-01,84.086,84.427,3.8,3.7,59.5,2,0.8,2.41,4.09,1222.7,374652,92.8,79.8,61.7,108.187,71.7,81.3,100.5,100.6,117.44,70.35,69.75,-0.6,66.02,71.7,69.45,955.8,"1,557.29",214.726,0.16,9.5
2009-08-01,84.384,84.502,3.8,3.7,59,2,0.6,2.48,4.42,1249.5,375566.7667,93.33,80.2,61,107.602,72,81.6,109,104.8,119.86,70.3,64.78,-5.52,66.33,69.65,69.96,953.5,"1,591.85",215.445,0.16,9.6
2009-09-01,84.459,84.653,3.7,3.3,59.4,2,0.7,2.64,4.4,1176.5,376481.5333,93.42,82.6,71.9,111.885,74.1,82,110.6,108.2,117.54,75.51,74.78,-0.73,67.26,69.07,70.61,"1,009.30","1,673.14",215.861,0.15,9.8
2009-10-01,84.235,84.653,3.6,3.2,59.4,2,1,2.79,4.47,1186.6,377396.3,92.67,81.1,65.4,109.92,75.4,82.2,113.3,110.8,116.25,78.17,74.32,-3.85,67.72,75.2,77,"1,040.40","1,580.69",216.509,0.12,10
2009-11-01,84.384,84.879,3.7,3.3,59.2,2,0.7,2.79,4.32,1163.4,380343.7,92.99,81.4,71.1,110.931,74.2,81.7,109.7,112.6,118.49,74.94,74.57,-0.37,68.08,78.47,77.28,"1,182.30","1,555.60",217.234,0.12,9.9
2009-12-01,84.682,85.031,3.6,3.5,57.8,2,0.4,2.82,4.24,1166.08,383291.1,93.46,82.3,72.3,111.732,75.7,83.1,111,113.8,119.1,84.16,78.8,-5.36,68.26,77.93,79.36,"1,096.20","1,682.77",217.347,0.12,9.9
2010-01-01,85.351,85.242,4.6,5,56.8,2,0.7,2.88,4.29,1158.9,386238.5,93.87,81.9,73.4,112.035,76.4,82.4,114,114.7,118.58,81.1,70.94,-10.16,68.44,71.46,72.89,"1,083.80","1,602.43",217.488,0.11,9.8
2010-02-01,85.523,85.414,4,4.8,56.7,2,1.3,2.88,4.19,1160,388318.6667,94.03,84.2,78.5,112.451,79.1,83.7,117.3,115.3,118.94,79.5,69.42,-10.08,68.84,77.59,79.66,"1,118.90","1,594.58",217.281,0.13,9.8
2010-03-01,85.696,85.414,3.7,4.1,57.9,2,0.9,2.83,3.94,1132.8,390398.8333,94.47,84.6,79.5,113.645,77.2,83.8,116.1,115.6,119.91,91.34,83.67,-7.67,69.27,82.7,83.76,"1,114.50","1,692.85",217.353,0.16,9.9
2010-04-01,86.041,85.5,3.6,3.7,59.2,2,0.9,2.51,3.77,1108.5,392479,95.16,84.1,78.6,113.886,76.8,83.6,117.5,115.9,120.97,91.02,86.26,-4.76,69.69,87.44,86.15,"1,180.70","1,741.56",217.403,0.2,9.9
2010-05-01,86.128,85.672,3.2,3.2,60.1,2,0.4,2.45,3.7,1202.12,393809.2,95.96,85.4,71.8,113.396,77.5,84.9,116.8,116.1,124.39,89.18,84.86,-4.32,69.99,74.65,73.97,"1,215.00","1,641.25",217.29,0.2,9.6
2010-06-01,86.041,85.757,3.5,3.5,60,2,1,2.45,3.75,1223.25,395139.4,96.07,85.4,78.7,113.465,78.4,84.5,115.5,116.2,127.31,89.38,87.66,-1.72,70.22,75.01,75.63,"1,245.90","1,698.29",217.199,0.18,9.4
2010-07-01,86.214,85.93,3.8,3.7,60,2.25,0.1,2.58,3.88,1182.75,396469.6,96.31,84.7,78.4,113.782,78.8,84.3,115.8,116.1,126.84,90.19,88.53,-1.66,70.4,78.18,78.95,"1,183.90","1,759.33",217.605,0.18,9.4
2010-08-01,86.647,86.102,3.5,3.3,59.2,2.25,0.2,2.63,3.73,1199,398335.0667,96.6,84.3,84,110.95,78.5,83.9,114.2,115.8,126.68,90.29,83.64,-6.65,70.63,74.64,71.92,"1,250.30","1,742.75",217.923,0.19,9.5
2010-09-01,87.337,86.187,3.8,3.4,59.3,2.25,0.3,2.66,3.48,1140.25,400200.5333,97.16,84.2,83.8,111.457,79.7,83.7,114.5,115.4,126.54,89.76,85.49,-4.27,71.06,82.31,79.97,"1,309.60","1,872.81",218.275,0.19,9.5
2010-10-01,87.337,86.187,3.7,3.3,59.5,2.25,0.6,2.66,3.24,1124.5,402066,97.52,84.8,83.6,113.077,79.1,84,112.3,114.9,124.95,93.89,94.69,0.8,71.64,83.15,81.43,"1,357.60","1,882.95",219.035,0.19,9.4
2010-11-01,86.906,86.187,3.3,3,59.3,2.5,0.4,2.73,3.4,1157,403345.6,97.85,85.1,80.6,113.4,79.9,84.3,113.8,114.2,127.37,98.61,93.09,-5.52,72.34,85.92,84.11,"1,386.10","1,904.63",219.59,0.19,9.8
2010-12-01,87.251,86.445,3.7,3.5,58.2,2.5,0.2,2.8,3.25,1120.5,404625.2,98.76,86.1,81.9,115.863,80.7,84.9,112.2,113.4,133.08,102.52,96.64,-5.88,72.82,94.75,91.38,"1,421.40","2,051.00",220.472,0.18,9.3
2011-01-01,88.288,86.874,3.5,3.8,57,2.75,-0.3,2.93,3.71,1119.25,405904.8,100.28,88.2,81.7,118.091,84.7,86.8,112.1,112.6,132.46,108.42,92.72,-15.7,73.38,101.01,92.19,"1,334.50","2,069.73",221.187,0.17,9.1
2011-02-01,88.892,87.217,3.7,4.5,57.3,2.75,0.1,3.13,3.94,1124.65,406492.1,101.03,84.7,77.8,113.867,78.3,84.6,113.6,111.7,136.18,94.09,84.29,-9.8,74.51,111.8,96.97,"1,409.90","1,939.30",221.898,0.16,9
2011-03-01,89.238,87.475,3.8,4.3,58.5,3,0.2,3.35,3.74,1095.5,407079.4,102.24,87.8,83.2,115.613,81,86,110.2,111,141.08,117.16,104.67,-12.49,75.8,117.36,106.72,"1,439.90","2,106.70",223.046,0.14,9
2011-04-01,89.325,87.646,3.5,3.7,59.5,3,0.4,3.4,3.74,1068,407666.7,102.87,86.8,80.4,113.338,81.4,86.3,113.9,110.3,141.95,114.1,103.84,-10.26,77.05,125.89,113.93,"1,556.40","2,192.36",224.093,0.1,9.1
2011-05-01,89.497,87.99,3.2,3.2,60.4,3,0.5,3.46,3.66,1078,408295.2333,103.18,87.1,83.3,113.423,81.9,86.3,111.7,109.6,138.92,115.83,103.59,-12.24,77.2,116.73,102.7,"1,536.80","2,142.47",224.806,0.09,9
2011-06-01,89.67,88.161,3.3,3.3,60.5,3.25,0.2,3.53,3.65,1066.3,408923.7667,102.95,88,83.2,114.564,82.6,86.8,108.7,109,138.21,114.8,104.71,-10.09,77.68,112.48,95.42,"1,502.80","2,100.69",224.806,0.09,9.1
2011-07-01,90.102,88.333,3.4,3.3,60.2,3.25,0.5,3.59,3.77,1054,409552.3,103.09,87.3,81.1,113.049,81.4,87.5,107.8,108.4,136.49,113.46,106.28,-7.18,78.29,116.74,95.7,"1,631.20","2,133.21",225.395,0.07,9
2011-08-01,90.707,88.505,3.2,3,59.8,3.25,0.8,3.59,3.57,1064.9,410467.8333,103.22,87.8,88.6,111.316,82.1,88.1,106.7,107.8,136.84,115.33,101.95,-13.38,79.14,114.85,88.81,"1,831.70","1,880.11",226.106,0.1,9
2011-09-01,90.62,88.419,3.3,3,59.3,3.25,0.6,3.58,3.45,1180.9,411383.3667,103.3,87.7,82.3,112.116,82.2,87,106.3,107,141.63,116.71,106.52,-10.19,80.19,102.76,79.2,"1,622.30","1,769.65",226.597,0.08,9
2011-10-01,90.448,88.419,3.2,2.9,60.1,3.25,0.7,3.58,3.47,1111.85,412298.9,103.2,88.6,81.1,113.712,81.8,87.4,104.4,106.3,143.01,110.21,104.04,-6.17,80.89,109.56,93.19,"1,725.20","1,909.03",226.75,0.07,8.8
2011-11-01,90.534,88.59,3.3,2.9,59.9,3.25,0.6,3.56,3.39,1140.05,413612.8333,102.87,87.5,80.4,112.354,81,87.1,104.5,105.6,141.01,109.69,104.06,-5.63,81.28,110.52,100.36,"1,750.30","1,847.51",227.169,0.08,8.6
2011-12-01,90.879,88.762,3.2,3,58.7,3.25,0.1,3.55,3.36,1158.5,414926.7667,102.97,86.9,83.5,109.633,82.7,86.2,100.3,104.9,141.22,117.19,105.5,-11.69,81.35,107.38,98.83,"1,566.80","1,825.74",227.223,0.07,8.5
2012-01-01,91.242,88.968,3.2,3.5,57.7,3.25,0,3.55,3.37,1125.45,416240.7,103.5,87.5,86,112.235,84.2,87.4,101.3,104.2,142.61,112.49,91.7,-20.79,81.66,110.98,98.48,"1,740.40","1,955.79",227.842,0.08,8.3
2012-02-01,91.588,89.312,3.4,4.2,57.7,3.25,0.6,3.53,3.43,1118.8,416826.4667,104.21,89.7,98.5,116.487,82.3,88.1,105,103.7,143.3,115.16,102.5,-12.66,81.75,122.66,107.07,"1,711.30","2,030.25",228.329,0.1,8.3
2012-03-01,91.614,89.046,3.3,3.7,58.9,3.25,0.7,3.54,3.56,1131.4,417412.2333,104.73,88.4,80.6,112.562,81.8,87.4,106.3,103.1,145.68,115.66,105.97,-9.69,81.82,122.88,103.02,"1,671.90","2,014.04",228.807,0.13,8.2
2012-04-01,91.605,89.02,3.3,3.5,60,3.25,0.4,3.54,3.5,1129.55,417998,104.78,88.2,82.3,113.144,82.1,87.5,109.7,102.3,144.11,112.96,101.47,-11.49,81.86,119.47,104.87,"1,664.20","1,981.99",229.187,0.14,8.2
2012-05-01,91.769,89.286,3.1,3.1,60.8,3.25,0.4,3.54,3.38,1179.87,418619.2,104.19,89.3,79.1,112.841,83.8,88.4,105.8,101.3,141.39,114.7,104.77,-9.93,81.88,101.43,86.53,"1,564.20","1,843.47",228.713,0.16,8.2
2012-06-01,91.639,89.381,3.2,3.2,60.7,3.25,0.5,3.54,3.29,1140.72,419240.4,102.93,88.2,75.7,111.096,83.7,88,101.2,100.1,136.37,107.67,105.11,-2.56,81.85,97.88,84.96,"1,604.20","1,854.01",228.524,0.16,8.2
2012-07-01,91.432,89.389,3.1,3.1,60.6,3,0.5,3.34,3.01,1130.27,419861.6,102.48,88.7,79.9,109.074,84.3,88.9,96.7,98.7,135.21,107.69,104.08,-3.61,81.73,103.84,88.06,"1,614.60","1,881.99",228.59,0.16,8.2
2012-08-01,91.855,89.535,3.2,3,59.9,3,0.5,3.19,2.83,1133.19,420903.5667,103.11,87.7,74.2,103.61,82.3,88.6,95.1,97.4,137.46,105.72,98.72,-7,81.68,114.05,96.47,"1,687.60","1,905.12",229.918,0.13,8.1
2012-09-01,92.512,89.621,3.2,2.9,60.2,3,-0.1,3.14,2.81,1113.07,421945.5333,103.47,88.5,81.1,107.092,83.7,88.7,93.9,96.2,138.46,109.42,107.32,-2.1,81.87,111.58,92.19,"1,773.90","1,996.21",231.015,0.14,7.8
2012-10-01,92.339,89.664,3.1,2.8,60.3,2.75,0.4,2.93,2.78,1089.92,422987.5,102.67,88.7,78.5,109.721,83.4,88.2,91.8,95.3,133.89,111.61,108.29,-3.32,82.15,107.56,86.24,"1,719.10","1,912.06",231.638,0.16,7.8
2012-11-01,92.011,89.801,3.2,2.8,59.9,2.75,0.2,2.85,2.8,1081.5,424105.8,101.96,89.2,72.3,110.538,83.9,88.3,91,94.7,129.93,111.99,110.6,-1.39,82.36,110.25,88.91,"1,712.70","1,932.90",231.249,0.16,7.7
2012-12-01,92.175,89.938,3.1,2.9,58.6,2.75,0.3,2.88,2.85,1063.24,425224.1,101.71,89.1,75.6,109.939,84.3,87.8,91.7,94.5,128.57,110.6,102.99,-7.61,82.52,109.89,91.82,"1,675.80","1,997.05",231.221,0.16,7.9
2013-01-01,92.728,90.299,3.1,3.4,57.7,2.75,0.7,2.86,2.75,1087.31,426342.4,101.87,89.7,79,113.723,83.8,88.4,94.9,94.6,127.54,116.57,104.6,-11.97,82.69,114.54,97.49,"1,662.00","1,961.94",231.679,0.14,8
2013-02-01,93.038,90.531,3.2,3.9,57.5,2.75,0.8,2.83,2.7,1083.9,427948.3,102.57,90.5,75.7,109.206,83.8,89.7,96.9,94.8,131.02,104.12,97.15,-6.97,82.87,110.42,92.05,"1,578.10","2,026.49",232.937,0.15,7.7
2013-03-01,92.952,90.402,3.1,3.5,58.7,2.75,0.3,2.81,2.6,1111.05,429554.2,102.16,89,75.8,108.214,83.3,88.6,98.9,95.3,129.98,112.37,107.8,-4.57,83.16,110.02,97.23,"1,595.70","2,004.89",232.282,0.14,7.5
2013-04-01,92.823,90.342,3,3.2,60,2.75,0.3,2.8,2.55,1101.16,431160.1,101.84,90.3,76.2,108.41,83.3,89.2,98.6,95.7,130.1,112.51,106.82,-5.69,83.55,102.37,93.46,"1,472.10","1,963.95",231.797,0.15,7.6
2013-05-01,92.823,90.685,3,3,60.6,2.5,0.2,2.72,2.59,1130.51,432601.6333,101.49,90.1,76.9,107.49,83.9,89.5,97.9,96.3,127.75,108.73,111.53,2.8,83.8,100.39,91.97,"1,393.00","2,001.05",231.893,0.11,7.5
2013-06-01,92.71,90.737,3.1,3.1,60.8,2.5,0.5,2.69,2.87,1141.45,434043.1667,101.48,89.6,76.5,107.399,84.3,89.2,97,96.8,130.45,104.67,103.11,-1.56,83.98,102.16,96.56,"1,223.70","1,863.32",232.445,0.09,7.5
2013-07-01,92.909,90.754,3.2,3.1,60.7,2.5,0.2,2.68,2.91,1123.25,435484.7,101.46,89.5,81.8,104.307,85.1,89.1,96.2,97.4,129.39,111.46,105.72,-5.74,84.23,107.7,105.03,"1,313.00","1,914.03",232.9,0.09,7.3
2013-08-01,93.238,90.711,3.2,3,60.2,2.5,-0.1,2.66,2.94,1109.42,436756.5667,101.74,90.3,84,106.364,84.2,90,96.1,98,130.22,106.73,104.56,-2.17,84.58,114.01,107.65,"1,396.10","1,926.36",233.456,0.08,7.2
2013-09-01,93.419,90.986,3,2.7,60.6,2.5,0.9,2.66,2.9,1073.58,438028.4333,101.63,89.6,76.5,103.313,83.8,89.6,96.9,98.6,127.21,106.38,102.72,-3.66,85.02,108.37,102.33,"1,327.00","1,996.96",233.544,0.08,7.2
2013-10-01,93.134,91.089,3.1,2.7,60.8,2.5,0.4,2.66,2.834,1060.83,439300.3,101.27,91.1,90.7,107.997,84.3,89.9,98.2,99.1,124.12,117.1,115.57,-1.53,85.6,108.84,96.38,"1,323.70","2,030.09",233.669,0.09,7.2
2013-11-01,93.116,91.32,3.1,2.6,60.7,2.5,0.5,2.65,2.936,1057.76,440423.5,101.07,90.7,80.4,107.812,84.7,89.9,98.6,99.5,123.56,111.24,110.98,-0.26,86.04,109.69,92.72,"1,250.40","2,044.87",234.1,0.08,6.9
2013-12-01,93.229,91.381,3.2,3,59.4,2.5,0.6,2.65,2.941,1049.5,441546.7,101.3,90.2,78.6,108.656,84.6,88.9,98.4,99.9,124.03,114.14,107.33,-6.81,86.4,110.8,98.42,"1,202.30","2,011.34",234.719,0.09,6.7
2014-01-01,93.73,91.638,3.1,3.4,58.8,2.5,0.4,2.65,2.892,1080.36,442669.9,101.57,92,79.6,110.725,87.4,91.3,101,100,123.71,115.7,104.12,-11.58,86.91,106.4,97.49,"1,239.80","1,941.15",235.288,0.07,6.6
2014-02-01,93.98,91.793,3.6,4.5,58.9,2.5,1,2.65,2.854,1066.01,444070.7333,101.7,91.5,86,109.321,84.8,90.9,103.2,100,124.78,108.77,99.33,-9.44,87.33,109.07,102.59,"1,321.60","1,979.99",235.547,0.07,6.7
2014-03-01,94.153,91.972,3.4,3.9,59.7,2.5,0.4,2.65,2.874,1064.65,445471.5667,101.66,91.6,81.6,110.365,85,91,101.3,99.9,124.13,117.37,112.33,-5.04,87.74,107.76,101.58,"1,283.80","1,985.61",236.028,0.08,6.7
2014-04-01,94.214,92.102,3.6,3.8,60.9,2.5,0.4,2.65,2.875,1032.75,446872.4,101.5,91.8,85.1,110.593,84,90.3,103,99.7,121.07,118.19,115.24,-2.95,87.87,108.07,99.74,"1,295.90","1,961.79",236.468,0.09,6.2
2014-05-01,94.369,92.325,3.5,3.5,61.1,2.5,0.6,2.65,2.838,1020.3,447256.1,101.49,90.8,82.4,105.287,85.3,90.9,101.2,99.5,119,109.2,107.79,-1.41,87.92,108.68,102.71,"1,246.00","1,994.96",236.918,0.09,6.3
2014-06-01,94.248,92.291,3.5,3.5,61.2,2.5,0.7,2.65,2.746,1011.5,447639.8,101.53,91.9,77.6,107.922,85.8,91.7,97.8,99.3,118.94,107.89,105.38,-2.51,88.01,112.07,105.37,"1,322.00","2,002.21",237.231,0.1,6.1
2014-07-01,94.386,92.462,3.5,3.4,61.4,2.5,0.6,2.65,2.558,1027.75,448023.5,101.61,92.3,84.5,108.837,86.2,91.9,96,99.2,118.32,116.64,112.49,-4.15,88.12,106.53,98.17,"1,282.80","2,076.12",237.498,0.09,6.2
2014-08-01,94.551,92.591,3.6,3.3,61.1,2.25,0.9,2.51,2.54,1013.85,448818.7333,101.5,91.4,75.6,103.457,87,92.3,98.3,99.1,117.37,110.66,104.32,-6.34,88.27,103.77,95.96,"1,287.40","2,068.54",237.46,0.09,6.1
2014-09-01,94.49,92.506,3.5,3.1,61.1,2.25,0.3,2.35,2.405,1054.55,449613.9667,101.14,90.5,83.8,103.851,85.1,91.7,101.1,99.2,115.94,113.38,108.08,-5.3,88.55,95.32,91.16,"1,211.60","2,020.09",237.477,0.09,5.9
2014-10-01,94.205,92.557,3.6,3.2,61.1,2,0.9,2.21,2.239,1072.6,450409.2,100.43,91.4,84.5,104.001,84.8,92.3,96.3,99.2,114.7,113.86,115.17,1.31,88.84,86.34,80.54,"1,171.60","1,964.43",237.43,0.09,5.7
2014-11-01,94.015,92.54,3.5,3,61.1,2,1.2,2.14,2.138,1112.45,451707.0667,100.12,91.3,88.4,105.016,85.5,92.3,97.8,99.2,113.7,105.99,107.37,1.38,89.1,70.58,66.15,"1,175.50","1,980.78",236.983,0.09,5.8
2014-12-01,94.006,92.66,3.6,3.3,59.7,2,0.3,2.13,2.143,1092.9,453004.9333,99.14,91.5,90,107.257,88.7,91.6,96.6,99.3,107.86,112.7,111.5,-1.2,89.34,58.21,53.27,"1,184.10","1,915.59",236.252,0.12,5.6
2015-01-01,94.643,93.882,3.4,3.7,59,2,0.4,2.13,2.039,1101.4,454302.8,97.92,91.5,90.3,105.442,86.4,92.1,98.5,99.3,99.72,101.11,99.42,-1.69,89.58,53.95,48.24,"1,279.20","1,949.26",234.747,0.11,5.7
2015-02-01,94.587,93.995,3.7,4.5,59.1,2,0.8,2.12,2.024,1100.53,454954.0667,97.99,92.8,90,106.903,89.3,93.6,103.1,99.3,102.52,87.16,87.92,0.76,89.88,63.15,49.76,"1,213.10","1,985.80",235.342,0.11,5.5
2015-03-01,94.596,94.137,3.5,4,59.8,1.75,0.8,1.95,1.865,1107.99,455605.3333,97.87,92.1,89.3,104.318,87.4,93.4,101.3,99.1,102.86,98.82,105.55,6.73,90.29,56.21,47.6,"1,183.20","2,041.03",235.976,0.11,5.4
2015-04-01,94.625,94.194,3.6,3.9,60.6,1.75,1.1,1.81,1.739,1076.34,456256.6,97.84,92.9,88,104.999,88.5,93.9,103.7,98.9,100.38,97.78,105.32,7.54,90.83,67.45,59.63,"1,182.40","2,127.17",236.222,0.12,5.4
2015-05-01,94.89,94.383,3.7,3.7,61.2,1.75,1,1.8,1.875,1112.01,458512.9,97.9,91.6,82.7,102.128,88.5,93.2,102.2,98.4,101.65,91.25,97.74,6.49,91.23,66.14,60.3,"1,189.80","2,114.80",237.001,0.12,5.6
2015-06-01,94.909,94.345,3.8,3.8,61.2,1.5,0.3,1.7,1.773,1119.03,460769.2,97.85,92.2,87.8,104.469,85.9,92.8,91.6,98,102.23,92.63,102.84,10.21,91.68,64.14,59.47,"1,171.80","2,074.20",237.657,0.13,5.3
2015-07-01,95.08,94.78,3.7,3.6,61.3,1.5,0.9,1.65,1.777,1165.67,463025.5,97.5,92.4,91.3,103.151,87.3,93.8,95.7,97.6,101.79,97.52,102.62,5.1,92,52.85,47.12,"1,095.10","2,030.16",238.034,0.13,5.2
2015-08-01,95.213,94.969,3.7,3.4,60.9,1.5,0.9,1.64,1.735,1181.82,464218.3333,96.89,93.8,87.5,105.685,87.9,94.6,97.3,97.3,101.37,88.66,91.2,2.54,92.28,54.99,49.2,"1,132.50","1,941.49",238.033,0.14,5.1
2015-09-01,94.966,94.752,3.5,3.2,61.1,1.5,0.5,1.6,1.651,1184.44,465411.1667,96.47,95,93.4,107.354,89.3,94.9,97,96.9,100.75,87.2,99.41,12.21,92.66,49.05,45.09,"1,115.20","1,962.81",237.498,0.14,5
2015-10-01,94.966,94.846,3.5,3.1,61.2,1.5,0.2,1.58,1.627,1140.16,466604,95.81,94.3,93.9,105.635,91.6,95.3,97.5,96.5,97.63,92.97,101.64,8.67,93.05,50.31,46.59,"1,141.40","2,029.47",237.733,0.12,5
2015-11-01,94.786,94.903,3.6,3,61,1.5,0.3,1.59,1.752,1159.61,467199.2667,95.43,93.9,85.6,105.215,90.2,94.9,97.1,96,95.95,86.81,93.83,7.02,93.43,45.24,41.65,"1,065.30","1,991.97",238.017,0.12,5.1
2015-12-01,95.07,95.111,3.5,3.2,60.1,1.5,0.2,1.67,1.719,1174.95,467794.5333,95.21,94.6,89.3,104.114,91.6,96,94,95.4,94.92,90.21,96.93,6.72,93.67,37.67,37.04,"1,060.20","1,961.31",237.761,0.24,5
2016-01-01,95.232,95.555,3.4,3.7,59,1.5,0.9,1.67,1.628,1207.11,468389.8,94.69,93.5,85.4,103.721,91.6,94.5,93.9,94.9,93.46,79.66,81.45,1.79,93.8,35.99,33.62,"1,116.40","1,912.06",237.652,0.34,4.8
2016-02-01,95.64,95.782,4,4.9,58.9,1.5,0.9,1.64,1.474,1237.24,470347.5,94.69,94.6,85.8,105.021,90,95.6,92.8,94.6,94.93,74.6,80.77,6.17,93.91,36.57,33.75,"1,234.40","1,916.66",237.336,0.38,4.9
2016-03-01,95.393,95.905,3.8,4.2,59.7,1.5,0.4,1.63,1.498,1143.97,472305.2,94.63,95.2,86.6,104.763,91.9,95.9,94.4,94.5,95.02,85.17,96.71,11.54,94,40.33,38.34,"1,235.60","1,995.85",238.08,0.36,5
2016-04-01,95.573,96.075,3.6,3.9,60.5,1.5,0.3,1.61,1.468,1143.83,474262.9,94.87,94.8,86.2,103.238,91.5,96.3,97.1,94.7,93.28,82.98,91.21,8.23,94.13,47.37,45.92,"1,290.50","1,994.15",238.992,0.37,5.1
2016-05-01,95.63,96.302,3.6,3.6,61.1,1.5,0.7,1.58,1.455,1188.39,474878.6,94.98,96,87.3,105.843,92.7,96.4,95.4,95,96.51,83.02,92.34,9.32,94.23,49.89,49.1,"1,217.50","1,983.40",239.557,0.37,4.8
2016-06-01,95.611,96.321,3.5,3.6,61.3,1.25,0.7,1.43,1.334,1150.99,475494.3,95.21,96.4,93.2,104.844,93.4,96.9,95.1,95.5,97.25,84.97,95.91,10.94,94.33,49.71,48.33,"1,320.60","1,970.35",240.222,0.38,4.9
2016-07-01,95.431,96.529,3.6,3.5,61.3,1.25,0.7,1.36,1.218,1110.89,476110,95.1,95.9,86.9,103.936,91,96.8,96.2,96,94.55,84.62,94.62,10,94.4,43.53,41.6,"1,357.50","2,016.19",240.101,0.39,4.8
2016-08-01,95.677,96.708,4,3.6,61.2,1.25,1.2,1.35,1.238,1115.29,477336.1333,95.19,96.3,94.3,101.198,92.4,97.6,98.1,96.5,92.87,89.36,89.97,0.61,94.48,46.89,44.7,"1,311.40","2,034.65",240.545,0.4,4.9
2016-09-01,96.247,96.642,4,3.5,61.1,1.25,0.1,1.34,1.312,1100.91,478562.2667,95.41,96.4,92.1,101.965,90,97.3,98.1,96.9,93.03,86.84,94.3,7.46,94.55,50.19,48.24,"1,317.10","2,043.63",241.176,0.4,5
2016-10-01,96.379,96.604,3.8,3.3,61.2,1.25,0.4,1.35,1.361,1141.73,479788.4,95.69,95.8,92.6,100.43,92.9,96.7,96.6,97.1,97.07,89.16,96.5,7.34,94.69,48.61,46.86,"1,273.10","2,008.19",241.741,0.4,4.9
2016-11-01,96.237,96.51,3.6,3.1,61.2,1.25,0.4,1.42,1.609,1176.39,481578.4667,96.12,97.4,96.2,105.437,92.6,96.6,96.3,97.3,99.43,94.66,101.58,6.92,94.83,51.84,49.44,"1,173.90","1,983.48",242.026,0.41,4.7
2016-12-01,96.342,96.633,3.4,3.2,60.2,1.25,0.3,1.54,1.692,1206.25,483368.5333,96.96,97.3,98.8,102.742,93.7,97.2,94.1,97.5,103.61,96.78,104.74,7.96,94.91,57.49,53.72,"1,151.70","2,026.46",242.637,0.54,4.7
2017-01-01,97.366,97.228,3.4,3.7,59.1,1.25,0.4,1.5,1.643,1150.65,485158.6,98.37,97.7,95,107.1,92.5,97.1,96.4,97.8,105.91,96.35,93.07,-3.28,94.94,55.58,52.81,"1,211.40","2,067.57",243.618,0.65,4.7
2017-02-01,97.632,97.483,4,4.9,59.3,1.25,0.4,1.49,1.665,1136.39,486351.7667,98.75,97.9,100.4,104.451,94,97.1,98.2,98.2,103.66,92.9,98.64,5.74,94.97,56.51,54.01,"1,253.90","2,091.64",244.006,0.66,4.6
2017-03-01,97.565,97.502,3.7,4.1,60.3,1.25,0.3,1.48,1.709,1116.65,487544.9333,98.71,99,104.4,105.858,92.6,97.8,100.7,98.7,101.44,109.29,111.45,2.16,95.04,53.53,50.6,"1,251.20","2,160.23",243.892,0.79,4.4
2017-04-01,97.442,97.597,3.9,4.2,61,1.25,0.7,1.43,1.678,1136.87,488738.1,98.5,98.1,102.1,103.584,93.2,97.9,100.3,99.2,101.87,96.85,105.41,8.56,95.1,52.05,49.33,"1,268.30","2,205.44",244.193,0.9,4.4
2017-05-01,97.546,97.786,3.4,3.6,61.5,1.25,0.3,1.39,1.69,1118.65,490985.8667,98.23,98.4,105.5,103.626,93.2,98.1,101.3,99.7,100.43,100.71,102.57,1.86,95.17,50.76,48.32,"1,275.40","2,347.38",244.004,0.91,4.4
2017-06-01,97.338,97.729,3.7,3.8,61.5,1.25,0.4,1.38,1.673,1144.43,493233.6333,97.85,98.1,109.1,102.018,94,98.4,100.7,100.3,99.22,103.45,106.43,2.98,95.25,48.77,46.04,"1,242.30","2,391.79",244.163,1.04,4.3
2017-07-01,97.499,97.984,3.5,3.4,61.6,1.25,0,1.39,1.74,1118.4,495481.4,97.92,98.4,105.8,103.301,93.2,98.1,99.9,100.8,99.72,98.92,103.24,4.32,95.3,52.72,50.17,"1,273.40","2,402.71",244.243,1.15,4.3
2017-08-01,98.058,98.126,4,3.6,61.2,1.25,0.6,1.39,1.78,1123.85,495105.5667,98.37,98.7,105.7,102.801,92.9,99.2,101.1,101.3,101.28,103.91,106.1,2.19,95.37,52.86,47.23,"1,322.20","2,363.19",245.183,1.16,4.4
2017-09-01,98.172,97.965,3.7,3.3,61.4,1.25,0.3,1.38,1.785,1144.29,494729.7333,99.03,100.4,113.3,103.107,95.3,100.1,99.7,101.6,103.07,107.59,122.38,14.79,95.43,56.79,51.67,"1,284.80","2,394.47",246.435,1.15,4.3
2017-10-01,98.077,98.145,3.7,3.2,61.4,1.25,0.3,1.38,2.026,1117.42,494353.9,99.14,98.5,93.5,104.219,94.1,98.6,102.8,101.8,103.65,98.01,101.51,3.5,95.49,60.94,54.38,"1,270.50","2,523.43",246.626,1.15,4.2
2017-11-01,97.347,97.805,3.7,3.1,61.4,1.5,0.6,1.45,2.15,1087.13,496748.2667,99.04,99.3,103.8,103.243,97.7,99.4,102.8,101.9,103.4,108.33,119.11,10.78,95.53,62.63,57.4,"1,276.70","2,476.37",247.284,1.16,4.2
2017-12-01,97.698,97.965,3.5,3.3,60.4,1.5,0.3,1.66,2.1,1066.37,499142.6333,99.09,98.7,106.3,99.442,95.6,99.2,102.7,101.7,102.68,112.36,113.47,1.11,95.5,66.44,60.42,"1,309.30","2,467.49",247.805,1.3,4.1
2018-01-01,98.106,98.192,3.3,3.7,59.5,1.5,1.4,1.66,2.19,1069.08,501537,99.5,99.6,114.4,103.616,97,99.4,100.1,101.3,103.52,118.18,114.23,-3.95,95.46,68.89,64.73,"1,343.10","2,566.46",248.859,1.41,4
2018-02-01,98.855,98.608,3.8,4.6,59.2,1.5,0.4,1.65,2.277,1084.21,502848.9667,99.92,100.2,113.5,103.873,98.1,100.6,101.6,100.8,103.99,106.99,102.48,-4.51,95.37,64.73,61.64,"1,317.90","2,427.36",249.529,1.42,4.1
2018-03-01,98.751,98.807,4,4.5,60.2,1.5,0.2,1.65,2.271,1060.25,504160.9333,99.88,99,107.5,102.416,99.2,100.2,98.4,100.2,104.54,114.89,120.21,5.32,95.25,69.34,64.94,"1,327.30","2,445.85",249.577,1.51,4
2018-04-01,98.931,98.996,3.8,4.1,60.9,1.5,0.5,1.65,2.192,1069.33,505472.9,100.01,100.6,103.3,105.133,98.4,100.7,100.5,99.7,105.69,112.88,116.91,4.03,95.06,74.69,68.57,"1,319.20","2,515.38",250.227,1.69,4
2018-05-01,98.979,99.137,3.8,4,61.3,1.5,0.5,1.65,2.25,1079.59,506349.2667,100.3,100.6,101,106.128,97.5,100.5,102.5,99.2,108.8,114.8,121.64,6.84,94.8,77.56,67.04,"1,304.70","2,423.01",250.792,1.7,3.8
2018-06-01,98.779,98.958,3.6,3.7,61.4,1.5,0.6,1.65,2.175,1113.91,507225.6333,100.33,100.3,96.2,104.579,98,100.8,100.5,98.8,110.17,115.7,121.05,5.35,94.56,79.23,74.15,"1,254.50","2,326.13",251.018,1.82,4
2018-07-01,98.59,98.967,3.8,3.7,61.3,1.5,0.5,1.65,2.097,1112.25,508102,100.8,101.1,96.2,104.598,98.4,100.8,96.2,98.3,111.66,114.84,120.82,5.98,94.36,74.21,68.76,"1,233.60","2,295.26",251.214,1.91,3.8
2018-08-01,99.462,99.137,4.6,4,60.9,1.5,0.5,1.65,2.019,1115.46,509064.8,101.25,101.1,96,105.009,98.1,100.9,97.3,97.8,111.34,113.73,122.18,8.45,94.18,77.64,69.8,"1,206.70","2,322.88",251.663,1.91,3.8
2018-09-01,100.221,99.062,4.1,3.6,61.2,1.5,0.1,1.65,1.953,1109.98,510027.6,101.54,100.3,93.1,102.747,96.5,101,99.8,97.4,113.2,105.71,119.68,13.97,94.1,82.73,73.25,"1,196.20","2,343.07",252.182,1.95,3.7
2018-10-01,100.041,99.137,4,3.5,61.2,1.5,1,1.68,2.01,1141.02,510990.4,101.19,101.1,97.8,105.373,97.8,101.4,95.5,96.9,115.19,125.16,129.67,4.51,94.05,75.04,65.31,"1,215.00","2,029.69",252.772,2.19,3.8
2018-11-01,99.33,99.015,3.8,3.2,61.4,1.75,0.5,1.71,1.94,1119.44,511089.1333,100.49,99.8,92.8,103.091,98.8,100.6,94.4,96.5,109.52,120.35,120.19,-0.16,93.96,59.46,50.93,"1,226.00","2,096.86",252.594,2.2,3.8
2018-12-01,98.988,98.996,3.6,3.4,60.1,1.75,0.6,1.91,1.825,1113.3,511187.8667,100,99.2,90.1,101.188,99,100.7,95,96.1,105.46,112.81,109.28,-3.53,93.79,54.02,45.41,"1,281.30","2,041.04",252.767,2.27,3.9
2019-01-01,98.884,99.223,3.9,4.5,59.2,1.75,0.8,1.87,1.807,1111.4,511286.6,99.89,100.7,96.9,102.984,101.7,101.9,92.2,95.8,105.29,116.44,108.17,-8.27,93.58,60.84,53.79,"1,325.20","2,204.85",252.561,2.4,4
2019-02-01,99.311,99.695,3.9,4.7,59.4,1.75,0.2,1.87,1.802,1124.6,513552.1667,99.99,98,85.9,98.476,96.4,100.1,97.7,95.6,107.63,94.85,93.06,-1.79,93.38,66.31,57.22,"1,316.10","2,195.44",253.319,2.4,3.8
2019-03-01,99.121,99.544,3.8,4.3,60.4,1.75,0.7,1.9,1.789,1136.1,515817.7333,100.34,99.2,91.1,100.891,101.4,101.1,96.8,95.4,109.44,107.1,109.55,2.45,93.15,67.58,60.14,"1,298.50","2,140.67",254.277,2.41,3.8
2019-04-01,99.481,99.695,4.1,4.4,60.8,1.75,0.4,1.86,1.736,1163.25,518083.3,100.63,101,98.6,103.48,99.6,101.9,98.1,95.3,111.37,115.32,111.99,-3.33,92.88,72.06,63.91,"1,285.70","2,203.59",255.233,2.42,3.7
2019-05-01,99.652,99.705,3.8,4,61.5,1.75,0.4,1.84,1.679,1187.8,518454.4667,100.74,101,94.2,102.541,100.3,102.1,94.5,95.2,113.74,111.48,108.19,-3.29,92.67,61.99,53.5,"1,311.10","2,041.74",255.296,2.39,3.6
2019-06-01,99.491,99.638,3.9,4,61.6,1.75,0.8,1.8,1.496,1155.38,518825.6333,100.46,99.8,90.1,102.292,98.9,100.7,95.1,95,109.52,103.26,102.12,-1.14,92.48,64.74,58.47,"1,413.70","2,130.62",255.213,2.38,3.6
2019-07-01,99.187,99.837,4,3.9,61.5,1.5,0.4,1.68,1.382,1187.32,519196.8,100.46,101.8,94.7,106.363,98.4,101.8,92.3,94.8,110.39,111.8,108.6,-3.2,92.31,65.05,58.58,"1,437.80","2,024.55",255.802,2.4,3.7
2019-08-01,99.425,99.969,3.6,3,61.4,1.5,0.8,1.49,1.164,1209.5,520936.4333,100.69,101.8,95.3,103.143,102.1,103.2,91.5,94.5,111.17,108.39,102.84,-5.55,92.21,59.25,55.1,"1,529.40","1,967.79",256.036,2.13,3.6
2019-09-01,99.794,99.534,3.6,3.1,61.5,1.5,0.7,1.54,1.287,1198.09,522676.0667,100.75,101.7,93,105.758,99.5,102,94.5,94,110.89,99.69,104.26,4.57,92.19,59.25,54.07,"1,472.90","2,063.05",256.43,2.04,3.5
2019-10-01,100.041,99.761,3.5,3,61.7,1.25,0.9,1.46,1.357,1169.24,524415.7,100.51,102,96.6,104.316,99.8,102.3,93.4,93,108.3,107.22,109.34,2.12,92.27,59.62,54.18,"1,514.80","2,083.48",257.155,1.83,3.6
2019-11-01,99.481,99.534,3.6,3.1,61.7,1.25,0.7,1.52,1.492,1180.7,522167,100.37,101.9,95,102.185,102.9,103,94.8,91.4,107.27,103.93,105.2,1.27,92.4,60.49,55.17,"1,472.70","2,087.96",257.879,1.55,3.6
2019-12-01,99.719,99.62,3.5,3.4,60.8,1.25,0.6,1.53,1.39,1154.07,519918.3,100.65,103.1,99.4,104.625,103.9,103.1,95.3,88.9,108.99,111.7,108.23,-3.47,92.6,65.29,61.06,"1,523.10","2,197.67",258.63,1.55,3.6
2020-01-01,100.09,99.84,3.5,4.1,60,1.25,0.6,1.47,1.373,1194.97,517669.6,101.02,103.4,90.7,103.3,100,105.6,98,85.7,108.1,109.72,97.78,-11.94,92.86,56.62,51.56,"1,587.90","2,119.01",259.127,1.55,3.6
2020-02-01,100.16,100.07,3.4,4.1,60,1.25,0.6,1.42,1.253,1200.2,512941.2667,100.69,100.4,99.9,97.9,95,102,90,81.8,106.55,94.8,96.15,1.35,93.05,49.67,44.76,"1,566.70","1,987.01",259.25,1.58,3.5
2020-03-01,99.94,99.75,3.8,4.2,59.5,0.75,1,1.23,1.091,1218.3,508212.9333,99.8,98.6,100,103,93.9,96.5,68.6,78,100.85,107.93,108.98,1.05,93.23,26.35,20.48,"1,596.60","1,754.64",258.076,0.65,4.4
2020-04-01,99.5,99.79,3.9,4.2,59.4,0.75,1.2,1.1,1.024,1212.94,503484.6,98.93,97.2,100.2,98.3,97.1,96.3,61.3,75.1,95.15,97.43,85.86,-11.57,93.33,26.48,18.84,"1,694.20","1,947.56",256.032,0.05,14.8
2020-05-01,99.44,99.93,4.3,4.5,60.2,0.5,1.2,1.02,0.878,1231.49,507191.6667,98.96,95.9,96.4,89.4,101.3,97.9,63.5,73.7,98.97,88.84,81.1,-7.74,93.42,37.84,35.49,"1,751.70","2,029.60",255.802,0.05,13.2
2020-06-01,99.71,100.02,4.2,4.3,60.4,0.5,0.8,0.79,0.85,1199.28,510898.7333,99.47,98.6,100.8,96,103.5,99.1,68.2,73.9,101.41,91.86,91.64,-0.22,93.66,41.27,39.27,"1,800.50","2,108.33",257.042,0.08,11
2020-07-01,99.63,100.17,4.2,4,60.5,0.5,0.6,0.79,0.826,1193.59,514605.8,99.69,99.8,103,98.6,98.9,100.2,76.8,75.5,100.57,99.82,99.41,-0.41,93.96,43.52,40.27,"1,985.90","2,249.37",258.352,0.09,10.2
2020-08-01,100.19,100.36,3.7,3.1,60.4,0.5,0.3,0.68,0.829,1187.94,517306.0667,100.18,99.6,96.4,98.8,101.5,99.7,83.1,77.9,99.49,91.39,93.29,1.9,94.37,45.66,42.61,"1,978.60","2,326.17",259.316,0.1,8.4
2020-09-01,100.74,100.16,4.1,3.6,60.3,0.5,0.5,0.63,0.908,1164.65,520006.3333,100.38,101.4,113.9,103.6,103.1,99.7,77.4,80.9,98.37,99.8,112.33,12.53,94.87,42.3,40.22,"1,895.50","2,327.89",259.997,0.09,7.8
2020-10-01,100.18,99.5,4.2,3.7,60.4,0.5,1.2,0.63,0.91,1136.49,522706.6,99.98,101.3,94.9,103.5,102.1,101,88.8,84.2,96.2,100.16,105.56,5.4,95.31,37.94,35.79,"1,879.90","2,267.15",260.319,0.09,6.9
2020-11-01,100.09,100.16,4.1,3.4,60.7,0.5,1,0.66,0.965,1109.32,525394.7667,100.06,102.2,98.5,103.6,101.6,101.7,91.9,87.6,96.19,103.35,109.25,5.9,95.94,47.88,45.34,"1,780.90","2,591.34",260.911,0.09,6.7
2020-12-01,100.33,100.26,4.2,4.1,59.1,0.5,0.5,0.66,0.97,1084.47,528082.9333,100.84,101.5,105.4,104,102,100.2,85.7,90.8,98.16,114.91,118.65,3.74,96.87,51.82,48.52,"1,895.10","2,873.47",262.045,0.09,6.7
2021-01-01,101.04,100.56,4.7,5.7,57.4,0.5,1,0.68,0.975,1117.64,530771.1,101.96,101.6,111.7,103.5,104.1,100.1,92.9,94,101.79,114.99,108.86,-6.13,97.55,55.04,52.2,"1,850.30","2,976.21",262.639,0.09,6.4
2021-02-01,101.58,100.7,4.1,4.9,58.6,0.5,1.1,0.73,0.995,1123.89,533148.6667,102.8,103.7,106.8,106.5,101.7,102.2,96.8,96.9,106.28,109.67,105.87,-3.8,98.18,64.42,61.5,"1,728.80","3,012.95",263.573,0.08,6.2
2021-03-01,101.84,100.82,3.9,4.3,59.8,0.5,1,0.75,1.133,1127.17,535526.2333,103.89,104.5,109.1,105,103.9,103.8,101.7,99.6,109.97,128.65,125.1,-3.55,98.64,62.74,59.16,"1,715.60","3,061.42",264.847,0.07,6.1
2021-04-01,101.98,101.01,3.8,4,60.4,0.5,1.6,0.74,1.138,1117.16,537903.8,104.88,104.1,118.2,103.5,105.5,104.4,106,101.9,109.72,130.93,121.87,-9.06,98.99,66.76,63.58,"1,767.70","3,147.86",266.625,0.07,6.1
2021-05-01,102.05,101.12,3.8,4,61.2,0.5,0.8,0.68,1.134,1106.58,537964.4333,105.45,104.2,107.4,102.6,104.8,104.7,105.9,103.8,112.98,123.88,120.86,-3.02,99.35,68.95,66.32,"1,905.30","3,203.92",268.404,0.06,5.8
2021-06-01,102.05,101.14,3.7,3.8,61.3,0.5,0.8,0.66,1.302,1130.48,538025.0667,106.01,105,114.8,103.5,106,105.3,110.1,105.2,116.05,128.88,128.8,-0.08,100,74.62,73.47,"1,771.60","3,296.68",270.71,0.08,5.9
2021-07-01,102.26,101.45,3.3,3.2,61.3,0.5,0.9,0.69,1.419,1151.41,538085.7,107.04,105.2,118.6,106,107,104.9,104.6,106.3,120.23,137.89,130.69,-7.2,100.59,75.41,73.95,"1,817.20","3,202.32",271.965,0.1,5.4
2021-08-01,102.75,101.7,3.2,2.6,61.2,0.75,1.4,0.77,1.411,1158.73,540944.5333,107.6,105.1,109.8,105.6,106.5,104.3,105.8,107,121.79,132.72,126.02,-6.7,101.23,71.63,68.5,"1,818.10","3,199.27",272.752,0.09,5.1
2021-09-01,103.17,101.58,3.1,2.7,61.3,0.75,0.7,0.98,1.515,1184.23,543803.3667,108,106.3,104.3,105.2,109.1,105.9,105.3,107.4,124.58,133.6,133.18,-0.42,101.82,78.31,75.03,"1,757.00","3,068.82",273.942,0.08,4.7
2021-10-01,103.35,101.83,3.2,2.8,61.4,0.75,1.1,1.08,1.842,1174.47,546662.2,109.12,106.7,98.9,105.7,108.7,106.8,106.6,107.6,131.11,139.29,132.29,-7,102.45,83.72,83.57,"1,783.90","2,970.68",276.528,0.08,4.5
2021-11-01,103.87,102.06,3.1,2.6,61.5,1,1.3,1.17,1.953,1182.71,547542.7,109.9,108,109.5,107.2,106.3,108.3,107.4,107.7,129.82,147.64,138.64,-9,102.92,69.23,66.18,"1,776.50","2,839.01",278.824,0.08,4.2
2021-12-01,104.04,102.51,3.5,3.5,60.4,1,0.7,1.27,1.8,1187.96,548423.2,109.88,109.6,111.1,111.7,108.1,108,105.3,107.4,127.23,158.09,144.75,-13.34,103.18,77.35,75.21,"1,828.60","2,977.65",280.806,0.08,3.9
2022-01-01,104.85,103.17,3.3,4.1,59.6,1.25,0.5,1.39,2.06,1204.63,549303.7,111.04,110,116.1,112.5,106.4,108.7,106.4,106.9,132.86,155.81,133.66,-22.15,103.25,89.26,88.15,"1,796.40","2,663.34",282.542,0.08,4
2022-02-01,105.42,103.59,2.8,3.4,60.6,1.25,0.6,1.5,2.285,1200.12,550764.0667,111.57,108.2,107.2,109.2,104.3,107,106.7,106.2,138.93,138.78,127.41,-11.37,103.25,97.97,95.72,"1,900.70","2,699.18",284.525,0.08,3.8
2022-03-01,106.1,103.68,2.8,3,61.4,1.25,0,1.5,2.369,1214.17,552224.4333,113.27,110,104.5,110.1,106.4,109.1,104.3,105.3,149.45,165.76,152.14,-13.62,103.23,104.71,100.28,"1,954.00","2,757.65",287.467,0.2,3.7
2022-04-01,106.83,104.05,2.8,3,62.1,1.5,0.3,1.63,2.941,1263.03,553684.8,115.1,110.7,103.8,107.4,105.9,111.3,106.6,104.3,148.6,155.99,139.04,-16.95,103.24,107.14,104.69,"1,911.70","2,695.05",288.582,0.33,3.7
2022-05-01,107.5,104.57,2.9,3,63,1.75,0.9,1.77,3.019,1242.26,554403.7,115.92,110.7,114.2,105.1,105.4,111.9,107.6,103.2,154.23,163.51,145.18,-18.33,103.23,115.6,114.67,"1,848.40","2,685.90",291.299,0.77,3.6
2022-06-01,108.21,105.09,2.9,3,62.9,1.75,0.3,1.99,3.477,1287.51,555122.6,116.57,111.2,112.7,107.1,104.6,112.7,103.4,101.8,155.09,155.23,137.94,-17.29,103.21,109.03,105.76,"1,807.30","2,332.64",295.072,1.21,3.6
2022-07-01,108.73,105.52,3,2.9,62.9,2.25,0.2,2.41,3.238,1302.97,555841.5,116.9,111.9,115.1,106.1,105,113.1,98.5,100.4,151,168.97,140.66,-28.31,103.12,103.97,98.62,"1,781.80","2,451.50",294.94,1.68,3.5
2022-08-01,108.63,105.84,2.6,2.1,62.8,2.5,0.6,2.79,3.247,1341.19,555003.9667,116.45,111,122.9,102.4,108.6,114.3,99.9,99,149.68,170.77,135.14,-35.63,102.84,95.64,89.55,"1,726.20","2,472.05",295.162,2.33,3.6
2022-09-01,108.82,105.7,2.8,2.4,62.7,2.5,0.2,3.01,3.903,1439.96,554166.4333,116.53,110.9,112.6,102.2,106.5,114.5,98.6,97.7,154.7,157.88,136.49,-21.39,102.33,85.14,79.49,"1,684.90","2,155.49",296.421,2.56,3.5
2022-10-01,109.16,106.1,2.8,2.4,62.7,3,0.5,3.69,4.235,1425.83,553328.9,117.13,110.1,122.1,99.6,107.1,114.2,95.7,96.3,156.5,153.04,123.64,-29.4,101.43,92.81,86.53,"1,654.90","2,293.61",297.979,3.08,3.6
2022-11-01,109.07,106.35,2.8,2.3,62.7,3.25,0.8,3.99,3.895,1301.65,554139.6333,116.75,111,117.8,99.9,104.1,113.7,91.9,95.1,147.92,152.49,122.79,-29.7,99.86,86.97,80.56,"1,775.10","2,472.53",298.708,3.78,3.6
2022-12-01,109.26,106.65,3,3,61.3,3.25,-0.2,4.02,3.63,1260.92,554950.3667,116.27,109.5,115.8,96.4,104.5,114.4,92.1,94.2,138.28,154.27,127.09,-27.18,97.44,85.65,80.47,"1,842.20","2,236.40",298.808,4.1,3.5
2023-01-01,110.07,107.29,2.9,3.6,60.3,3.5,-0.1,3.8,3.46,1233.3,555761.1,116.69,108.7,100.3,100.5,101,113.7,90.7,93.4,135.29,152.78,109.39,-43.39,95.22,85.46,80.11,"1,962.20","2,425.08",300.456,4.33,3.5
2023-02-01,110.33,107.6,2.6,3.1,61.1,3.5,0.5,3.52,3.47,1323.02,556782.7,116.91,110.6,114.6,97.2,107.2,115.7,91.8,93,137.95,142.82,118.24,-24.58,93.5,83.45,77.05,"1,853.20","2,412.85",301.476,4.57,3.6
2023-03-01,110.52,107.81,2.6,2.9,62.2,3.5,-0.4,3.61,3.461,1306.11,557804.3,117.05,111.6,108.7,101.8,105.2,115.3,91.9,92.8,139,154.62,131.25,-23.37,92.44,79.89,75.67,"2,004.10","2,476.86",301.643,4.65,3.5
2023-04-01,110.77,108.12,2.6,2.8,62.7,3.5,-0.2,3.5,3.263,1337.78,558825.9,116.96,110.1,108.3,100.1,104.2,114.8,94.5,92.8,139.58,134.1,116.47,-17.63,91.86,80.33,76.78,"2,018.30","2,501.53",302.858,4.83,3.4
2023-05-01,111.13,108.51,2.5,2.7,63.5,3.5,0,3.64,3.33,1320.56,560229.1667,116.53,111.9,107.8,103.3,104.8,115.4,94.9,93,135.35,139.43,123.81,-15.62,91.57,72.6,68.09,"1,982.10","2,577.12",303.316,5.06,3.6
2023-06-01,111.16,108.61,2.6,2.7,63.5,3.5,0.3,3.75,3.548,1315.11,561632.4333,116.27,111.9,112.3,101.2,105.7,116.3,96.4,93.2,130.16,136.5,125.27,-11.23,91.42,75.41,70.64,"1,929.40","2,564.28",304.099,5.08,3.6
2023-07-01,111.29,108.91,2.8,2.7,63.2,3.5,0.5,3.75,3.638,1277.86,563035.7,116.53,111.1,101.9,99.2,103,116.4,94.8,93.4,130.43,125.63,118.78,-6.85,91.39,85.43,81.8,"2,009.20","2,632.58",304.615,5.12,3.5
2023-08-01,112.28,109.16,2.5,2,63.1,3.5,0.3,3.7,3.727,1325.14,563889.6667,117.5,112.6,103.4,102.7,104,116.5,94.7,93.5,135.83,130.89,122.63,-8.26,91.52,86.83,83.63,"1,965.90","2,556.27",306.138,5.33,3.7
2023-09-01,112.85,109.02,2.7,2.3,63.2,3.5,0.4,3.76,3.842,1352.31,564743.6333,118.03,114,110.6,104,103.4,117.2,93.4,93.5,139.83,131.46,129.76,-1.7,91.81,92.2,90.79,"1,885.40","2,465.07",307.374,5.33,3.8
2023-10-01,113.27,109.4,2.5,2.1,63.3,3.5,0.4,3.82,4.031,1352.15,565597.6,117.86,112.8,108.1,102.9,104.4,116.6,92.4,93.5,141.07,136.93,126.28,-10.65,92.15,85.02,81.02,"1,994.30","2,277.99",307.653,5.33,3.9
2023-11-01,112.68,109.4,2.8,2.3,63.1,3.5,0.9,3.83,3.771,1299.35,568048.7333,117.41,113.5,108.7,102.9,104.3,116.8,91.8,93.5,135.04,133.42,131.52,-1.9,92.39,80.86,75.96,"2,038.10","2,535.29",308.087,5.33,3.7
2023-12-01,112.73,109.6,3.2,3.3,61.7,3.5,0.5,3.83,3.35,1294.4,570499.8667,117.56,113.1,110.1,100.9,104.1,117.5,91.7,93.4,132.89,136.1,131.17,-4.93,92.5,77.04,71.65,"2,071.80","2,655.28",308.735,5.33,3.8
2024-01-01,113.17,110.01,2.9,3.7,61,3.5,0.2,3.74,3.266,1333.59,572951,118.19,113.3,103.6,101.7,103.9,117,91.8,93.4,136.27,140.93,126.58,-14.35,92.55,81.71,75.85,"2,057.40","2,497.09",309.794,5.33,3.7
2024-02-01,113.78,110.34,2.7,3.2,61.6,3.5,0.2,3.69,3.351,1334.78,572516.2333,118.55,114.6,112.8,103.4,100.3,118,93.7,93.4,137.63,123.87,122.48,-1.39,92.57,81.91,78.26,"2,054.70","2,642.36",311.022,5.33,3.9
2024-03-01,113.95,110.42,2.8,3,62.4,3.5,1.5,3.65,3.31,1345.09,572081.4667,118.82,112.7,105.9,100.5,101.8,117,92.5,93.4,138.31,133.74,132.73,-1.01,92.61,87,83.17,"2,227.10","2,746.63",312.107,5.33,3.9
2024-04-01,114.01,110.66,2.8,3,63,3.5,0.5,3.57,3.439,1385.38,571646.7,119.16,114.1,108,103.6,101.5,117.8,94.8,93.5,143.57,140.94,131.47,-9.47,92.68,86.33,81.93,"2,302.90","2,692.06",313.016,5.33,3.9
2024-05-01,114.1,110.91,2.8,3,63.5,3.5,0.3,3.6,3.432,1381.68,571836.4667,119.25,113.3,103.3,102.5,101.7,116.9,94.1,93.6,141.77,137,136.08,-0.92,92.79,81.11,76.99,"2,333.90","2,636.52",313.14,5.33,4
2024-06-01,113.84,110.95,2.8,2.9,63.5,3.5,0.5,3.6,3.262,1380.73,572026.2333,119.23,113.1,106.5,103.3,101.8,117.1,95,93.6,142.64,126.04,135.16,9.12,92.9,85,81.54,"2,350.90","2,797.82",313.131,5.33,4.1
2024-07-01,114.13,111.27,2.6,2.5,63.3,3.5,0.5,3.54,3.083,1369.08,572216,119.56,112.4,122.1,99.6,102,117.3,96.3,93.6,143.28,135.82,136.35,0.53,93.05,80.84,77.91,"2,449.30","2,770.69",313.566,5.33,4.2
2024-08-01,114.54,111.4,2.5,1.9,63.2,3.5,0.3,3.5,2.924,1336.56,572342.3,119.38,113.5,110.9,103.4,102.3,117.2,94.5,93.4,138.23,137.86,132.3,-5.56,93.25,76.93,73.55,"2,516.00","2,674.31",314.131,5.33,4.2
2024-09-01,114.65,111.18,2.5,2.1,63.3,3.5,0.3,3.52,2.868,1317.01,572468.6,119.16,113.2,117.2,103,103,116.6,94,92.9,134.67,134.15,135.66,1.51,93.42,71.77,68.17,"2,647.90","2,593.27",314.851,5.13,4.1
2024-10-01,114.69,111.39,2.7,2.3,63.3,3.25,0.9,3.43,2.911,1372.58,572594.9,119.01,113.8,113.2,102.8,102.3,117.6,92.8,92.2,137.55,140.02,133.9,-6.12,93.58,72.81,69.26,"2,761.60","2,556.15",315.564,4.83,4.1
2024-11-01,114.4,111.44,2.7,2.2,63.2,3,0.8,3.42,2.858,1394.67,572125.4667,119.1,112.4,111.3,100,101.6,117.1,93,91.3,138.8,129.76,131,1.24,93.66,71.84,68,"2,681.00","2,455.91",316.449,4.64,4.2
2024-12-01,114.91,111.59,3.7,3.8,61.4,3,0.9,3.35,2.59,1476.78,571656.0333,119.52,114.4,119.3,103,102.1,118.6,83.3,90.2,141.98,138.58,141.3,2.72,93.67,74.24,71.25,"2,653.30","2,399.49",317.603,4.48,4.1
