date,Total CPI,Food and non-alcoholic beverages,"Alcoholic beverages, tobacco and narcotics",Clothing and footwear,"Housing, water, electricity, and fuel",Household goods and services,Health ,Transportation ,Communication,Recreation and culture,Education,Restaurants and hotels,Miscellaneous goods and services,All items (non-food non-energy),Energy,Services,Services less housing,Housing excluding imputed rentals for housing,Actual rentals for housing,Water supply and misc. services relating to dwelling,"Electricity, gas and other fuels ",Maintenance and repair of the dwelling
2005-01-01,77.58094965,68.84293,62.61015,62.61015,75.95286,79.79054,86.12521,81.18626,111.9381,97.67439,73.31485,76.88819,70.05338,79.32208,78.25996,79.23186,79.75742,77.38235,79.37474,68.55315,73.98906,71.51698
2005-02-01,77.89509378,70.31042,62.67325,62.67325,75.95286,79.86992,86.2114,81.43828,111.9381,97.77145,73.69316,76.96711,69.84068,79.48077,78.09815,79.23186,79.83755,77.46042,79.37474,69.81361,73.39821,71.66189
2005-03-01,78.3652558,70.52055,62.67325,62.67325,76.10468,79.79054,86.29863,82.36337,111.4943,97.57733,75.88509,77.4328,71.04372,79.88067,79.39531,79.95106,80.6441,77.46042,79.2955,69.81361,73.84135,72.16968
2005-04-01,78.44431892,70.86926,62.61015,62.61015,75.64819,79.47303,86.38378,83.12145,111.4943,97.28716,75.95993,77.5884,70.76014,79.96213,79.31529,79.79135,80.56506,77.46042,79.2955,70.09508,72.2165,72.46069
2005-05-01,78.3652558,70.1003,62.67325,62.67325,75.80001,79.47303,86.47102,82.95243,111.4943,97.19009,75.95993,77.744,70.61945,79.96213,79.63981,79.87174,80.6441,77.30536,79.21626,69.3235,73.17706,72.60442
2005-06-01,78.12912062,68.84293,62.67325,62.67325,75.64819,79.31428,86.55721,83.20446,110.9382,96.31957,75.95993,77.744,70.33697,79.96213,79.4771,79.87174,80.6441,77.22837,79.13805,69.46423,72.73307,72.67747
2005-07-01,78.44431892,69.75159,62.67325,62.67325,75.95286,79.07722,86.55721,84.46759,110.6049,96.5137,75.95993,77.9774,70.26607,79.96213,81.42418,80.03144,80.88768,77.15029,79.13805,69.60374,73.84135,72.67747
2005-08-01,78.67939993,70.1003,62.67325,62.67325,76.10468,79.07722,86.73166,85.30867,110.7164,96.7058,76.0358,77.9774,70.54744,80.12187,82.31503,80.19114,80.96886,77.30536,79.13805,70.44445,73.98906,72.75051
2005-09-01,79.071553,71.4985,62.67325,62.67325,76.25752,79.07722,86.73166,86.65481,110.4954,97.09303,76.0358,77.9774,70.83214,80.12187,83.8558,80.19114,81.05006,77.38235,79.05777,71.00616,74.28534,72.75051
2005-10-01,78.91448094,70.59097,62.73531,62.73531,76.33395,78.91846,86.81681,86.65481,110.4954,95.73822,76.0358,78.05409,71.04372,80.12187,83.8558,80.19114,81.05006,77.46042,79.13805,71.00616,74.43305,72.89543
2005-11-01,78.60033681,68.00354,62.73531,62.73531,76.63758,78.91846,86.90405,86.23476,110.4954,95.64115,76.0358,78.21081,71.46911,80.20228,83.93671,80.35084,81.2103,77.38235,79.13805,70.86543,75.54218,73.04034
2005-12-01,78.83647199,69.12234,62.73531,62.73531,76.714,78.99677,86.99023,86.06575,110.4954,95.93234,76.0358,78.3653,72.31656,80.36096,83.61308,80.51161,81.37161,77.46042,79.13805,71.35677,75.54218,73.11339
2006-01-01,79.30663401,70.45013,62.61015,62.61015,77.3977,78.68033,88.03075,86.82383,110.0517,95.93234,76.18651,78.5209,72.17587,80.52071,85.07294,80.83102,81.77543,77.61549,79.13805,72.47771,77.68531,73.18644
2006-02-01,79.46476025,70.17072,62.54705,62.54705,77.77982,78.68033,88.11591,87.07585,110.0517,95.73822,76.79241,78.59981,72.31656,80.76086,85.55927,81.0711,82.01793,77.92453,79.21626,73.4604,78.20274,73.33135
2006-03-01,79.93492227,70.24113,62.54705,62.54705,77.7034,78.68033,88.11591,87.15986,110.0517,95.64115,79.51336,78.9877,73.02442,81.31944,85.64017,81.79029,82.98687,77.84754,79.21626,73.10855,78.20274,73.4044
2006-04-01,80.01398539,70.03101,62.54705,62.54705,77.7034,78.7597,88.11591,87.83193,110.0517,95.54409,79.66407,78.9877,74.01588,81.39984,86.2892,81.94999,83.14711,77.84754,79.2955,72.89868,78.27702,73.47626
2006-05-01,80.17000328,69.40176,62.48396,62.48396,77.77982,78.99677,88.11591,88.589,110.0517,95.34997,79.73891,79.06551,75.28982,81.64105,86.93822,82.03038,83.2283,77.84754,79.37474,72.75795,78.35045,73.62
2006-06-01,80.01398539,68.77251,62.48396,62.48396,77.85625,79.47303,88.20313,88.67402,109.8279,94.09221,79.81477,79.22111,74.51105,81.55959,87.01913,82.11076,83.30842,77.92453,79.37474,72.68881,78.35045,74.56371
2006-07-01,80.32707534,69.19276,62.48396,62.48396,78.38812,79.39365,88.28828,89.34608,109.8279,94.18927,79.81477,79.45339,75.00623,81.7204,88.7226,82.34978,83.63211,77.92453,79.45502,72.47771,80.421,74.56371
2006-08-01,80.79723736,71.84834,62.48396,62.48396,78.61533,80.02975,88.37551,89.59911,109.3842,93.80204,79.81477,79.45339,75.35961,81.7204,88.9662,82.43017,83.63211,78.15659,79.53323,73.31842,80.64214,74.63558
2006-09-01,81.03231837,72.54802,62.61015,62.61015,79.30212,80.18636,88.46275,89.17807,109.3842,93.60792,79.81477,79.53231,75.28982,81.8812,89.53343,82.67025,83.87462,78.23357,79.61247,73.17892,83.15498,74.70863
2006-10-01,80.64016529,71.00896,62.61015,62.61015,79.22467,80.10698,88.46275,87.66491,109.1623,93.31875,79.81477,79.61011,75.14803,81.8812,87.50635,82.67025,83.95473,78.31165,79.8502,72.89868,82.6384,74.78049
2006-11-01,80.2490664,69.12234,62.61015,62.61015,78.69279,80.34512,88.37551,87.15986,108.829,93.22169,79.89064,79.6879,75.5014,82.04095,85.31567,82.67025,83.87462,78.46671,80.00869,72.89868,80.199,74.78049
2006-12-01,80.48414741,70.17072,62.61015,62.61015,78.8446,80.42557,88.5479,87.24387,108.829,93.41581,79.89064,79.9202,75.64431,82.12135,85.15385,82.82888,83.95473,78.69876,80.16718,73.31842,80.12472,74.85354
2007-01-01,80.64016529,70.52055,62.54705,62.54705,78.92104,80.742,89.50118,87.32788,108.0511,93.41581,80.26895,80.0758,75.64431,82.36044,84.66664,82.98965,84.11605,79.08588,80.32566,75.14182,79.31187,74.92541
2007-02-01,81.18939043,72.12776,62.54705,62.54705,79.14928,80.82138,89.67461,87.32788,107.4959,94.09221,81.10041,80.1536,76.49175,82.76034,84.58573,83.30905,84.52093,79.31793,80.48415,76.05289,79.23843,74.99845
2007-03-01,81.66060662,71.4985,62.61015,62.61015,79.07285,81.05951,89.67461,88.33698,107.3855,93.60792,84.35037,80.5426,77.69479,83.40038,85.47926,84.1097,85.48987,79.39493,80.56235,75.98253,78.64587,75.0715
2007-04-01,81.97369658,71.7075,62.61015,62.61015,79.14928,81.21827,89.84698,90.60822,107.3855,93.22169,84.50108,80.62041,77.83659,83.56013,87.10004,84.34978,85.7313,79.39493,80.72188,75.56155,78.94215,75.0715
2007-05-01,82.0527597,71.21909,62.67325,62.67325,79.52934,81.13782,89.84698,91.36629,107.2741,92.7374,84.57694,80.6971,77.83659,83.63947,88.5599,84.50842,85.89262,79.54999,80.80112,75.63316,80.27328,75.14337
2007-06-01,82.0527597,70.79996,62.86048,62.86048,79.60576,81.21827,89.84698,91.70232,107.1636,92.54327,84.57694,80.77601,77.90749,83.63947,88.9662,84.5888,85.97273,79.473,80.87933,75.49242,80.34756,75.14337
2007-07-01,82.36690383,71.7075,62.92358,62.92358,79.90939,81.21827,89.84698,92.12337,107.3855,92.83446,84.65179,80.85381,77.97839,83.80028,89.69524,84.7485,86.21524,79.54999,80.95961,75.49242,81.38242,75.14337
2007-08-01,82.44491277,71.84834,62.98564,62.98564,80.06327,81.93266,89.7608,91.95435,107.3855,92.54327,84.65179,80.93161,78.40266,83.87962,89.53343,84.82782,86.21524,79.78204,81.1181,76.12326,81.45499,75.21642
2007-09-01,82.91612896,73.94509,62.98564,62.98564,80.74696,82.32955,89.84698,92.03836,107.3855,92.35016,84.65179,80.85381,78.75604,83.87962,90.74969,84.98859,86.37655,79.93602,81.1963,76.33313,83.59897,75.28828
2007-10-01,83.07214685,74.0848,62.98564,62.98564,80.82236,82.32955,89.84698,92.37539,107.3855,92.2531,84.72765,81.00829,79.11053,84.04042,91.47873,85.0679,86.45774,79.93602,81.27658,75.91339,83.89439,75.28828
2007-11-01,83.07214685,72.12776,62.98564,62.98564,81.50915,82.40678,89.93421,93.80553,107.3855,92.2531,84.72765,81.00829,79.74639,84.11871,94.31844,85.14829,86.61798,80.09109,81.51327,75.91339,85.9641,75.28828
2007-12-01,83.38629098,72.47646,62.98564,62.98564,81.81278,82.2491,90.02041,94.98366,107.3855,92.44722,84.80352,81.16501,79.9602,84.27846,95.85921,85.30799,86.69917,80.32314,81.6728,76.33313,86.62923,75.28828
2008-01-01,83.77738988,72.68659,62.98564,62.98564,81.58454,82.40678,90.79924,96.24579,106.0524,93.02858,85.25667,81.7863,81.80021,84.67941,96.18283,85.62846,87.02287,80.55519,81.83025,77.73555,84.7081,75.28828
2008-02-01,84.09258818,73.31698,62.98564,62.98564,81.9646,82.32955,91.14503,96.16177,106.0524,93.41581,85.48427,82.17531,82.57675,84.9989,96.02102,85.94787,87.34549,81.17545,81.98978,80.25892,84.56039,75.36133
2008-03-01,84.87689433,73.17613,62.98564,62.98564,82.26926,82.64492,91.23227,96.75084,106.0524,93.60792,88.88494,83.2634,84.27718,85.95844,97.07546,87.06684,88.63598,81.32943,82.14722,80.11819,85.22552,75.50624
2008-04-01,85.34811052,74.29493,62.98564,62.98564,82.95502,82.64492,91.23227,97.84395,105.9409,93.41581,89.11151,83.65241,84.62946,86.11819,99.26525,87.30693,88.96074,81.56149,82.38495,79.76758,87.29436,78.04519
2008-05-01,86.05229938,74.57321,62.98564,62.98564,83.56229,84.5489,91.49187,101.0413,105.8305,93.51086,89.18738,84.19701,84.77236,86.43768,103.8058,87.54701,89.12099,81.71655,82.54343,79.62808,89.14292,78.55298
2008-06-01,86.60152451,74.4335,62.98564,62.98564,84.17162,85.42099,91.49187,104.6596,105.8305,93.41581,89.18738,84.81831,85.05373,86.59743,108.8353,87.70779,89.36349,81.79354,82.7822,79.27747,91.13834,79.13264
2008-07-01,87.22981277,75.83172,62.98564,62.98564,84.4009,86.37352,91.57806,105.9208,105.8305,94.28634,89.18738,85.20731,86.0452,86.99837,110.1333,88.02612,89.68611,81.9486,82.93965,79.06637,91.58233,79.71347
2008-08-01,87.07274071,77.15951,63.36216,63.36216,84.4009,86.37352,91.6653,102.8925,105.8305,94.77063,89.18738,85.5952,84.77236,86.99837,105.9146,88.18581,89.92861,82.18066,83.09814,79.34661,90.91634,80.14822
2008-09-01,87.15180383,77.92847,63.36216,63.36216,84.17162,86.77041,91.75149,100.6192,105.8305,94.3834,89.26324,85.75191,86.18699,87.31787,102.7531,88.2662,89.92861,82.33572,83.17738,79.48858,89.88234,81.23684
2008-10-01,87.07274071,77.29921,63.36216,63.36216,84.17162,86.77041,91.9249,100.3682,105.7191,94.57651,89.26324,86.062,86.68216,87.39828,101.7787,88.4259,90.08992,82.56886,83.41511,79.41821,89.36491,82.03445
2008-11-01,86.8376597,77.44006,63.36216,63.36216,84.4009,87.48373,92.0111,95.65672,105.7191,95.64115,89.26324,86.21761,86.75306,87.71777,96.67004,88.66599,90.33243,82.64584,83.5736,79.48858,89.73377,82.03445
2008-12-01,86.8376597,78.69743,63.36216,63.36216,83.94338,87.95892,92.09833,92.03836,105.7191,96.7058,89.33809,86.37321,88.38038,88.03726,91.23602,88.74638,90.41361,82.8779,83.65284,79.97868,87.44209,82.17937
2009-01-01,86.91672282,80.37619,63.67558,63.67558,83.71617,88.19813,93.04954,90.44019,105.7191,96.80286,89.33809,86.45101,88.30837,88.03726,89.04711,88.82677,90.41361,83.10995,83.73209,80.74903,85.81638,82.25124
2009-02-01,87.5439569,80.65446,63.73765,63.73765,83.86799,88.43519,93.13573,93.04846,105.7191,96.22251,89.56467,86.68441,90.92826,88.43821,92.21044,88.90607,90.57493,83.34201,83.73209,81.51937,85.9641,82.4692
2009-03-01,88.17119098,81.98226,63.80075,63.80075,84.09623,88.51456,93.22296,93.72253,105.7191,96.5137,90.77443,87.22791,92.0604,88.83705,93.66941,89.38625,91.13898,83.26393,83.73209,81.17,86.99894,82.54224
2009-04-01,88.40521781,83.31119,63.80075,63.80075,84.09623,88.75377,93.30915,94.47961,105.7191,96.80286,90.92616,87.61691,90.43198,88.75665,94.56204,89.54488,91.30029,83.18694,83.81133,80.88853,87.07323,82.4692
2009-05-01,88.40521781,82.75122,63.86385,63.86385,83.86799,88.99083,93.39638,93.88954,105.7191,96.60975,90.92616,87.77251,90.50288,89.0772,93.26399,89.54488,91.38255,83.26393,83.96982,80.53916,86.33295,82.32429
2009-06-01,88.32720887,80.44434,63.86385,63.86385,83.94338,89.70523,93.48257,95.65672,105.7191,96.22251,90.92616,87.92812,90.92826,89.23695,95.21107,89.62527,91.46375,83.18694,83.96982,80.39842,86.62923,82.39615
2009-07-01,88.641353,81.07359,63.80075,63.80075,84.55272,89.38772,93.74218,96.91985,105.7191,96.41563,91.00203,88.08372,90.85736,89.31734,96.91276,89.94574,91.7853,83.26393,84.04906,80.32806,88.77321,82.10632
2009-08-01,88.95549713,81.70284,63.86385,63.86385,84.85635,89.30834,93.82941,98.09597,105.7191,96.60975,91.07687,88.23931,90.71557,89.39669,98.29172,90.10544,91.94661,83.49599,84.2065,81.0305,89.2172,81.96141
2009-09-01,89.03456025,81.49271,63.92591,63.92591,84.93278,88.91145,93.82941,98.348,105.7191,96.12646,91.15171,88.31712,91.20963,89.55644,98.69802,90.10544,91.94661,83.57298,84.28574,81.0305,89.2172,81.88954
2009-10-01,88.79842506,81.00317,63.92591,63.92591,84.85635,88.75377,93.82941,97.00186,105.7191,96.12646,91.15171,88.39491,91.28164,89.55644,96.91276,90.18583,91.94661,83.57298,84.36603,80.74903,88.99521,81.88954
2009-11-01,88.95549713,79.7458,63.98901,63.98901,85.08562,89.07021,93.9156,98.17999,105.6086,96.31957,91.15171,88.54941,92.1302,89.79553,98.69802,90.26514,92.0278,83.65105,84.52348,80.60953,89.73377,81.88954
2009-12-01,89.26964126,81.00317,64.05107,64.05107,85.31387,88.99083,93.56876,98.26499,105.4972,96.22251,91.22758,88.78392,92.55447,89.95634,98.85895,90.34553,92.10793,83.88202,84.68301,81.45024,89.88234,81.88954
2010-01-01,89.97488428,82.96021,64.17831,64.17831,85.73214,88.50813,94.87823,99.07007,105.302,96.48539,91.60896,89.15292,93.24129,90.17956,99.99607,90.666,92.46687,84.16938,84.81021,82.04034,90.50735,82.65888
2010-02-01,90.15620237,83.91318,64.17831,64.17831,85.90461,88.7763,94.97273,98.96906,105.302,96.58245,91.70226,89.42188,93.4285,90.36152,99.79159,90.84928,92.65275,84.59444,84.98121,83.18968,90.41599,82.65888
2010-03-01,90.33857463,84.51744,64.05003,64.05003,85.99136,88.59716,94.97273,99.77214,104.6745,96.48539,92.72338,88.88395,93.61794,90.36152,100.9109,90.94146,92.74569,84.59444,85.06671,82.69711,90.59785,82.65888
2010-04-01,90.70226498,85.8157,64.11417,64.11417,85.99136,88.68726,95.06827,100.5752,104.6745,96.58245,92.90792,89.33186,93.4285,90.4525,101.7253,91.12366,92.93264,84.59444,85.23771,82.28601,90.69007,82.74136
2010-05-01,90.7939782,85.38295,64.05003,64.05003,86.16487,89.1335,95.16277,100.7762,104.6745,96.87465,93.00122,89.69196,93.80625,90.63446,101.9289,91.30588,93.11852,84.76469,85.40871,82.28601,90.69007,82.90748
2010-06-01,90.70226498,84.25847,64.11417,64.11417,86.16487,89.22253,95.16277,100.4752,104.6745,96.58245,93.00122,89.87202,93.99347,90.72439,101.5217,91.30588,93.11852,84.76469,85.58075,81.54653,90.69007,83.0736
2010-07-01,90.88463725,84.69122,63.9859,63.9859,86.25059,88.95436,95.2583,100.9773,104.6745,98.04141,93.00122,90.05096,94.37122,90.90741,101.9289,91.58026,93.39841,84.84927,85.75175,81.46505,90.78143,83.15725
2010-08-01,91.34109499,86.85385,64.11417,64.11417,86.50981,89.31156,95.3528,100.7762,104.6745,98.23553,93.09349,90.14098,94.46538,91.08937,101.8267,91.67243,93.5843,85.1041,85.83725,81.95763,91.32874,83.2409
2010-09-01,92.06847569,91.26543,64.17831,64.17831,87.11501,89.4907,95.44938,99.97317,104.6745,98.23553,93.09349,90.32104,94.93618,91.17929,102.2339,91.76354,93.5843,85.1041,86.00825,81.71072,93.24731,83.2409
2010-10-01,92.06847569,91.43922,64.17831,64.17831,87.20177,89.84682,95.16277,100.1742,104.6745,97.84628,93.18678,90.50109,94.74786,91.17929,102.6411,91.76354,93.5843,85.27435,86.17924,81.71072,93.33781,83.40702
2010-11-01,91.6141263,88.49741,64.17831,64.17831,86.94151,89.93585,95.2583,100.4752,104.6745,97.65215,93.27905,90.59,95.03034,91.17929,102.0303,91.94682,93.67724,85.52808,86.43678,81.87615,91.69418,83.57314
2010-12-01,91.97781665,88.49741,64.11417,64.11417,87.28748,90.29305,95.2583,102.2824,104.0451,97.55408,93.27905,90.68003,95.21867,91.45224,103.9631,92.03685,93.77125,85.86858,86.69328,82.6144,92.06047,83.65561
2011-01-01,93.07099605,91.43922,64.11417,64.11417,88.15192,90.73928,96.11502,104.4906,104.0451,98.23553,93.74348,91.13017,95.68947,91.90609,107.3203,92.49451,94.23702,86.20798,86.95083,83.59955,94.34277,84.07033
2011-02-01,93.7077177,93.25542,64.05003,64.05003,88.67036,91.54272,96.49509,105.0927,104.0451,98.23553,93.92905,92.56837,96.06611,92.26896,108.2351,92.95111,94.70387,86.88788,87.20732,85.73528,94.52635,84.32127
2011-03-01,94.07246223,92.99531,64.05003,64.05003,89.01634,91.98787,96.30505,107.0999,103.9413,98.72186,94.20791,92.83733,97.10188,92.5419,110.6774,93.31767,95.0767,87.22728,87.72136,85.16122,94.89094,84.90211
2011-04-01,94.16417545,92.21726,63.9859,63.9859,89.27557,91.72078,96.49509,107.4009,103.9413,98.72186,94.39347,93.37749,96.8194,92.72281,110.9824,93.59099,95.26258,87.48211,88.15095,84.4205,95.16502,86.14743
2011-05-01,94.34549353,91.26543,64.88377,64.88377,89.96648,92.34507,96.49509,107.0999,103.9413,99.20818,94.39347,93.73649,97.47852,93.08673,111.3887,93.77427,95.44846,87.8226,88.57845,83.84645,96.99137,87.06168
2011-06-01,94.5278658,91.95829,64.81963,64.81963,90.22675,92.70227,96.8762,106.5978,103.9413,98.91598,94.48574,93.91654,97.47852,93.26764,110.8801,93.95755,95.63541,88.07742,89.00698,83.68226,97.17409,87.8923
2011-07-01,94.98326937,93.68817,64.81963,64.81963,90.39819,92.70227,96.9707,107.903,103.9413,99.4023,94.48574,94.18551,97.47852,93.4496,111.8981,94.23193,95.91424,88.24658,89.26348,83.68226,97.08359,88.22453
2011-08-01,95.6210452,96.54252,64.9479,64.9479,90.83091,92.7913,97.16177,108.405,103.9413,99.20818,94.57904,94.54562,97.57269,93.63156,112.813,94.41414,96.00825,88.67165,89.60652,84.17484,97.81276,88.30818
2011-09-01,95.52933198,96.28242,64.9479,64.9479,91.09014,93.32656,97.2573,108.204,101.9521,98.81892,94.57904,94.63564,97.66685,93.54058,112.9152,94.23193,95.72836,88.92648,89.94956,84.09335,98.08684,88.64043
2011-10-01,95.34801389,94.03346,64.9479,64.9479,91.86884,93.32656,97.2573,108.9061,101.6388,98.72186,94.67233,94.72567,97.57269,93.54058,114.8481,94.32197,95.8213,89.26588,90.3781,84.09335,100.0968,88.80655
2011-11-01,95.43867293,93.77449,64.9479,64.9479,92.12807,93.4156,97.2573,108.7061,100.6961,98.62378,94.76358,94.45559,97.76212,93.72149,114.7458,94.41414,95.72836,89.68987,90.8056,84.4205,100.0968,89.05514
2011-12-01,95.80236328,95.15907,64.88377,64.88377,92.47404,93.86182,97.3518,108.7061,100.3828,98.72186,94.85687,94.63564,98.13765,93.90345,114.1359,94.59635,95.91424,90.03036,91.06314,85.40689,100.2795,89.22126
2012-01-01,96.18502878,96.87191,64.9541,64.9541,92.84481,94.57515,98.45567,109.1471,100.3828,99.04337,95.11728,94.90461,95.91545,94.12138,114.4204,94.77963,95.98902,90.49773,91.3457,86.54759,100.3341,89.63715
2012-02-01,96.54977331,96.53343,65.4351,65.4351,93.55329,95.27132,98.789,110.2922,100.3828,98.80881,95.40537,94.97575,96.38737,94.48531,115.8652,95.05294,96.1108,91.23618,91.59386,89.86599,100.5724,89.81977
2012-03-01,96.57718186,97.48526,65.3389,65.3389,93.86415,95.4762,98.86481,111.9584,100.3828,98.44887,94.79228,94.33778,93.03413,94.2039,117.2788,94.6703,95.53179,91.61787,92.00571,89.89932,100.8089,90.2769
2012-04-01,96.56769428,97.11385,65.42165,65.42165,93.95917,94.96775,97.50446,112.5404,100.3828,99.11111,95.26594,94.43781,93.43848,94.17639,118.0007,94.85252,95.74758,91.6786,92.3644,89.0117,100.8729,90.58322
2012-05-01,96.74057897,96.94915,65.23029,65.23029,94.06348,95.4762,97.67476,112.3094,100.3828,99.2476,95.54378,94.60786,93.49497,94.4578,117.726,94.98006,95.88753,91.79679,92.648,88.44505,100.919,91.26538
2012-06-01,96.60353623,96.41303,65.4351,65.4351,94.19257,95.49443,97.81806,111.0953,100.3828,98.40134,95.60016,94.70677,93.5138,94.5583,116.099,95.09903,95.98902,91.93342,92.86176,88.17346,101.0565,91.52222
2012-07-01,96.38532202,95.75539,65.3389,65.3389,94.6852,95.12865,97.20019,109.1471,100.3828,99.71471,95.76727,94.83348,92.32738,94.56676,114.5022,95.31876,96.25929,92.00932,93.02441,87.87841,102.7633,91.739
2012-08-01,96.83123801,96.95824,65.67197,65.67197,95.07455,95.14581,97.17111,110.3922,100.3828,99.43262,96.17532,94.97575,92.93001,94.72122,116.2012,95.49239,96.39924,92.2815,93.19541,88.46234,103.5676,91.87213
2012-09-01,97.52383094,100.4964,65.99885,65.99885,95.10038,95.74436,97.26665,111.4863,100.3828,99.01304,96.27681,95.01242,94.36236,94.8122,118.0007,95.43773,96.34369,92.25548,93.35911,87.71545,103.7222,92.11248
2012-10-01,97.34145868,98.88688,66.03815,66.03815,95.3689,95.15546,97.27599,111.4363,100.3828,99.37298,96.32397,95.10245,94.49307,94.8577,118.0007,95.59314,96.46441,92.56126,93.55618,88.10062,103.9049,93.17519
2012-11-01,96.9956893,96.4562,66.03091,66.03091,95.47114,95.2091,97.32272,110.4322,100.3828,98.70264,96.40701,95.12023,94.19176,95.00263,116.5667,95.59314,96.41847,92.74019,93.79599,87.96853,103.8588,93.36723
2012-12-01,97.16857399,97.15701,66.10229,66.10229,95.78407,94.65668,97.34245,110.1212,100.3828,99.2658,96.4716,95.21915,94.61604,95.14757,116.0679,95.785,96.53064,93.20755,94.0014,89.35737,103.805,93.37547
2013-01-01,97.75153273,99.14699,66.56259,66.56259,96.3366,94.78111,98.22721,110.4322,100.3828,99.2375,97.04778,95.58704,94.57837,95.52948,116.2413,96.22337,96.9868,93.58057,94.19846,90.77831,104.6631,93.59108
2013-02-01,98.07832695,99.67402,66.56259,66.56259,96.80238,95.49443,98.27498,110.9743,100.3828,99.11111,97.35432,95.85712,94.80436,95.77492,116.8618,96.5074,97.15452,94.23444,94.36112,93.15847,104.6998,93.67473
2013-03-01,97.98766791,98.70628,66.71051,66.71051,97.4427,95.38716,98.34248,111.8174,100.3828,99.22738,96.52799,95.85712,93.47614,95.63844,118.7645,96.32412,96.86501,94.46432,94.61032,93.27451,106.5902,93.80786
2013-04-01,97.85167934,98.80851,66.62052,66.62052,97.51189,95.07501,98.17009,110.8543,100.1105,99.54789,96.60181,96.10052,93.19366,95.57497,117.6247,96.47953,97.02419,94.5836,94.84075,92.87947,106.5261,94.12243
2013-05-01,97.85167934,97.78853,66.65259,66.65259,97.71947,95.0128,98.51278,109.3881,100.2466,100.0645,96.6951,96.27057,94.48421,95.93784,115.9061,96.64459,97.13636,94.93169,95.0472,93.73376,106.3622,94.34746
2013-06-01,97.73255758,96.67314,66.65983,66.65983,97.75356,95.43221,98.49409,109.4181,100.2466,99.43262,96.75969,96.38727,94.76669,95.99285,115.8341,96.63494,97.11713,94.97289,95.22654,93.40537,106.3161,94.44643
2013-07-01,97.94233839,97.37282,66.66603,66.66603,97.87439,94.86156,97.58026,110.3222,100.2466,101.5336,96.7884,96.46841,94.74786,96.01083,116.8618,96.76357,97.27524,95.04121,95.37148,93.20045,106.5723,94.44643
2013-08-01,98.28916194,99.64789,66.69189,66.69189,98.15944,95.1737,97.66645,110.9243,100.2561,102.2434,96.84376,96.58511,90.98032,95.96534,117.7065,96.94577,97.43441,95.23747,95.56854,93.41402,107.1204,94.62904
2013-09-01,98.4799676,99.67402,66.71672,66.71672,98.22037,95.6017,97.85648,110.4222,100.1933,100.9988,96.95448,96.59399,95.22752,96.25627,117.3304,96.83645,97.28485,95.33073,95.74892,93.06094,107.1383,94.87057
2013-10-01,98.17952775,97.44324,66.74258,66.74258,98.39388,96.00288,97.9136,109.9912,100.1933,100.2971,96.98319,96.67513,95.74596,96.36523,116.516,96.91898,97.3137,95.55953,95.93764,93.38068,107.129,95.33594
2013-11-01,98.1605526,95.90305,66.78085,66.78085,98.83383,96.61858,97.9136,109.2881,100.1933,99.37298,97.01087,96.70181,95.93429,96.60962,116.5062,96.88146,97.21969,95.76339,96.14306,93.48809,108.3354,95.56097
2013-12-01,98.27967437,96.24834,66.75603,66.75603,99.02489,95.91384,97.93229,109.5091,100.1933,99.68539,97.08469,96.80073,95.99965,96.67415,116.6182,97.01865,97.34147,95.94991,96.34012,93.9893,108.344,95.65169
2014-01-01,98.807816,97.34669,66.68465,66.68465,99.94819,96.39547,98.88454,110.3322,100.1933,100.1616,97.382,96.98967,95.61414,96.94604,118.7742,97.43023,97.80724,96.17111,96.4861,94.83495,111.0839,95.85905
2014-02-01,99.07135974,98.34168,66.74258,66.74258,100.321,97.04765,98.86481,110.1412,100.1933,99.28603,97.58602,97.24085,96.31093,97.11002,118.6009,97.55885,97.82541,96.68944,96.69046,96.50156,111.0745,96.03341
2014-03-01,99.253732,98.60179,66.65259,66.65259,100.3634,97.27077,98.92193,110.0612,100.1933,99.47105,98.31906,97.20529,97.17831,97.29939,118.632,97.7507,98.04975,96.75775,96.93132,95.91887,111.0745,96.12531
2014-04-01,99.31803667,98.51433,66.64017,66.64017,100.51,96.85886,98.80769,109.8902,100.2885,100.7349,98.35596,97.34978,97.24368,97.43691,118.2452,98.06046,98.36596,97.00282,97.21388,95.91022,110.9926,96.36684
2014-05-01,99.48143378,98.52341,66.54398,66.54398,100.6484,97.64513,98.85546,109.7602,100.2885,101.5033,98.3939,97.50204,97.67681,97.67283,118.0007,98.2073,98.51553,97.19041,97.35047,96.23861,110.9558,96.73914
2014-06-01,99.35387862,98.09066,66.5057,66.5057,100.7176,97.07447,98.77031,109.3481,100.2047,100.1323,98.42056,97.56539,97.80864,97.63686,117.4424,98.17085,98.44074,97.30102,97.47977,96.38675,110.8551,96.80629
2014-07-01,99.49935476,98.40302,66.5057,66.5057,100.6484,97.08198,98.84612,109.3181,100.2047,101.844,98.43081,97.7988,97.80864,97.81776,117.0654,98.45382,98.76764,97.37692,97.59967,96.25466,110.3889,97.02307
2014-08-01,99.67329362,99.19923,66.63396,66.63396,100.762,97.50246,98.44632,108.8561,100.2047,103.2049,98.46771,97.95107,97.9028,97.95424,116.5871,98.60923,98.92574,97.50379,97.71854,96.4028,110.4632,97.11379
2014-09-01,99.60898895,99.85575,66.63396,66.63396,100.8137,98.25119,98.45567,107.873,100.1524,100.6964,98.58767,98.13112,97.9028,97.86432,115.5602,98.49026,98.73879,97.61549,97.89892,96.20651,110.3351,97.39655
2014-10-01,99.3085491,97.91006,66.64742,66.64742,100.9345,98.15358,98.75993,106.9989,100.1524,100.6186,98.56101,98.19447,97.91166,97.91827,114.512,98.54599,98.75696,97.81934,98.06158,96.46947,110.2711,97.52026
2014-11-01,99.10825586,97.58067,66.67844,66.67844,101.0119,98.12676,98.77966,105.5647,100.1524,98.89777,98.57947,98.32006,97.56382,97.90028,112.9152,98.46239,98.5903,97.99718,98.29305,96.42749,110.061,97.72054
2014-12-01,99.09876828,98.16109,66.67224,66.67224,101.046,98.30482,98.77966,103.9386,100.0571,99.34467,98.66251,98.40009,97.97813,98.02724,110.697,98.54599,98.64585,98.16743,98.49846,96.51761,109.7041,97.9444
2015-01-01,99.77027771,99.72058,99.77821,99.77821,100.5183,98.90981,99.83887,100.4492,100.398,100.0393,99.13001,98.68795,99.68964,99.32002,103.9702,99.0819,99.18855,98.67816,99.10113,96.94969,106.4501,98.20831
2015-02-01,99.71124392,100.3907,99.82786,99.82786,100.8281,99.86985,100.0393,98.16898,100.398,99.37904,99.26022,98.85799,99.83032,99.43957,101.1296,99.17194,99.15863,99.24854,99.21061,99.19036,105.9899,98.44865
2015-03-01,99.72073149,99.44117,99.79786,99.79786,100.0184,100.1798,100.0995,99.59913,100.3885,98.39932,99.74002,99.46818,100.2701,99.58979,101.3101,99.38201,99.36802,99.45782,99.37118,99.52985,101.9598,99.10842
2015-04-01,99.75130256,99.34122,99.91888,99.91888,100.1382,99.52982,100.0497,99.56912,99.76861,99.87952,99.97992,99.69824,99.88017,99.65009,101.2897,99.6714,99.68851,99.6183,99.57137,99.4101,101.9598,99.74817
2015-05-01,100.0306589,100.7905,99.92819,99.92819,99.44833,100.1498,100.0393,100.3592,99.72861,100.289,100.0199,99.79827,100.0796,99.85004,100.4904,99.81181,99.80815,99.85795,99.76114,99.88046,98.34043,100.058
2015-06-01,100.0506882,100.4907,99.8382,99.8382,99.56813,100.02,100.0393,101.0993,100.2781,99.0191,100.0599,99.95832,99.83032,99.80984,101.5502,99.77108,99.71841,99.97831,99.94048,99.97057,98.34982,100.2183
2015-07-01,100.2309522,100.2306,100.1485,100.1485,98.99804,99.89989,99.99879,102.2894,100.2781,101.4689,100.1204,100.1884,99.74946,100.27,99.81026,100.412,100.478,100.1583,100.1104,100.2397,95.4502,100.349
2015-08-01,100.3711574,100.8905,100.1785,100.1785,99.14883,100.4201,100.0289,101.6393,100.2781,101.7095,100.1901,100.3885,100.2402,100.47,98.65002,100.5717,100.6382,100.3286,100.2804,100.5496,95.43995,100.448
2015-09-01,100.1107762,100.6906,100.1185,100.1185,99.54851,99.98999,99.79941,99.94916,99.84859,100.2091,100.3398,100.5085,99.81039,100.2404,98.03033,100.4013,100.4085,100.3687,100.4212,100.2298,96.95978,100.5281
2015-10-01,100.1107762,99.69106,100.1382,100.1382,100.4584,99.9503,100.0788,99.57912,99.41819,100.6793,100.35,100.6285,99.98985,100.3399,98.74959,100.5717,100.5485,100.6083,100.5609,101.0705,99.78,100.719
2015-11-01,99.92102473,98.37122,100.0182,100.0182,100.5782,100.3408,99.98944,98.91906,99.60863,99.10909,100.3695,100.7586,100.3798,100.4002,97.97965,100.4613,100.3882,100.7287,100.7308,101.2495,99.70998,100.9982
2015-12-01,100.2204104,99.95116,100.3089,100.3089,100.7486,100.7398,99.99879,98.37901,99.60863,99.81886,100.4402,101.0586,100.2502,100.6202,97.0399,100.6918,100.6083,100.9683,100.9404,101.7298,99.61008,101.1679
2016-01-01,100.3911867,100.761,100.4888,100.4888,99.96884,100.9103,100.9895,97.67893,99.26869,100.0797,100.8596,101.3976,102.89,101.0899,93.47026,101.3413,101.4181,101.0583,101.1114,102.3705,95.69012,100.6683
2016-02-01,100.8212901,103.4314,100.6481,100.6481,100.289,101.2708,100.9396,96.15977,99.26869,100.7692,101.0902,101.6677,103.25,101.3301,91.98995,101.6017,101.6082,101.5279,101.2209,104.2001,95.50996,100.9581
2016-03-01,100.5609089,102.2512,100.6688,100.6688,99.54851,101.7299,100.9292,95.70973,99.26869,100.3497,101.4204,101.9778,103.5403,101.4602,89.76015,101.7614,101.7482,101.748,101.3908,104.5396,91.8103,101.2786
2016-04-01,100.7506604,102.3012,100.7288,100.7288,99.59808,101.2901,100.9895,96.11977,100.418,100.7197,101.5403,102.2579,103.5502,101.64,90.20024,101.9319,101.9383,101.8282,101.5014,104.4704,91.80006,101.4989
2016-05-01,100.8107484,101.2403,100.7381,100.7381,99.33886,101.0605,101.0092,96.89985,100.418,102.3991,101.6695,102.3979,103.8094,101.8802,90.37984,102.202,102.2385,102.0278,101.6411,104.7198,90.19057,101.8088
2016-06-01,100.790719,99.66039,100.5788,100.5788,99.48861,101.8007,101.0289,98.52901,100.418,101.5488,101.69,102.498,103.7696,101.9003,92.56963,102.1912,102.168,102.1882,101.7912,105.0099,90.29047,101.8182
2016-07-01,100.6009676,99.6513,100.5385,100.5385,97.34871,101.9305,101.0092,99.18909,100.418,103.7488,101.7402,102.738,103.4395,102.1203,88.3803,102.561,102.6477,102.198,101.9508,104.6099,81.46011,101.8382
2016-08-01,100.8602946,101.0211,100.7981,100.7981,97.47884,101.8908,100.9292,98.67903,100.418,104.4293,101.7802,102.9081,103.4195,102.3097,87.46011,102.7711,102.8581,102.3878,102.0905,104.9198,81.41998,101.9784
2016-09-01,101.4611743,105.9404,100.6181,100.6181,97.52841,102.13,100.9687,98.26899,100.4885,103.1594,101.9104,102.9181,103.5403,102.2399,87.21028,102.6318,102.6583,102.468,102.2104,104.8395,81.3901,102.0479
2016-10-01,101.6003254,104.4809,100.7081,100.7081,99.82839,101.6204,100.9095,98.309,100.5285,102.299,101.9504,103.0181,103.3996,102.1997,91.54986,102.651,102.6081,102.6979,102.3105,105.4296,90.07018,102.5086
2016-11-01,101.4506325,102.9305,100.8685,100.8685,100.3985,101.4606,101.0289,98.47901,100.0486,101.3991,101.9699,103.0681,103.5901,102.1002,93.18042,102.561,102.4981,102.738,102.4711,105.2494,92.13049,102.7383
2016-12-01,101.5613209,104.0209,100.8488,100.8488,99.40805,101.54,101.0891,99.39911,100.0486,101.2192,102.0099,103.2682,103.0994,102.2304,91.51963,102.7518,102.6381,103.0883,102.6712,106.2802,86.8905,103.0482
2017-01-01,102.640796,107.1614,101.2884,101.2884,99.70859,100.7398,102.1297,101.3993,100.0086,102.7995,102.3,103.7483,106.4293,102.8598,93.44981,103.6414,103.7085,103.278,102.8214,107,87.10994,103.7386
2017-02-01,102.9212066,107.2614,102.0384,102.0384,100.2787,101.8908,102.1297,101.9794,100.0086,101.9097,102.4599,104.0184,106.5401,103.1296,94.12995,103.7818,103.6978,103.998,103.0007,109.8097,87.24058,104.0485
2017-03-01,102.8505769,106.3209,102.1087,102.1087,100.6185,102.5204,102.0289,101.7893,99.26869,101.569,102.7101,104.3085,106.58,103.1497,94.61983,103.8911,103.8185,104.0685,103.1707,109.49,88.35995,104.4184
2017-04-01,102.7209133,105.1908,102.298,102.298,100.7083,102.2404,101.7091,101.3193,100.0581,103.1493,102.8003,104.4885,106.1203,103.2502,93.83034,104.1912,104.1582,104.2084,103.3208,109.3196,88.33007,105.2078
2017-05-01,102.8305475,104.8512,102.118,102.118,101.0584,102.8508,101.7392,101.2493,100.0581,102.0695,102.83,104.7986,106.57,103.4502,93.91035,104.2116,104.1176,104.4676,103.5012,109.7702,88.99008,105.6378
2017-06-01,102.6112791,104.0913,102.3083,102.3083,101.1483,103.5802,102.219,100.5492,100.318,100.0797,102.8598,104.8687,106.0095,103.3899,93.1902,104.0112,103.8185,104.6183,103.5805,110.0702,88.90043,106.0879
2017-07-01,102.7810013,104.3911,102.3787,102.3787,101.1483,102.4303,102.2688,99.94916,100.8979,103.2089,102.87,105.1976,106.2698,103.6596,92.09042,104.5621,104.4883,104.7083,103.6409,110.1196,88.64001,106.5485
2017-08-01,103.3702851,107.5011,102.448,102.448,101.2784,102.7006,102.2792,100.2792,100.8979,103.3292,102.91,105.4977,106.1801,103.8098,92.67987,104.7014,104.6283,104.8785,103.7108,110.6505,88.65026,106.6982
2017-09-01,103.490461,108.8413,102.4883,102.4883,101.3187,102.9902,101.7288,100.8693,100.9084,101.8288,102.9397,105.3577,106.2,103.6395,93.68008,104.5021,104.3687,104.9176,103.7608,110.4998,88.73051,107.1883
2017-10-01,103.3903144,106.1608,102.358,102.358,101.5583,103.5598,101.5689,101.7993,100.798,102.8197,102.95,105.5677,106.5002,103.8299,94.81988,104.7218,104.5685,105.1984,103.7911,111.6196,88.83041,107.5087
2017-11-01,102.6207667,103.2008,102.3187,102.3187,100.6887,103.1705,101.3093,101.9594,100.6885,99.95939,102.9797,105.6678,106.1003,103.4703,93.95036,104.3317,104.1176,105.0076,103.8912,110.3801,85.85992,107.6478
2017-12-01,102.9907821,104.4411,102.2887,102.2887,100.8787,103.3303,101.4495,102.2994,100.578,100.019,103.0105,106.0679,106.21,103.6395,94.62962,104.4914,104.2886,105.1583,103.9006,111.3406,85.97007,107.7385
2018-01-01,103.4208855,106.0006,102.478,102.478,101.0584,103.5008,102.5087,102.7995,99.88859,100.4498,103.4001,106.548,106.1103,103.8797,94.97013,104.9715,104.858,105.2982,103.9809,112.0998,86.02045,107.9682
2018-02-01,104.2104625,109.0708,102.5783,102.5783,101.6285,104.33,102.5492,103.0695,99.75813,101.8693,103.6902,106.9382,106.5202,104.3198,95.48046,105.4613,105.2586,106.0377,104.0507,115.3305,86.08022,108.2781
2018-03-01,104.1008283,107.3204,102.388,102.388,101.7989,105.0798,102.6489,102.9995,99.66862,101.5589,103.9896,107.2883,106.7694,104.5303,95.09016,105.6811,105.4786,106.2882,104.0809,116.2503,86.02984,108.7187
2018-04-01,104.2905798,107.8611,102.5183,102.5183,101.7783,104.6003,102.2096,102.7194,100.1485,103.1392,104.1997,107.6984,107.0297,104.7302,94.61983,105.9415,105.8386,106.2785,104.1206,115.5799,85.98032,110.268
2018-05-01,104.3411802,106.8514,102.3683,102.3683,101.7586,105.3598,102.1889,103.6295,100.0381,103.3292,104.2397,108.0685,106.9799,104.8794,95.49024,106.0819,106.0277,106.2383,104.1612,115.1194,86.0102,110.7887
2018-06-01,104.1303452,105.4804,102.3383,102.3383,101.6781,104.9307,102.3592,104.3396,99.9381,101.4092,104.2602,108.1685,107.1294,104.69,96.75006,105.8611,105.7884,106.0876,104.1612,114.2602,86.1101,111.3578
2018-07-01,103.9311062,105.8007,102.538,102.538,100.0783,105.3898,101.3186,104.2596,99.38867,103.0492,104.2797,108.5175,106.8503,104.6996,93.8499,106.0916,106.1185,105.9477,104.181,113.4294,80.1102,111.868
2018-08-01,104.8503467,111.3413,102.5183,102.5183,100.3282,105.3308,101.3695,104.5296,99.28869,103.8095,104.3802,108.7576,107.1195,104.8794,94.24998,106.322,106.3279,106.2676,104.2009,114.7701,80.15972,111.928
2018-09-01,105.6504655,115.2009,102.448,102.448,102.0385,105.0702,101.3186,104.6796,99.2087,103.9288,104.4602,108.5775,107.2402,104.8001,98.32995,106.202,106.2179,106.118,104.2009,113.9997,87.47026,112.2379
2018-10-01,105.460714,112.1614,102.4387,102.4387,102.3184,105.5003,101.219,106.1098,99.15823,103.4789,104.5196,108.7376,107.0397,104.8794,100.1801,106.2813,106.2286,106.4379,104.2113,115.2799,87.71018,112.5878
2018-11-01,104.7111956,108.671,102.6487,102.6487,102.2389,105.3898,101.139,104.3796,98.98873,101.8096,104.5196,108.9576,107.32,104.7503,98.12991,106.1012,106.0384,106.2882,104.2207,114.5404,87.79044,112.8081
2018-12-01,104.3506678,108.8606,102.388,102.388,102.2182,105.3705,101.0995,101.3393,98.6983,100.8693,104.5699,109.3478,107.1294,104.7302,93.71031,106.0916,106.0277,106.2785,104.2009,114.5799,87.6803,113.1286
2019-01-01,104.2410336,108.8004,102.568,102.568,101.959,106.1707,102.0393,98.90906,98.34884,101.5791,105.0404,109.6979,107.8495,104.9704,90.23047,106.4421,106.5779,105.938,104.1904,113.2997,87.40025,113.4785
2019-02-01,104.6911663,109.541,102.598,102.598,103.1487,107.6607,102.139,98.70904,97.4985,102.4395,105.1501,109.8879,108.1896,105.4697,89.83038,106.9512,106.7584,107.6285,104.181,120.9698,87.37975,113.6988
2019-03-01,104.490873,108.4813,102.2587,102.2587,103.0083,107.5802,102.1089,99.2991,97.24806,101.6994,105.1901,109.6278,108.3801,105.31,90.44029,106.7915,106.6078,107.4181,104.1414,120.06,87.39,114.1477
2019-04-01,104.870376,109.4013,102.658,102.658,102.7584,108.0608,102.1889,100.7792,97.51849,102.7388,105.2496,109.7979,108.6194,105.4697,92.19978,106.9019,106.8482,107.0375,104.1008,118.3094,87.44977,114.6885
2019-05-01,105.0506399,108.8311,103.1183,103.1183,102.8389,106.9505,102.1992,103.0595,97.31853,102.3192,105.3398,110.0079,108.9994,105.4803,95.17995,106.9415,106.8877,107.1178,104.0705,118.6205,87.57016,115.1786
2019-06-01,104.8809178,107.6408,103.3086,103.3086,102.8988,106.6706,102.5087,103.3095,97.16808,101.2889,105.39,110.108,108.7302,105.4094,95.57026,106.9115,106.8386,107.1882,104.0007,119.06,87.60004,115.4979
2019-07-01,104.5604486,106.681,103.3283,103.3283,101.4684,107.6499,102.3093,102.5794,96.75862,102.8096,105.39,110.348,108.8099,105.62,91.42005,107.1612,107.1676,107.1275,103.9809,118.7699,82.03048,115.7276
2019-08-01,104.8113422,107.701,103.3779,103.3779,101.549,107.2799,102.3187,102.5894,97.12808,103.6487,105.4198,110.6381,108.7701,105.7596,91.45028,107.4013,107.4486,107.2078,103.9506,119.1897,82.13977,115.8878
2019-09-01,105.2003328,110.5212,103.5982,103.5982,103.1787,106.5301,102.409,102.9895,97.39851,102.5396,103.5795,110.088,108.7701,105.2994,95.81031,106.7711,106.6676,107.1275,103.9506,118.9205,88.8603,115.8985
2019-10-01,105.460714,110.7404,103.6686,103.6686,103.3388,107.8001,102.4589,103.5995,97.32805,102.8996,103.7199,110.268,108.8498,105.5396,96.27974,107.0112,106.908,107.3281,103.961,119.7304,88.87994,116.2884
2019-11-01,104.870376,107.8906,103.3986,103.3986,103.3284,106.9602,102.4287,103.1195,96.56818,101.1989,103.7702,110.288,108.9196,105.2994,96.10992,106.8011,106.658,107.2978,103.9704,119.5699,88.93031,116.4381
2019-12-01,105.1212696,109.0106,103.4483,103.4483,103.4988,107.4708,102.5295,103.5795,96.51866,100.5195,103.8296,110.4481,108.9395,105.3904,96.43977,106.8118,106.6078,107.5276,103.9913,120.4995,88.94056,116.6478
2020-01-01,105.5123685,110.3577,103.6158,103.6158,103.4524,106.7736,104.2595,105.1007,95.93685,101.2273,102.379,110.8326,110.1127,105.6231,97.35374,106.9994,106.8931,107.4496,104.0486,120.0081,89.10621,116.98
2020-02-01,105.5861608,109.7898,103.6365,103.6365,104.0617,107.621,104.1661,105.0707,95.88924,100.9341,102.5635,110.7548,110.4893,105.8665,96.89143,107.1602,106.861,108.252,104.0695,123.8475,89.20013,117.0978
2020-03-01,105.3542423,111.3799,103.2848,103.2848,103.9791,107.0203,104.218,101.8904,95.85115,100.4993,102.5532,110.5881,110.4007,105.5279,94.49981,106.9887,106.6153,108.3062,104.0903,123.4154,89.02936,117.2863
2020-04-01,104.8904053,110.9142,103.2641,103.2641,103.8551,107.1168,104.1972,98.28999,96.45105,100.8127,102.584,110.677,110.157,105.5702,89.30761,107.0852,106.7328,108.3279,104.1216,123.1932,88.49998,117.4042
2020-05-01,104.8271548,111.8229,103.3883,103.3883,103.4834,107.4708,104.218,96.06977,96.41296,101.1262,102.4917,110.9104,110.6001,105.7183,85.44902,107.0959,106.8503,108.0243,104.1425,121.5143,87.88522,117.5927
2020-06-01,105.1117821,112.0841,103.3883,103.3883,103.5763,107.0524,104.6749,97.63992,96.97478,100.9442,102.5327,111.0105,110.7441,105.8136,87.60947,107.1602,106.8824,108.1653,104.1737,121.8846,87.96207,117.6987
2020-07-01,105.0274481,112.618,103.4193,103.4193,101.3559,107.1812,103.678,99.63013,96.8986,101.3385,102.6045,111.2772,111.01,105.9722,84.15097,107.3424,107.0747,108.3388,104.2259,122.6624,77.64774,117.9461
2020-08-01,105.617786,115.6279,103.4193,103.4193,101.6863,107.503,103.5949,99.84015,96.83194,101.8036,102.6968,111.5773,110.8992,106.1732,84.2221,107.6532,107.3738,108.6532,104.2989,124.4771,77.71605,118.0757
2020-09-01,106.1975822,119.0241,103.5227,103.5227,103.2458,106.6663,103.1276,99.41011,96.76529,101.1363,102.3892,111.3772,111.7411,105.9617,87.32497,107.4174,107.0747,108.6424,104.3614,124.2919,84.39304,118.2406
2020-10-01,105.6072443,119.0922,103.5848,103.5848,103.5453,107.7175,103.4495,99.06007,83.58646,101.4396,102.42,111.6218,110.9546,105.2634,86.59593,106.292,105.4722,109.0436,104.4657,125.8721,84.39304,118.3938
2020-11-01,105.5123685,114.9919,103.4193,103.4193,103.4627,107.3635,103.3249,98.60002,95.11794,101.025,102.4917,111.3995,111.2205,105.9617,85.97358,107.3853,106.9251,108.9568,104.5595,124.9956,84.31619,118.4998
2020-12-01,105.7653705,115.2986,103.3159,103.3159,103.5866,107.7175,103.2211,99.52012,95.93685,100.9947,102.5532,111.7107,110.9989,106.0675,87.52057,107.5996,107.1708,109.087,104.6534,125.2796,84.44427,118.5705
2021-01-01,106.5138347,117.4339,103.6055,103.6055,103.6383,108.522,104.0726,101.8304,94.47994,101.2374,102.7788,112.0219,112.3393,106.3848,89.93885,108.1355,107.8225,109.2605,104.7472,126.1067,83.77827,118.9829
2021-02-01,107.0830892,120.0463,103.6572,103.6572,104.196,108.1466,104.083,102.5604,94.50851,101.1363,102.9223,112.322,112.2285,106.5329,90.96129,108.4249,107.972,109.9761,104.9349,128.7486,83.96612,119.3952
2021-03-01,107.3571747,120.2167,103.3055,103.3055,104.4955,107.2455,104.1661,103.9806,94.57516,100.9239,103.3119,112.7221,112.4944,106.6599,92.84613,108.6286,108.1429,110.3231,105.1434,129.4029,84.20519,120.055
2021-04-01,107.5047592,119.6602,103.8331,103.8331,104.4851,107.4708,103.8753,104.7206,94.57516,101.5104,103.4349,113.3,113.148,106.8609,93.68186,108.8858,108.4848,110.2906,105.2894,128.2424,84.25642,121.3274
2021-05-01,107.5785514,119.4444,103.8848,103.8848,104.764,108.3397,103.7195,104.6706,94.15618,101.6418,103.4349,113.5112,113.3363,106.9773,93.81522,109.0573,108.6237,110.6701,105.4562,128.8597,84.28204,122.918
2021-06-01,107.5785514,118.7628,103.9779,103.9779,104.9396,108.4576,103.6261,105.5407,94.14666,100.9947,103.4964,113.7224,112.9929,106.9984,94.88211,109.1323,108.6557,110.9087,105.5709,129.2054,84.26496,124.1786
2021-07-01,107.7999281,118.9787,104.0296,104.0296,103.8138,109.5303,103.7507,107.0809,94.14666,101.8339,103.5477,114.367,113.0815,107.3264,93.98415,109.4753,109.0617,111.0605,105.7169,129.3782,78.73211,124.8384
2021-08-01,108.3164739,120.6256,104.1227,104.1227,104.0824,109.9057,103.7611,107.911,94.15618,102.3293,103.6502,114.9116,113.3252,107.5909,94.95324,109.8076,109.3928,111.3858,105.915,129.9708,78.90288,125.5571
2021-09-01,108.7592273,122.5225,104.2054,104.2054,105.6315,109.9594,103.5326,107.6009,94.1657,101.7429,103.4862,114.9672,113.1037,107.4639,98.19836,109.6039,109.1365,111.375,106.1027,129.0819,85.62256,125.8752
2021-10-01,108.9489788,121.2163,104.1227,104.1227,106.2408,110.8068,103.4599,109.3211,93.68959,101.7631,103.5887,115.3895,113.2477,107.7284,100.4388,109.8183,109.2753,111.8304,106.28,130.3905,86.87769,126.4289
2021-11-01,109.4971498,121.8182,104.0192,104.0192,106.4887,110.9784,103.5741,111.4913,94.86083,101.4901,103.599,115.9008,112.7713,107.9717,103.6484,109.9576,109.4463,111.9063,106.5406,129.5634,87.71445,127.0533
2021-12-01,109.6763595,122.4997,103.8537,103.8537,106.7882,111.9331,103.5326,109.4211,94.87035,101.9249,103.7015,116.99,113.8902,108.4478,100.3144,110.3649,109.8949,112.1774,106.7909,130.0695,88.00476,127.3243
2022-01-01,110.3615732,124.1921,104.2882,104.2882,107.3562,112.1798,104.706,109.3111,94.87988,102.6832,104.0398,118.1014,116.3162,109.146,99.95873,111.2116,110.9205,112.4377,106.9368,131.1312,88.4829,127.8191
2022-02-01,111.0046199,124.5215,105.0019,105.0019,108.2031,112.4909,104.7372,111.1713,94.8894,102.1271,104.2243,119.0684,117.8117,109.5903,102.6971,111.7047,111.241,113.4895,107.1037,135.5508,88.79028,128.3493
2022-03-01,111.8057929,124.4307,105.8088,105.8088,108.3374,111.7722,104.2595,116.9719,94.67991,102.7438,104.2961,119.9353,117.5237,109.6856,111.3389,111.8654,111.4974,113.4244,107.2705,134.2052,89.65266,129.3743
2022-04-01,112.6385911,125.2712,106.2535,106.2535,109.2978,114.0141,104.4361,118.9421,94.93701,103.5021,104.5114,120.6022,117.2357,110.077,115.9265,112.2727,112.0315,113.522,107.3748,133.699,93.85353,131.2476
2022-05-01,113.3870553,126.4752,106.5018,106.5018,109.9795,114.1106,104.3945,119.6222,94.94653,103.7448,104.6755,121.7581,119.3404,110.6271,117.438,112.8194,112.6832,113.7172,107.5312,133.6003,96.52603,132.2962
2022-06-01,114.0828107,126.4411,106.4087,106.4087,110.3306,114.6148,104.4776,123.3925,94.95605,104.4121,105.0035,122.6806,120.415,111.1772,121.581,113.3874,113.3455,113.9883,107.625,134.341,97.10664,133.2269
2022-07-01,114.6309817,128.3379,106.5949,106.5949,110.2067,115.1833,104.488,123.5526,94.98462,105.3322,105.106,124.0254,120.8802,111.6321,120.7631,113.9769,114.0933,114.0642,107.7397,134.1928,96.19303,133.8749
2022-08-01,114.5044807,130.1212,106.7397,106.7397,110.4132,115.7518,104.6541,117.652,94.99414,106.1208,105.1983,125.1591,120.991,111.9707,112.7525,114.4057,114.5527,114.3895,107.8752,135.3533,95.97958,134.1694
2022-09-01,114.8312749,131.825,106.4604,106.4604,111.9417,115.2476,104.4776,115.7318,95.27981,105.322,105.1265,125.1146,121.423,111.8226,114.3084,114.1806,114.2322,114.4762,108.0004,135.057,102.8615,134.6054
2022-10-01,115.1264439,130.3029,106.6052,106.6052,114.1105,115.8698,104.976,115.3517,96.09872,105.3322,105.1163,125.5258,121.9215,112.2457,117.1179,114.4378,114.4672,114.8232,108.0733,136.3409,111.878,134.947
2022-11-01,115.0104846,127.7359,106.5328,106.5328,114.0486,116.3096,104.9968,115.4417,96.09872,105.3928,105.0548,125.7259,122.3647,112.5102,117.3224,114.4164,114.4672,114.7365,108.1985,135.378,111.8951,135.0766
2022-12-01,115.2002361,128.9513,106.5846,106.5846,114.1932,116.9103,104.9449,113.1615,96.09872,106.505,105.2906,126.515,123.0072,112.8276,114.6018,114.7486,114.8198,114.9534,108.2715,136.3162,111.6987,135.1237
2023-01-01,116.0646596,131.0412,106.388,106.388,115.4118,118.294,106.056,112.3514,96.09872,107.2329,105.7929,127.1597,125.1673,113.5047,115.2064,115.5096,115.7705,115.0835,108.3444,137.3162,116.4204,135.6304
2023-02-01,116.3598286,131.6546,106.8845,106.8845,116.0315,119.2594,106.1599,111.3913,96.10825,107.2633,106.039,127.8154,125.4775,113.8326,114.4329,115.9169,116.0376,115.951,108.334,141.7481,116.2496,135.9485
2023-03-01,116.54958,132.2793,106.9569,106.9569,115.639,119.356,106.2118,110.8813,96.11777,107.5666,106.6951,128.749,125.8541,114.0548,113.7038,116.1634,116.497,115.4956,108.2819,139.4025,116.0703,136.4551
2023-04-01,116.802582,131.6432,106.9673,106.9673,115.6597,120.1176,105.8172,111.8014,96.1273,107.971,106.9412,129.6937,127.117,114.3827,114.5929,116.6565,117.1273,115.5498,108.2506,139.7235,115.9764,136.6907
2023-05-01,117.1504598,131.7454,106.7811,106.7811,116.238,120.8899,105.9314,111.5313,96.1273,108.1429,107.0335,130.0827,126.6074,114.7953,115.0286,116.8601,117.3837,115.6148,108.1985,140.1062,118.4867,137.1738
2023-06-01,117.139918,132.0975,107.0604,107.0604,116.8164,120.7612,106.3364,109.7512,96.14634,108.2845,107.0745,130.3161,126.8068,114.9011,113.935,116.9673,117.5012,115.6691,108.1255,140.5877,121.0226,137.4447
2023-07-01,117.224252,133.2334,107.1121,107.1121,115.4118,121.0615,106.4091,110.2612,96.14634,108.7597,107.095,131.083,127.1392,115.2185,110.4143,117.3531,118.0139,115.6148,108.0629,140.526,114.4907,137.81
2023-08-01,118.4154697,136.9021,107.1431,107.1431,115.5151,121.4799,106.5025,114.1016,96.15586,109.1135,107.095,131.5943,127.6044,115.483,115.2508,117.6318,118.3451,115.7341,108.0629,141.1062,114.5932,137.9867
2023-09-01,119.1112251,139.0943,106.8328,106.8328,117.0126,121.6515,106.4506,115.2917,96.35583,108.8203,107.1257,131.1053,127.7263,115.3349,121.1898,117.4175,118.078,115.6907,108.0733,140.8593,121.7312,138.1988
2023-10-01,119.5118116,139.5373,107.2259,107.2259,117.3947,122.0698,106.5752,117.3019,96.37487,108.881,107.1873,131.3498,127.6709,115.7369,122.0434,117.7497,118.3772,116.1028,108.0838,142.8345,122.0472,138.3873
2023-11-01,118.8476814,136.073,108.4154,108.4154,117.3018,121.6622,106.7518,114.9917,96.39392,108.426,107.1155,131.5721,127.693,115.7369,119.6251,117.6747,118.3237,115.9618,108.1672,141.8345,122.0557,138.5758
2023-12-01,116.6962846,136.9362,108.6223,108.6223,117.4464,122.2951,106.7829,112.9015,96.40344,108.5372,107.1565,132.1278,128.0365,115.9485,116.5933,117.9105,118.5588,116.1787,108.1672,142.995,121.9105,138.67
2024-01-01,117.1136727,138.799,107.9913,107.9913,117.5703,122.0055,107.9771,111.9814,96.40344,108.5372,107.6076,132.3612,131.1382,116.3822,115.0463,118.4893,119.3066,116.2112,108.1672,143.9456,121.7825,138.8585
2024-02-01,117.6923243,140.798,107.9189,107.9189,117.9628,122.22,108.0602,113.6516,96.40344,109.6089,107.7409,132.6946,130.9942,116.7313,116.5311,118.8001,119.5523,116.7534,108.1985,146.5381,121.7825,139.0588
2024-03-01,117.8535878,141.0934,108.0224,108.0224,117.8492,123.0245,108.2575,114.0116,96.40344,109.154,108.0895,133.1281,131.2601,116.816,117.438,118.8751,119.6912,116.5799,108.2298,145.427,121.8081,139.2827
2024-04-01,117.9105044,139.4237,108.3017,108.3017,117.8905,123.0352,108.2679,115.0317,96.40344,109.6494,108.4278,133.5282,131.9801,117.0699,118.4159,119.2074,120.1078,116.6233,108.261,145.4517,121.8252,139.6126
2024-05-01,117.9958792,138.4582,108.0534,108.0534,118.0041,122.7992,108.5379,115.7518,96.47961,110.0134,108.5713,133.795,131.9691,117.3344,118.6293,119.4968,120.439,116.7643,108.3236,145.9085,121.8081,139.8364
2024-06-01,117.7492408,137.0725,108.1362,108.1362,118.1796,122.6812,108.2575,114.0216,96.47961,109.9426,108.5816,134.2284,132.5229,117.3767,116.7889,119.5182,120.4176,116.992,108.3966,146.9331,121.7483,139.7186
2024-07-01,118.0243375,138.0493,108.312,108.312,116.7751,123.7325,108.2783,116.0118,96.47961,110.6604,108.8584,134.8397,132.6891,117.7152,115.6153,120.0005,121.0586,116.9161,108.4487,146.3529,115.3872,139.9189
2024-08-01,118.4132672,139.6963,108.1879,108.1879,117.6529,123.7325,108.3821,116.1818,96.47961,110.5593,109.0942,135.2065,132.0798,117.8527,117.0201,120.2792,121.315,117.2739,108.5321,147.859,118.2732,140.0485
2024-09-01,118.5176142,141.6613,108.0741,108.0741,119.1401,123.3034,108.5171,113.9116,96.47961,110.0639,109.1967,134.5063,131.7918,117.62,117.8291,119.9469,120.8663,117.3281,108.5947,147.7479,125.0441,140.3077
2024-10-01,118.5555586,141.4455,108.281,108.281,119.295,123.829,108.4548,112.5714,96.47961,109.9123,109.248,135.1842,133.0214,117.8422,116.4511,120.172,121.0906,117.5884,108.6677,148.538,124.9587,140.7083
2024-11-01,118.2804619,137.7994,108.4154,108.4154,119.264,123.3463,108.5794,113.7016,96.47961,109.3461,109.3197,135.451,133.1544,117.8951,117.9092,120.097,120.9945,117.5233,108.7094,148.0072,125.0014,140.9675
2024-12-01,118.7642526,140.4005,108.1775,108.1775,119.4603,124.2581,108.5794,114.3316,96.49866,109.8617,109.4325,135.7955,132.6116,118.0537,118.896,120.3542,121.2829,117.7293,108.7824,148.9824,125.0612,141.0499
2025-01-01,119.52314,142.127,108.2086,108.2086,119.6668,124.6121,109.4725,115.6318,96.49866,110.8424,109.8733,136.3179,136.2561,118.6356,121.0476,121.1581,122.3085,117.7944,108.8449,149.8466,125.121,141.6508
2025-02-01,119.8741253,143.6263,108.2913,108.2913,120.2865,125.084,109.4829,116.2018,96.49866,110.0942,109.9656,136.5513,136.3337,118.7943,122.0167,121.3082,122.2551,118.5751,108.9075,153.6119,125.2063,141.9335
2025-03-01,120.0733333,144.5463,108.3223,108.3223,120.0593,124.7193,109.5036,115.6818,96.50819,110.1954,111.1856,137.1293,136.8322,119.0376,120.8075,121.6297,122.7678,118.2824,108.9805,151.7231,125.1807,142.0631
2025-04-01,120.1587081,143.6603,108.3948,108.3948,120.049,126.5429,109.5867,114.5616,96.49866,111.075,111.4112,137.8072,138.4495,119.4714,119.0472,122.1227,123.4088,118.2824,109.0639,151.2169,125.1124,142.5344
