date,Total CPI,Food and non-alcoholic beverages,"Alcoholic beverages, tobacco and narcotics",Clothing and footwear,"Housing, water, electricity, and fuel",Household goods and services,Health,Transportation,Communication,Recreation and culture,Education,Restaurants and hotels,Miscellaneous goods and services,All items (non-food non-energy),Energy,Services,Services less housing,Housing excluding imputed rentals for housing,Actual rentals for housing,Water supply and misc. services relating to dwelling,"Electricity, gas and other fuels",Maintenance and repair of the dwelling
2000-01-01,65.8395493050791,54.81991,46.8821,64.72105,62.374019999999994,74.90024,71.00135,69.02402,137.4397,96.14568,56.41197,66.56626999999999,61.96885,68.44451,65.22345,66.79987,66.91338,66.04316,67.92511999999999,49.68468,57.44686,55.961659999999995
2000-02-01,66.040896716333,55.311730000000004,46.78901,64.78505,62.69315,74.60204,70.92761999999999,68.884,137.3092,96.91509,56.58831,66.76744000000001,62.03199,68.5831,65.69733000000001,67.07211,67.25523000000001,66.04316,68.06067,50.40441,58.35193,56.077119999999994
2000-03-01,66.3729618186626,55.03913000000001,46.6504,64.78505,62.884209999999996,74.37785,71.00135,68.95401,137.3092,96.91509,59.1729,66.90080999999999,62.09401999999999,69.06763000000001,65.62886999999999,67.75164000000001,68.14405,66.17545,68.13051999999999,51.383390000000006,58.35193,56.306869999999996
2000-04-01,66.1062555618708,54.00552,46.51075,64.72105,62.82121,74.15474,71.95983000000001,68.52797,136.3913,96.43382,59.28978000000001,66.96861,62.09401999999999,69.13745,64.7478,67.88883,68.28079,66.37606,68.26711,51.58955,57.627880000000005,56.478880000000004
2000-05-01,65.7731362846132,53.08095,46.55627,64.91619,62.757180000000005,74.30275999999999,72.03356,68.66998000000001,128.5297,96.53088000000001,59.28978000000001,67.03529,61.96885,68.93009,64.40906,67.61551999999999,67.8022,66.37606,68.33489,51.6414,57.20608000000001,56.59316
2000-06-01,66.1062555618708,53.13547,46.46317,65.37465999999999,63.522459999999995,74.52802,71.95983000000001,70.08713,129.4476,96.43382,59.11549,67.03529,61.96885,68.99886,67.32523,67.75164000000001,67.93894,66.64171999999999,68.47148,51.58955,59.55925,57.97161
2000-07-01,66.3729618186626,53.73291999999999,46.41766,65.4397,63.586490000000005,74.52802,72.54966999999999,70.65318,129.1848,96.14568,59.11549,67.16978,61.90681,69.27604000000001,67.25676999999999,67.95636,68.21136,66.70895,68.54134,51.5377,59.61987,58.1448
2000-08-01,66.7050269209922,54.276990000000005,46.55627,65.5058,63.90355,74.75114,74.46663000000001,72.21334,127.2204,95.85752,59.11549,67.23647,62.15606,69.41356999999999,68.6126,68.2286,68.55428,66.77618000000001,68.67896999999999,51.58955,60.58471,58.20253
2000-09-01,67.5705045369054,56.83375,46.51075,65.5058,64.28568,74.82623000000001,77.19462,73.34646,127.4822,95.76146999999999,59.23236,67.30315,62.218090000000004,69.75950999999999,69.96934,68.56944,69.03286999999999,66.97570999999999,68.81557,51.95004,61.55039,58.37455
2000-10-01,67.5040915164394,55.69223,46.41766,66.42065,64.79587,74.67712,77.19462,73.48947,127.3508,95.56836,59.28978000000001,67.37206,62.15606,69.82933,70.98643,68.70555999999999,69.10124,67.04185,68.95215999999999,52.00065,63.18036,58.43345
2000-11-01,67.1045592187158,53.406940000000006,46.41766,65.57085,65.30605,74.75114,77.19462,73.06243,127.3508,95.56836,59.28978000000001,67.43764,62.03199,69.82933,71.25583,68.9092,69.37472,67.24138,69.15861,52.00065,64.80948000000001,58.43345
2000-12-01,67.3702113005795,53.461459999999995,46.46317,66.81302,65.81624000000001,74.82623000000001,77.2673,73.63049000000001,127.2204,95.37727,59.28978000000001,67.43764,62.65234,70.03668,72.47742,69.18144000000001,69.6482,67.44199,69.43283000000001,52.51545,66.0151,58.43345
2001-01-01,68.1039170504888,54.875569999999996,49.023309999999995,66.87807,66.07133,75.12443,82.28194,73.41846,127.089,95.85752,59.525580000000005,67.43764,64.01933000000001,70.66086,72.47742,69.79345,70.46758,67.64151,69.63719,52.77346,66.37798000000001,58.43345
2001-02-01,68.4359821528185,55.41964,49.023309999999995,66.87807,66.45345999999999,75.94502,82.57582,73.41846,127.2204,97.01114,59.87928,67.50431999999999,64.08026,70.93803,73.01975,70.0657,70.80943,67.77489,69.70705,53.442569999999996,67.28304,58.54656
2001-03-01,69.0358076868679,56.779230000000005,48.97676,65.76704000000001,66.83455,75.94502,82.79700000000001,73.48947,127.3508,97.20324000000001,61.757490000000004,67.90778,64.1423,71.42256,73.08731999999999,70.7463,71.62988,67.97549000000001,69.98023,56.12149,67.34281,59.00722
2001-04-01,69.3014597687316,57.21425,48.74402,66.94312,67.15366999999999,75.79592,82.79700000000001,73.91450999999999,127.3508,96.53088000000001,61.757490000000004,68.11005,64.51451,71.63096999999999,73.35938,70.94887,71.76661999999999,68.509,70.52868000000001,56.22396,67.22327,59.00722
2001-05-01,69.2350467482657,56.45324,48.8847,67.53168000000001,67.40876999999999,75.87101,82.87177,73.91450999999999,127.6127,96.3398,61.70008000000001,68.17563,64.63858,71.7685,73.42605999999999,71.15359000000001,71.90337,68.70853000000001,70.8029,56.017790000000005,67.4649,59.179230000000004
2001-06-01,69.4342858096634,57.10635,48.8847,67.53168000000001,67.66283,75.72191,82.9455,74.12653,127.6127,95.95358,61.70008000000001,68.31123000000001,64.57655,71.83939000000001,73.5612,71.28864,71.90337,69.1748,71.41913000000001,55.91409,67.28304,59.236959999999996
2001-07-01,69.5671118505953,57.86622,48.79161,67.33549000000001,67.85493000000001,75.57173,81.176,74.33955999999999,126.4329,95.76146999999999,61.757490000000004,68.3768,64.57655,71.7685,73.62965,71.28864,71.76661999999999,69.44155,71.69335,55.91409,67.22327,59.754180000000005
2001-08-01,69.8338181073871,59.28147,48.83712,67.53168000000001,67.85493000000001,76.31831,81.61734,74.05553,126.4329,95.66643,61.70008000000001,68.4446,64.63858,71.90815,72.68101999999999,71.35723,71.83499,69.64216,71.90084,56.58444,66.49922,60.0982
2001-09-01,69.7674050869211,58.68289,48.83712,67.59777,68.04598,76.5425,81.61734,73.91450999999999,126.4329,95.47332,61.70008000000001,68.57908,64.82468,72.04674,72.27382,71.49335,71.90337,69.90783,72.10521,57.200469999999996,66.25673,60.155930000000005
2001-10-01,69.7674050869211,58.46594,48.79161,67.85901,68.23705,76.24323000000001,81.54465,73.91450999999999,125.9101,94.60684,61.757490000000004,68.64465,65.13597,72.04674,72.20536,71.63055,71.90337,70.24181,72.37943,57.870819999999995,66.25673,60.327940000000005
2001-11-01,69.3689269641256,56.670190000000005,48.79161,67.27045,68.30108,76.31831,81.54465,73.55948000000001,126.17200000000001,94.5118,61.99329,68.78025,64.88783000000001,72.11445,71.32517,71.69807,71.90337,70.57471,72.79025,57.76835,65.47205,60.49995
2001-12-01,69.5017530050574,57.269909999999996,48.83712,68.64271,68.36407,76.61652,81.61734,72.00032,126.9575,94.60684,62.05276,69.04921999999999,64.94986999999999,72.32285999999999,69.69728,71.97031,72.10847,71.04099000000001,73.40751,57.61403000000001,64.38598,60.49995
2002-01-01,69.900231127853,58.46594,49.023309999999995,68.64271,68.42811,76.61652,81.83955999999999,72.35535,126.8271,94.99206,62.05276,69.38377,65.75743,72.60109,69.83242,72.17396,72.24521999999999,71.24159,73.68173,57.66465,64.08543,60.61659
2002-02-01,70.2333504051106,60.097,52.841280000000005,68.51156999999999,68.04598,76.76562,81.98702,72.42536,122.50399999999999,95.95358,62.2291,69.71831,65.81836,72.80844,68.34144,71.90172,71.83499,71.50618,73.95596,58.025130000000004,61.792030000000004,60.61659
2002-03-01,70.6328827028342,59.49955,52.841280000000005,68.64271,68.30108,76.6916,82.06075,72.70939,122.50399999999999,95.2802,65.04949,70.12176,66.0665,73.43156,68.6126,72.71844,72.85948,71.7751,74.22913,58.6424,61.73141,60.96062
2002-04-01,71.0324150005578,59.82553000000001,52.841280000000005,68.77385,68.7462,76.6916,81.10226999999999,73.91450999999999,122.50399999999999,96.81904,65.3427,70.39184,66.37778,73.77856,69.89999,72.92208000000001,72.99622,72.10692,74.71085,58.28315,62.51608,61.01716999999999
2002-05-01,71.2980670824216,60.31395,52.841280000000005,69.16518,69.06533,76.61652,81.24973,74.7646,122.7658,96.81904,65.40217,70.45741,66.56389,73.91715,70.78195,73.12572,73.13403000000001,72.4409,75.12167,58.489309999999996,62.81749,61.0749
2002-06-01,71.2316540619556,59.82553000000001,52.79473,69.29632,69.25639,76.61652,81.47091999999999,74.7646,119.8834,96.05064,65.40217,70.52521,67.12331,73.91715,70.78195,73.12572,72.99622,72.7738,75.46366,58.38561,62.87811,61.30464
2002-07-01,71.0324150005578,58.955490000000005,52.701640000000005,69.03509,69.31939,76.39339,81.54465,74.55158,119.8834,96.3398,65.40217,70.72527,67.06128000000001,73.98697,70.0369,73.19433000000001,72.99622,72.97333,75.80566,58.025130000000004,62.39484,61.4201
2002-08-01,71.4983603187474,60.85801,52.841280000000005,69.29632,69.44745,76.5425,81.47091999999999,74.40957,119.4892,97.1082,65.4606,70.86086,67.12331,74.1245,69.76485,73.33044,73.13403000000001,73.17393,76.01315,58.025130000000004,62.335069999999995,61.59211
2002-09-01,71.898946791399,62.327780000000004,52.79473,69.42641,69.70048,76.76562,81.61734,75.04863,119.4892,96.53088000000001,65.51904,71.06203000000001,67.24738,74.33292,69.69728,73.39904,73.13403000000001,73.50792,76.28634,58.797940000000004,62.335069999999995,62.22361
2002-10-01,71.6975993801452,59.66198000000001,52.841280000000005,70.47345,70.40173,76.91471999999999,81.76584,75.7557,119.4892,96.62694,65.51904,71.12761,67.12331,74.54132,71.32517,73.53409,73.20133,73.83973,76.56056,60.342330000000004,63.843790000000006,62.56881
2002-11-01,71.7650665755391,59.11905,52.79473,70.60459,70.78489,76.8407,81.83955999999999,76.04073000000001,119.3578,96.72299,65.57851,71.1954,67.12331,74.67886,72.00265,73.67021,73.33914,73.97310999999999,76.6982,60.5485,64.62847,63.3735
2002-12-01,72.0960775029407,60.15152,52.79473,71.12706,70.97595,77.288,82.06075,76.11074,119.3578,97.3003,65.57851,71.46438,67.12331,74.88727,71.86662,74.00998,73.67993,74.10648,76.9036,60.188019999999995,65.05026,63.66096999999999
2003-01-01,72.5641311709863,61.34755,52.79473,71.2582,71.16701,77.81039,83.09193,76.6778,119.0969,97.68451,65.81328,71.73223,67.43349,75.16444,72.5441,74.28329000000001,74.09121999999999,74.23986,77.04019,60.599109999999996,65.41314,63.89071
2003-02-01,72.9626092937819,61.945,53.44744,71.45334,71.61317,78.48080999999999,83.09193,77.59889,115.9527,97.68451,65.98962,72.0012,67.99181,75.3718,73.89993,74.35081,74.02178,74.4383,77.17783,61.371930000000006,66.31735,63.89071
2003-03-01,73.828086909695,63.14216999999999,54.05256,71.65057,71.99529,78.62991,83.09193,79.22806,115.6908,97.20324000000001,69.04479,72.33685,68.11699,76.1335,74.7819,75.43871,75.45756999999999,74.70614,77.45205,62.29906,66.92101,63.948440000000005
2003-04-01,73.6952608687631,62.4902,54.237719999999996,71.65057,72.05932,78.4068,83.16773,78.09494000000001,115.1661,97.3003,69.10528000000001,72.87368000000001,68.11699,76.34191,73.35938,75.78062,75.86778000000001,74.97289,77.72523000000001,62.24844,66.67938000000001,64.06273
2003-05-01,73.5624348278313,61.51112,54.144619999999996,72.10799,72.25038,78.48080999999999,83.53534,77.81191,114.7738,96.91509,69.16167,73.00816,68.17902,76.41068,73.01975,75.91566,75.86778000000001,75.23965,77.99945,62.505219999999994,66.49922,64.06273
2003-06-01,73.3621415915055,60.532019999999996,54.144619999999996,72.1741,72.31441,78.33171,83.6828,77.45788,114.6424,96.53088000000001,69.22215,73.14153,68.55235,76.4805,72.40896,75.98425999999999,76.00452,75.37302,78.2059,63.17556999999999,66.0151,64.12045
2003-07-01,73.2967827459676,60.532019999999996,54.00601999999999,72.10799,72.50445,77.88548,83.75653,76.89081999999999,114.6424,96.62694,69.22215,73.20822,68.24106,76.41068,72.40896,76.12038000000001,76.1402,75.57146,78.34249,63.48296,66.31735,64.23474
2003-08-01,73.6288478482972,61.945,54.144619999999996,72.30314,72.56846999999999,77.9595,83.82921999999999,76.7488,113.8559,96.43382,69.27956,73.61166999999999,68.55235,76.4805,72.20536,76.18684,76.1402,75.77315,78.48013,64.15208,66.07741999999999,64.17701
2003-09-01,74.2950864028126,64.88226999999999,54.144619999999996,72.43428,72.63148000000001,78.62991,83.75653,76.7488,113.8559,95.95358,69.27956,73.67836,68.73734,76.68785,72.07021999999999,76.25543,76.1402,75.90544,78.68449,64.46194,65.89471,64.3502
2003-10-01,74.3604452483504,65.42747,54.144619999999996,72.1741,72.63148000000001,78.48080999999999,83.60803,76.6778,113.8559,96.05064,69.34006,73.87953,68.36513000000001,76.68785,71.59634,76.25543,76.00452,76.17111,78.7533,64.25578,65.17151,66.3036
2003-11-01,74.2276192074186,64.39386,54.09808,70.80077,72.88656999999999,78.03458,83.60803,77.24485,113.7254,96.24274,69.34006,74.08181,68.92345,76.61909,72.5441,76.39156,76.1402,76.23943,78.89094,63.99776,65.77431,66.3036
2003-12-01,74.5617926596043,64.39386,54.144619999999996,72.23809,73.2057,78.33171,83.6828,77.6709,113.7254,96.62694,69.75117,74.48415,69.3577,77.03485,73.29092,76.59626999999999,76.34531,76.44003000000001,79.02753,64.61502,66.55899000000001,66.36133000000001
2004-01-01,75.0277379777938,65.48199,54.09808,72.1741,73.58782,77.9595,84.71500999999999,78.23795,113.7254,97.1082,69.86804000000001,74.61752,69.60694000000001,77.24325999999999,74.30802,76.79991,76.61879,76.63847,79.16516,65.85078,67.28304,66.47561
2004-02-01,75.3598030801234,66.29639,54.09808,72.36923,74.09801,78.2577,84.71500999999999,78.733,113.7254,96.72299,69.92648,74.61752,69.54491,77.31203000000001,75.66386,77.00356,76.82391,76.77293,79.23501999999999,66.98408,68.61076,66.59106
2004-03-01,76.0914004801767,67.71163,54.144619999999996,72.50036999999999,74.3531,78.4068,84.71500999999999,79.08704,113.7254,96.53088000000001,72.86478000000001,75.15545999999999,69.73101,77.93514,76.0026,77.88781,77.9189,77.10583000000001,79.23501999999999,67.08654,68.67052,69.98065
2004-04-01,76.0914004801767,67.49469,54.144619999999996,72.56437,74.22504,79.0032,84.71500999999999,78.80301,113.7254,96.53088000000001,72.92322,75.35664,69.41973,78.00497,75.46027,77.88781,77.9189,77.23813,79.37161,67.49887,67.8867,70.26812
2004-05-01,76.0260416346388,66.78706,54.7963,72.1741,74.3531,79.22739,84.71500999999999,79.08704,113.7254,96.62694,73.04111,75.82566,69.29677,78.07373,76.0026,77.95640999999999,78.05457,77.17307,79.37161,66.88038,68.30935,70.5556
2004-06-01,76.0260416346388,66.57011999999999,54.74975,72.1741,74.3531,79.30141,84.71500999999999,79.15805,113.7254,96.43382,73.04111,75.96014,69.79305,78.14249000000001,76.0026,78.02286,78.12402,77.17307,79.43835,66.6236,68.30935,70.5556
2004-07-01,76.4919869528283,67.60259,54.74975,71.91181,74.6712,79.15231,84.71500999999999,80.50418,113.7254,97.1082,73.09853000000001,76.1602,69.54491,78.41967,76.47736,78.43229000000001,78.66991,77.23813,79.5082,66.88038,69.33395,70.61333
2004-08-01,77.1561171574876,70.21274,54.7963,72.04295,74.86329,79.3765,84.71500999999999,81.21325999999999,113.7254,96.81904,73.09853000000001,76.42917,69.91712,78.48949,77.49446999999999,78.50089,78.66991,77.30536,79.5082,67.13839,70.05886,70.72761
2004-09-01,77.1561171574876,70.37517,54.7963,72.04295,74.99032,78.77901,84.64128000000001,81.21325999999999,113.7254,96.24274,73.09853000000001,76.63034,69.98026,78.48949,77.56203000000001,78.50089,78.73828,77.30536,79.5082,67.34456,70.36111,70.89962
2004-10-01,77.1561171574876,69.7232,54.843880000000006,72.10799,75.49947,78.62991,84.64128000000001,81.92233,111.2363,96.24274,73.09853000000001,76.69814000000001,70.0423,78.48949,78.98544,78.63593,78.94339000000001,77.23813,79.43835,67.03593000000001,72.47179,70.89962
2004-11-01,76.6912260142261,67.54807,54.843880000000006,70.80077,75.49947,78.705,84.64128000000001,81.99334,111.3667,96.53088000000001,73.09853000000001,76.76482,70.10433,78.41967,78.71516,78.77206,79.08013000000001,77.30536,79.43835,67.2421,72.35226,71.07281
2004-12-01,76.825106230086,67.49469,54.7963,72.23809,75.56246999999999,79.5256,84.64128000000001,81.42628,111.3667,97.39534,73.09853000000001,76.83263000000001,70.16637,78.69791,78.2404,78.9757,79.35361,77.30536,79.37161,67.54949,72.71343,71.07281
2005-01-01,77.5809496534839,68.84293000000001,62.61015,72.31153,75.95286,79.79054000000001,86.12521,81.18626,111.9381,97.67439,73.31485,76.88819000000001,70.05338,79.32208,78.25995999999999,79.23186,79.75742,77.38235,79.37474,68.55315,73.98906,71.51698
2005-02-01,77.895093782037,70.31042,62.67325,72.31153,75.95286,79.86992,86.2114,81.43828,111.9381,97.77145,73.69315999999999,76.96710999999999,69.84068,79.48076999999999,78.09815,79.23186,79.83755,77.46042,79.37474,69.81361,73.39820999999999,71.66189
2005-03-01,78.3652557999387,70.52055,62.67325,72.31153,76.10468,79.79054000000001,86.29863,82.36336999999999,111.4943,97.57733,75.88509,77.4328,71.04372,79.88067,79.39531,79.95106,80.6441,77.46042,79.2955,69.81361,73.84135,72.16968
2005-04-01,78.444318919541,70.86926,62.61015,72.38497,75.64819,79.47303000000001,86.38378,83.12145,111.4943,97.28716,75.95993,77.5884,70.76014,79.96213,79.31529,79.79135,80.56506,77.46042,79.2955,70.09508000000001,72.2165,72.46069
2005-05-01,78.3652557999387,70.1003,62.67325,72.74902,75.80001,79.47303000000001,86.47102,82.95243,111.4943,97.19009,75.95993,77.744,70.61945,79.96213,79.63981,79.87174,80.6441,77.30536,79.21625999999999,69.3235,73.17706,72.60441999999999
2005-06-01,78.1291206160598,68.84293000000001,62.67325,72.74902,75.64819,79.31428000000001,86.55721,83.20446,110.9382,96.31957,75.95993,77.744,70.33697,79.96213,79.4771,79.87174,80.6441,77.22837,79.13805,69.46423,72.73307,72.67747
2005-07-01,78.444318919541,69.75159000000001,62.67325,72.74902,75.95286,79.07722,86.55721,84.46759,110.6049,96.5137,75.95993,77.9774,70.26607,79.96213,81.42418,80.03144,80.88768,77.15029,79.13805,69.60374,73.84135,72.67747
2005-08-01,78.6793999284918,70.1003,62.67325,72.74902,76.10468,79.07722,86.73165999999999,85.30866999999999,110.7164,96.7058,76.0358,77.9774,70.54744000000001,80.12187,82.31503000000001,80.19114,80.96885999999999,77.30536,79.13805,70.44445,73.98906,72.75050999999999
2005-09-01,79.0715530017192,71.4985,62.67325,72.74902,76.25752,79.07722,86.73165999999999,86.65481,110.4954,97.09303,76.0358,77.9774,70.83214,80.12187,83.8558,80.19114,81.05006,77.38235,79.05776999999999,71.00616,74.28534,72.75050999999999
2005-10-01,78.9144809374426,70.59097,62.73531,73.47712,76.33395,78.91846,86.81681,86.65481,110.4954,95.73822,76.0358,78.05409,71.04372,80.12187,83.8558,80.19114,81.05006,77.46042,79.13805,71.00616,74.43305,72.89543
2005-11-01,78.6003368088895,68.00354,62.73531,73.62295,76.63758,78.91846,86.90405,86.23476,110.4954,95.64115,76.0358,78.21081,71.46911,80.20228,83.93670999999999,80.35084,81.2103,77.38235,79.13805,70.86543,75.54218,73.04034
2005-12-01,78.8364719927684,69.12234000000001,62.73531,73.62295,76.714,78.99677,86.99023000000001,86.06575,110.4954,95.93234,76.0358,78.3653,72.31656,80.36095999999999,83.61308000000001,80.51161,81.37161,77.46042,79.13805,71.35677,75.54218,73.11339
2006-01-01,79.30663401067,70.45013,62.61015,73.62295,77.3977,78.68033,88.03075,86.82383,110.0517,95.93234,76.18651,78.5209,72.17586999999999,80.52071,85.07294,80.83102,81.77543,77.61549000000001,79.13805,72.47771,77.68531,73.18644
2006-02-01,79.4647602498746,70.17071999999999,62.54705,73.84012,77.77982,78.68033,88.11591,87.07585,110.0517,95.73822,76.79241,78.59980999999999,72.31656,80.76086,85.55927,81.0711,82.01793,77.92453,79.21625999999999,73.4604,78.20274,73.33135
2006-03-01,79.9349222677763,70.24113,62.54705,73.84012,77.7034,78.68033,88.11591,87.15986,110.0517,95.64115,79.51335999999999,78.9877,73.02441999999999,81.31944,85.64017,81.79029,82.98687,77.84754000000001,79.21625999999999,73.10855,78.20274,73.4044
2006-04-01,80.0139853873786,70.03101,62.54705,73.84012,77.7034,78.7597,88.11591,87.83193,110.0517,95.54409,79.66407,78.9877,74.01588000000001,81.39984,86.2892,81.94999,83.14711,77.84754000000001,79.2955,72.89868,78.27702,73.47626
2006-05-01,80.1700032767271,69.40176,62.483959999999996,74.86092,77.77982,78.99677,88.11591,88.589,110.0517,95.34997,79.73891,79.06551,75.28981999999999,81.64105,86.93822,82.03038000000001,83.2283,77.84754000000001,79.37474,72.75795,78.35045,73.62
2006-06-01,80.0139853873786,68.77251,62.483959999999996,74.93226999999999,77.85625,79.47303000000001,88.20313,88.67402,109.8279,94.09221,79.81477,79.22111,74.51105,81.55959,87.01913,82.11076,83.30842,77.92453,79.37474,72.68881,78.35045,74.56371
2006-07-01,80.3270753410036,69.19275999999999,62.483959999999996,74.86092,78.38812,79.39365,88.28828,89.34608,109.8279,94.18927,79.81477,79.45339,75.00623,81.7204,88.7226,82.34978000000001,83.63211,77.92453,79.45501999999999,72.47771,80.421,74.56371
2006-08-01,80.7972373589053,71.84834000000001,62.483959999999996,74.93226999999999,78.61533,80.02975,88.37550999999999,89.59911,109.3842,93.80204,79.81477,79.45339,75.35961,81.7204,88.9662,82.43016999999999,83.63211,78.15659000000001,79.53323,73.31841999999999,80.64214,74.63558
2006-09-01,81.0323183678561,72.54802,62.61015,74.93226999999999,79.30212,80.18636,88.46275,89.17806999999999,109.3842,93.60792,79.81477,79.53231,75.28981999999999,81.8812,89.53343000000001,82.67025,83.87462,78.23357,79.61247,73.17891999999999,83.15498000000001,74.70863
2006-10-01,80.6401652946287,71.00896,62.61015,75.44215,79.22466999999999,80.10698000000001,88.46275,87.66490999999999,109.1623,93.31875,79.81477,79.61010999999999,75.14803,81.8812,87.50635,82.67025,83.95473,78.31165,79.8502,72.89868,82.6384,74.78049
2006-11-01,80.2490663963294,69.12234000000001,62.61015,76.02546,78.69279,80.34512,88.37550999999999,87.15986,108.829,93.22169,79.89064,79.6879,75.5014,82.04095,85.31567,82.67025,83.87462,78.46670999999999,80.00869,72.89868,80.199,74.78049
2006-12-01,80.4841474052802,70.17071999999999,62.61015,76.02546,78.8446,80.42557,88.5479,87.24387,108.829,93.41581,79.89064,79.9202,75.64431,82.12135,85.15385,82.82888,83.95473,78.69876,80.16718,73.31841999999999,80.12472,74.85354
2007-01-01,80.6401652946287,70.52055,62.54705,76.02546,78.92104,80.742,89.50118,87.32788000000001,108.0511,93.41581,80.26895,80.0758,75.64431,82.36044,84.66664,82.98965,84.11605,79.08588,80.32566,75.14182,79.31187,74.92541
2007-02-01,81.1893904321327,72.12776,62.54705,76.0989,79.14928,80.82138,89.67461,87.32788000000001,107.4959,94.09221,81.10041,80.1536,76.49175,82.76034,84.58573,83.30905,84.52093,79.31793,80.48415,76.05289,79.23843000000001,74.99845
2007-03-01,81.6606066249624,71.4985,62.61015,76.0989,79.07285,81.05951,89.67461,88.33698000000001,107.3855,93.60792,84.35037,80.5426,77.69479,83.40038,85.47926,84.1097,85.48987,79.39493,80.56235,75.98253000000001,78.64587,75.0715
2007-04-01,81.9736965785874,71.7075,62.61015,76.0989,79.14928,81.21826999999999,89.84698,90.60821999999999,107.3855,93.22169,84.50108,80.62040999999999,77.83659,83.56013,87.10004,84.34978000000001,85.7313,79.39493,80.72188,75.56155,78.94215,75.0715
2007-05-01,82.0527596981897,71.21909000000001,62.67325,76.68012,79.52934,81.13781999999999,89.84698,91.36629,107.2741,92.7374,84.57694000000001,80.6971,77.83659,83.63946999999999,88.5599,84.50842,85.89262,79.54999000000001,80.80112,75.63316,80.27328,75.14336999999999
2007-06-01,82.0527596981897,70.79996,62.86048,76.68012,79.60576,81.21826999999999,89.84698,91.70232,107.1636,92.54326999999999,84.57694000000001,80.77601,77.90749,83.63946999999999,88.9662,84.5888,85.97273,79.473,80.87933000000001,75.49242,80.34756,75.14336999999999
2007-07-01,82.3669038267428,71.7075,62.92358,76.97178000000001,79.90939,81.21826999999999,89.84698,92.12337,107.3855,92.83445999999999,84.65179,80.85381,77.97839,83.80028,89.69524,84.7485,86.21524000000001,79.54999000000001,80.95961,75.49242,81.38242,75.14336999999999
2007-08-01,82.4449127714171,71.84834000000001,62.985640000000004,76.97178000000001,80.06326999999999,81.93266,89.7608,91.95435,107.3855,92.54326999999999,84.65179,80.93160999999999,78.40266,83.87961999999999,89.53343000000001,84.82781999999999,86.21524000000001,79.78204000000001,81.1181,76.12326,81.45499000000001,75.21642
2007-09-01,82.9161289642468,73.94509000000001,62.985640000000004,76.97178000000001,80.74696,82.32955,89.84698,92.03836,107.3855,92.35016,84.65179,80.85381,78.75604,83.87961999999999,90.74969,84.98859,86.37655,79.93602,81.1963,76.33313000000001,83.59897,75.28828
2007-10-01,83.0721468535953,74.0848,62.985640000000004,77.19105,80.82236,82.32955,89.84698,92.37539,107.3855,92.2531,84.72765,81.00829,79.11053000000001,84.04042,91.47873,85.0679,86.45774,79.93602,81.27658000000001,75.91339,83.89439,75.28828
2007-11-01,83.0721468535953,72.12776,62.985640000000004,77.55614,81.50915,82.40678,89.93421,93.80553,107.3855,92.2531,84.72765,81.00829,79.74639,84.11871,94.31844,85.14829,86.61798,80.09109000000001,81.51326999999999,75.91339,85.9641,75.28828
2007-12-01,83.3862909821484,72.47646,62.985640000000004,77.77226999999999,81.81278,82.2491,90.02041,94.98366,107.3855,92.44722,84.80351999999999,81.16501,79.9602,84.27846,95.85921,85.30799,86.69917,80.32314000000001,81.6728,76.33313000000001,86.62923,75.28828
2008-01-01,83.7773898804478,72.68659,62.985640000000004,77.77226999999999,81.58454,82.40678,90.79924,96.24579,106.0524,93.02858,85.25667,81.7863,81.80020999999999,84.67941,96.18283000000001,85.62846,87.02287,80.55519,81.83025,77.73555,84.7081,75.28828
2008-02-01,84.0925881839289,73.31698,62.985640000000004,77.70093,81.9646,82.32955,91.14503,96.16176999999999,106.0524,93.41581,85.48427,82.17531,82.57675,84.9989,96.02102,85.94787,87.34549,81.17545,81.98978000000001,80.25891999999999,84.56039,75.36133000000001
2008-03-01,84.8768943303837,73.17613,62.985640000000004,77.77226999999999,82.26926,82.64492,91.23227,96.75084,106.0524,93.60792,88.88494,83.2634,84.27718,85.95844,97.07545999999999,87.06684,88.63598,81.32943,82.14721999999999,80.11819,85.22551999999999,75.50624
2008-04-01,85.3481105232134,74.29493000000001,62.985640000000004,77.84676,82.95501999999999,82.64492,91.23227,97.84395,105.9409,93.41581,89.11151,83.65241,84.62946,86.11819,99.26525,87.30693000000001,88.96074,81.56149,82.38495,79.76758000000001,87.29436,78.04519
2008-05-01,86.0522993751378,74.57321,62.985640000000004,78.64619,83.56229,84.5489,91.49186999999999,101.0413,105.8305,93.51086,89.18738,84.19700999999999,84.77235999999999,86.43768,103.8058,87.54701,89.12099,81.71655,82.54343,79.62808000000001,89.14291999999999,78.55298
2008-06-01,86.6015245126418,74.4335,62.985640000000004,78.71964,84.17161999999999,85.42099,91.49186999999999,104.6596,105.8305,93.41581,89.18738,84.81831,85.05373,86.59743,108.8353,87.70779,89.36349,81.79354000000001,82.7822,79.27747,91.13834,79.13264000000001
2008-07-01,87.229812769748,75.83171999999999,62.985640000000004,78.86546,84.4009,86.37352,91.57806,105.9208,105.8305,94.28634,89.18738,85.20730999999999,86.0452,86.99837,110.1333,88.02611999999999,89.68611,81.9486,82.93965,79.06636999999999,91.58233,79.71347
2008-08-01,87.0727407054714,77.15951,63.362159999999996,78.9389,84.4009,86.37352,91.6653,102.8925,105.8305,94.77063000000001,89.18738,85.5952,84.77235999999999,86.99837,105.9146,88.18581,89.92860999999999,82.18066,83.09814,79.34661,90.91634,80.14822
2008-09-01,87.1518038250737,77.92846999999999,63.362159999999996,79.01025,84.17161999999999,86.77041,91.75149,100.6192,105.8305,94.3834,89.26324,85.75191,86.18699000000001,87.31787,102.7531,88.2662,89.92860999999999,82.33572,83.17738,79.48858,89.88234,81.23684
2008-10-01,87.0727407054714,77.29921,63.362159999999996,79.08474,84.17161999999999,86.77041,91.9249,100.3682,105.7191,94.57651,89.26324,86.06200000000001,86.68216,87.39828,101.7787,88.4259,90.08991999999999,82.56886,83.41511,79.41821,89.36491,82.03445
2008-11-01,86.8376596965206,77.44006,63.362159999999996,79.81284000000001,84.4009,87.48373000000001,92.0111,95.65671999999999,105.7191,95.64115,89.26324,86.21761,86.75305999999999,87.71777,96.67004,88.66599000000001,90.33243,82.64584,83.5736,79.48858,89.73376999999999,82.03445
2008-12-01,86.8376596965206,78.69743000000001,63.362159999999996,80.54093,83.94338,87.95891999999999,92.09833,92.03836,105.7191,96.7058,89.33809000000001,86.37321,88.38038,88.03726,91.23602,88.74638,90.41360999999999,82.8779,83.65284,79.97868000000001,87.44209000000001,82.17936999999999
2009-01-01,86.9167228161229,80.37619000000001,63.675580000000004,80.61333,83.71616999999999,88.19813,93.04954000000001,90.44019,105.7191,96.80286,89.33809000000001,86.45101,88.30837,88.03726,89.04711,88.82677,90.41360999999999,83.10995,83.73209,80.74903,85.81638000000001,82.25124
2009-02-01,87.5439568983011,80.65446,63.73765,80.83154,83.86799,88.43519,93.13573000000001,93.04845999999999,105.7191,96.22251,89.56466999999999,86.68441,90.92826,88.43821,92.21044,88.90607,90.57493000000001,83.34201,83.73209,81.51937,85.9641,82.4692
2009-03-01,88.1711909804793,81.98226,63.80075,80.97633,84.09623,88.51456,93.22296,93.72253,105.7191,96.5137,90.77443000000001,87.22791,92.0604,88.83705,93.66941,89.38625,91.13898,83.26393,83.73209,81.17,86.99894,82.54224
2009-04-01,88.4052178145021,83.31119,63.80075,80.68571,84.09623,88.75376999999999,93.30915,94.47961,105.7191,96.80286,90.92616,87.61691,90.43198000000001,88.75665,94.56204,89.54488,91.30029,83.18694,83.81133,80.88853,87.07323000000001,82.4692
2009-05-01,88.4052178145021,82.75121999999999,63.86385,82.79762,83.86799,88.99083,93.39638000000001,93.88954,105.7191,96.60975,90.92616,87.77251,90.50288,89.0772,93.26399,89.54488,91.38255,83.26393,83.96982,80.53916,86.33295,82.32429
2009-06-01,88.3272088698278,80.44434,63.86385,83.3075,83.94338,89.70523,93.48257,95.65671999999999,105.7191,96.22251,90.92616,87.92811999999999,90.92826,89.23695,95.21106999999999,89.62527,91.46375,83.18694,83.96982,80.39842,86.62923,82.39615
2009-07-01,88.641352998381,81.07359,63.80075,83.38094,84.55272,89.38772,93.74218,96.91985,105.7191,96.41563000000001,91.00203,88.08372,90.85736,89.31734,96.91275999999999,89.94574,91.7853,83.26393,84.04906,80.32806,88.77320999999999,82.10632
2009-08-01,88.9554971269341,81.70284000000001,63.86385,83.08928,84.85635,89.30834,93.82941,98.09597,105.7191,96.60975,91.07687,88.23931,90.71557,89.39669,98.29172,90.10544,91.94660999999999,83.49599,84.2065,81.0305,89.2172,81.96141
2009-09-01,89.0345602465364,81.49271,63.925909999999995,83.52571999999999,84.93278000000001,88.91145,93.82941,98.348,105.7191,96.12646,91.15171,88.31711999999999,91.20963,89.55644000000001,98.69802,90.10544,91.94660999999999,83.57298,84.28574,81.0305,89.2172,81.88954
2009-10-01,88.7984250626575,81.00317,63.925909999999995,83.59916,84.85635,88.75376999999999,93.82941,97.00186,105.7191,96.12646,91.15171,88.39491,91.28164,89.55644000000001,96.91275999999999,90.18583000000001,91.94660999999999,83.57298,84.36603000000001,80.74903,88.99521,81.88954
2009-11-01,88.9554971269341,79.7458,63.98901,84.83714,85.08561999999999,89.07021,93.9156,98.17999,105.6086,96.31957,91.15171,88.54941,92.1302,89.79553,98.69802,90.26514,92.0278,83.65105,84.52348,80.60953,89.73376999999999,81.88954
2009-12-01,89.2696412554872,81.00317,64.05107,84.90952,85.31387,88.99083,93.56876,98.26499,105.4972,96.22251,91.22758,88.78392,92.55447,89.95634,98.85895,90.34553000000001,92.10793000000001,83.88202,84.68301,81.45024000000001,89.88234,81.88954
2010-01-01,89.9748842823397,82.96021,64.17831,84.71439000000001,85.73214,88.50813000000001,94.87823,99.07007,105.302,96.48539,91.60896,89.15292,93.24129,90.17956,99.99606999999999,90.666,92.46687,84.16938,84.81021,82.04034,90.50735,82.65888000000001
2010-02-01,90.1562023699609,83.91318000000001,64.17831,84.62941,85.90460999999999,88.7763,94.97273,98.96906,105.302,96.58245,91.70226,89.42188,93.4285,90.36152,99.79159,90.84928000000001,92.65275,84.59444,84.98121,83.18968000000001,90.41599000000001,82.65888000000001
2010-03-01,90.3385746325102,84.51744000000001,64.05003,84.62941,85.99136,88.59716,94.97273,99.77214000000001,104.6745,96.48539,92.72338,88.88395,93.61794,90.36152,100.9109,90.94145999999999,92.74569,84.59444,85.06671,82.69711,90.59785,82.65888000000001
2010-04-01,90.7022649826808,85.8157,64.11417,84.62941,85.99136,88.68726,95.06827,100.5752,104.6745,96.58245,92.90791999999999,89.33185999999999,93.4285,90.4525,101.7253,91.12366,92.93264,84.59444,85.23770999999999,82.28601,90.69006999999999,82.74136
2010-05-01,90.7939782014194,85.38295,64.05003,84.79937,86.16487,89.1335,95.16277,100.7762,104.6745,96.87465,93.00121999999999,89.69196,93.80625,90.63446,101.9289,91.30588,93.11851999999999,84.76469,85.40871,82.28601,90.69006999999999,82.90748
2010-06-01,90.7022649826808,84.25846999999999,64.11417,85.3103,86.16487,89.22253,95.16277,100.4752,104.6745,96.58245,93.00121999999999,89.87201999999999,93.99347,90.72439,101.5217,91.30588,93.11851999999999,84.76469,85.58075,81.54653,90.69006999999999,83.0736
2010-07-01,90.8846372452301,84.69122,63.9859,85.39527,86.25059,88.95436,95.2583,100.9773,104.6745,98.04141,93.00121999999999,90.05096,94.37122,90.90741,101.9289,91.58026,93.39841,84.84926999999999,85.75175,81.46505,90.78143,83.15725
2010-08-01,91.3410949890674,86.85385,64.11417,85.39527,86.50981,89.31156,95.3528,100.7762,104.6745,98.23553000000001,93.09349,90.14098,94.46538000000001,91.08937,101.8267,91.67243,93.5843,85.1041,85.83725,81.95763000000001,91.32874,83.2409
2010-09-01,92.0684756894084,91.26543000000001,64.17831,85.48026,87.11501,89.4907,95.44938,99.97317,104.6745,98.23553000000001,93.09349,90.32104,94.93618000000001,91.17929000000001,102.2339,91.76354,93.5843,85.1041,86.00825,81.71072,93.24731,83.2409
2010-10-01,92.0684756894084,91.43921999999999,64.17831,85.39527,87.20177,89.84682,95.16277,100.1742,104.6745,97.84628000000001,93.18678,90.50109,94.74786,91.17929000000001,102.6411,91.76354,93.5843,85.27435,86.17924000000001,81.71072,93.33781,83.40701999999999
2010-11-01,91.6141262954273,88.49741,64.17831,84.88435,86.94151,89.93585,95.2583,100.4752,104.6745,97.65215,93.27905,90.59,95.03034,91.17929000000001,102.0303,91.94682,93.67724,85.52808,86.43678,81.87615,91.69418,83.57314000000001
2010-12-01,91.9778166455978,88.49741,64.11417,86.41818,87.28748,90.29305,95.2583,102.2824,104.0451,97.55408,93.27905,90.68003,95.21866999999999,91.45224,103.9631,92.03685,93.77125,85.86858000000001,86.69328,82.6144,92.06047,83.65561
2011-01-01,93.0709960459656,91.43921999999999,64.11417,86.50316,88.15191999999999,90.73928000000001,96.11502,104.4906,104.0451,98.23553000000001,93.74348,91.13016999999999,95.68947,91.90609,107.3203,92.49450999999999,94.23702,86.20798,86.95083000000001,83.59955,94.34277,84.07033
2011-02-01,93.707717702496,93.25542,64.05003,86.58814,88.67036,91.54271999999999,96.49509,105.0927,104.0451,98.23553000000001,93.92905,92.56837,96.06611,92.26895999999999,108.2351,92.95111,94.70387,86.88788000000001,87.20732,85.73528,94.52635,84.32127
2011-03-01,94.0724622275946,92.99531,64.05003,86.67312,89.01634,91.98787,96.30505,107.0999,103.9413,98.72185999999999,94.20791,92.83733000000001,97.10188000000001,92.5419,110.6774,93.31766999999999,95.0767,87.22728000000001,87.72136,85.16122,94.89094,84.90211
2011-04-01,94.1641754463333,92.21726,63.9859,86.7581,89.27557,91.72078,96.49509,107.4009,103.9413,98.72185999999999,94.39347,93.37749000000001,96.8194,92.72281,110.9824,93.59099,95.26258,87.48210999999999,88.15095,84.4205,95.16502,86.14743
2011-05-01,94.3454935339546,91.26543000000001,64.88377,87.77995,89.96648,92.34506999999999,96.49509,107.0999,103.9413,99.20818,94.39347,93.73649,97.47851999999999,93.08673,111.3887,93.77427,95.44846,87.8226,88.57845,83.84645,96.99136999999999,87.06168000000001
2011-06-01,94.5278657965038,91.95829,64.81963,87.86494,90.22675,92.70227,96.8762,106.5978,103.9413,98.91598,94.48574,93.91654,97.47851999999999,93.26764,110.8801,93.95755,95.63541,88.07741999999999,89.00698,83.68226,97.17409,87.8923
2011-07-01,94.983269365413,93.68817,64.81963,88.29089,90.39819,92.70227,96.9707,107.90299999999999,103.9413,99.4023,94.48574,94.18551,97.47851999999999,93.4496,111.8981,94.23193,95.91424,88.24658000000001,89.26348,83.68226,97.08359,88.22453
2011-08-01,95.6210451968716,96.54252,64.9479,88.37586,90.83091,92.7913,97.16176999999999,108.405,103.9413,99.20818,94.57904,94.54562,97.57269000000001,93.63156,112.81299999999999,94.41414,96.00825,88.67165,89.60651999999999,84.17484,97.81276,88.30818000000001
2011-09-01,95.5293319781329,96.28242,64.9479,88.37586,91.09014,93.32656,97.2573,108.204,101.9521,98.81891999999999,94.57904,94.63564000000001,97.66685,93.54058,112.9152,94.23193,95.72836,88.92648,89.94955999999999,84.09335,98.08684000000001,88.64043000000001
2011-10-01,95.3480138905116,94.03345999999999,64.9479,87.94991,91.86884,93.32656,97.2573,108.9061,101.6388,98.72185999999999,94.67233,94.72567,97.57269000000001,93.54058,114.8481,94.32197,95.8213,89.26588000000001,90.3781,84.09335,100.0968,88.80655
2011-11-01,95.4386729343223,93.77449,64.9479,90.24857,92.12807,93.4156,97.2573,108.7061,100.6961,98.62378000000001,94.76358,94.45559,97.76212,93.72149,114.7458,94.41414,95.72836,89.68987,90.8056,84.4205,100.0968,89.05514000000001
2011-12-01,95.8023632844928,95.15907,64.88377,90.24857,92.47404,93.86182,97.3518,108.7061,100.3828,98.72185999999999,94.85687,94.63564000000001,98.13765,93.90345,114.1359,94.59635,95.91424,90.03036,91.06314,85.40689,100.2795,89.22126
2012-01-01,96.1850287833679,96.87191,64.9541,90.215,92.84481,94.57515,98.45567,109.1471,100.3828,99.04337,95.11728000000001,94.90460999999999,95.91545,94.12138,114.4204,94.77963000000001,95.98902,90.49773,91.3457,86.54759,100.3341,89.63715
2012-02-01,96.5497733084665,96.53343000000001,65.4351,90.99765,93.55329,95.27131999999999,98.789,110.2922,100.3828,98.80881,95.40536999999999,94.97575,96.38736999999999,94.48531,115.8652,95.05294,96.1108,91.23618,91.59385999999999,89.86599,100.5724,89.81976999999999
2012-03-01,96.5771818565953,97.48526,65.3389,91.02387,93.86415,95.4762,98.86480999999999,111.9584,100.3828,98.44887,94.79228,94.33778000000001,93.03413,94.2039,117.2788,94.6703,95.53179,91.61787,92.00571,89.89931999999999,100.8089,90.2769
2012-04-01,96.567694282243,97.11385,65.42165,90.64828,93.95917,94.96775,97.50446,112.5404,100.3828,99.11111,95.26594,94.43781,93.43848,94.17639,118.0007,94.85252,95.74758,91.6786,92.3644,89.0117,100.8729,90.58322
2012-05-01,96.7405789704401,96.94915,65.23029,92.1475,94.06348,95.4762,97.67475999999999,112.3094,100.3828,99.2476,95.54378,94.60786,93.49497,94.4578,117.726,94.98006,95.88753,91.79679,92.648,88.44505,100.919,91.26538000000001
2012-06-01,96.6035362297961,96.41303,65.4351,92.76124,94.19256999999999,95.49443000000001,97.81806,111.0953,100.3828,98.40134,95.60016,94.70676999999999,93.5138,94.5583,116.09899999999999,95.09903,95.98902,91.93342,92.86176,88.17345999999999,101.0565,91.52221999999999
2012-07-01,96.3853220196938,95.75539,65.3389,92.7518,94.6852,95.12865,97.20019,109.1471,100.3828,99.71471,95.76727,94.83348000000001,92.32738,94.56676,114.5022,95.31876,96.25929000000001,92.00932,93.02441,87.87841,102.7633,91.73899999999999
2012-08-01,96.8312380142507,96.95824,65.67197,92.7518,95.07455,95.14581,97.17111,110.3922,100.3828,99.43262,96.17532,94.97575,92.93001,94.72122,116.2012,95.49239,96.39924,92.2815,93.19541,88.46234,103.5676,91.87213
2012-09-01,97.5238309419668,100.4964,65.99885,92.76124,95.10038,95.74436,97.26665,111.4863,100.3828,99.01304,96.27681,95.01241999999999,94.36236,94.8122,118.0007,95.43773,96.34369000000001,92.25548,93.35911,87.71545,103.7222,92.11248
2012-10-01,97.3414586794175,98.88688,66.03815,92.34264,95.3689,95.15545999999999,97.27599000000001,111.4363,100.3828,99.37298,96.32396999999999,95.10245,94.49306999999999,94.8577,118.0007,95.59314,96.46441,92.56126,93.55618,88.10061999999999,103.9049,93.17519
2012-11-01,96.9956893030235,96.4562,66.03090999999999,93.87541999999999,95.47114,95.2091,97.32271999999999,110.4322,100.3828,98.70264,96.40701,95.12023,94.19176,95.00263000000001,116.5667,95.59314,96.41847,92.74019,93.79599,87.96853,103.8588,93.36723
2012-12-01,97.1685739912205,97.15701,66.10229,93.87541999999999,95.78407,94.65668000000001,97.34245,110.1212,100.3828,99.2658,96.4716,95.21915,94.61604,95.14757,116.0679,95.785,96.53064,93.20755,94.0014,89.35736999999999,103.805,93.37546999999999
2013-01-01,97.7515327264214,99.14699,66.56259,93.85024,96.3366,94.78111,98.22721,110.4322,100.3828,99.2375,97.04778,95.58704,94.57836999999999,95.52948,116.2413,96.22336999999999,96.9868,93.58057,94.19846,90.77831,104.6631,93.59108
2013-02-01,98.0783269541109,99.67402,66.56259,94.04538000000001,96.80238,95.49443000000001,98.27498,110.9743,100.3828,99.11111,97.35432,95.85712,94.80436,95.77492,116.8618,96.5074,97.15451999999999,94.23444,94.36112,93.15847,104.6998,93.67473000000001
2013-03-01,97.9876679103003,98.70628,66.71051,94.02125,97.4427,95.38716,98.34248000000001,111.8174,100.3828,99.22738000000001,96.52799,95.85712,93.47614,95.63844,118.7645,96.32412,96.86501,94.46432,94.61032,93.27450999999999,106.5902,93.80785999999999
2013-04-01,97.8516793445843,98.80851,66.62052,93.09277,97.51189000000001,95.07500999999999,98.17009,110.8543,100.1105,99.54789,96.60181,96.10051999999999,93.19366,95.57497,117.6247,96.47953000000001,97.02419,94.5836,94.84075,92.87947,106.5261,94.12243000000001
2013-05-01,97.8516793445843,97.78853000000001,66.65259,94.34334,97.71947,95.0128,98.51278,109.3881,100.2466,100.0645,96.6951,96.27056999999999,94.48421,95.93784000000001,115.9061,96.64459000000001,97.13636,94.93169,95.0472,93.73376,106.3622,94.34746
2013-06-01,97.7325575777168,96.67314,66.65983,94.58253,97.75356,95.43221,98.49409,109.4181,100.2466,99.43262,96.75969,96.38727,94.76669,95.99285,115.8341,96.63494,97.11713,94.97289,95.22654,93.40536999999999,106.3161,94.44643
2013-07-01,97.942338388395,97.37281999999999,66.66603,93.99503,97.87439,94.86156,97.58026,110.3222,100.2466,101.5336,96.7884,96.46840999999999,94.74786,96.01083,116.8618,96.76357,97.27524,95.04120999999999,95.37148,93.20045,106.5723,94.44643
2013-08-01,98.289161939717,99.64789,66.69189,94.59093,98.15944,95.1737,97.66645,110.9243,100.2561,102.2434,96.84376,96.58511,90.98031999999999,95.96534,117.7065,96.94577,97.43441,95.23747,95.56854,93.41402,107.1204,94.62904
2013-09-01,98.4799676016906,99.67402,66.71672,95.17844000000001,98.22036999999999,95.6017,97.85648,110.4222,100.1933,100.9988,96.95448,96.59399,95.22752,96.25627,117.3304,96.83645,97.28485,95.33073,95.74892,93.06094,107.1383,94.87057
2013-10-01,98.1795277472018,97.44324,66.74258,95.15326999999999,98.39388000000001,96.00288,97.9136,109.9912,100.1933,100.2971,96.98319000000001,96.67513000000001,95.74596,96.36523000000001,116.516,96.91898,97.3137,95.55953000000001,95.93764,93.38068,107.12899999999999,95.33594000000001
2013-11-01,98.1605525984973,95.90305,66.78085,97.86003000000001,98.83383,96.61858000000001,97.9136,109.2881,100.1933,99.37298,97.01087,96.70181,95.93429,96.60961999999999,116.5062,96.88146,97.21969,95.76339,96.14305999999999,93.48809,108.3354,95.56097
2013-12-01,98.2796743653647,96.24834,66.75603000000001,97.77505,99.02489,95.91384000000001,97.93229000000001,109.5091,100.1933,99.68539,97.08469000000001,96.80073,95.99965,96.67415,116.6182,97.01865,97.34147,95.94991,96.34012,93.9893,108.344,95.65169
2014-01-01,98.8078160043081,97.34669,66.68465,97.74987,99.94819,96.39546999999999,98.88454,110.3322,100.1933,100.1616,97.382,96.98966999999999,95.61414,96.94604,118.7742,97.43023000000001,97.80724000000001,96.17111,96.4861,94.83495,111.0839,95.85905
2014-02-01,99.0713597363157,98.34168000000001,66.74258,97.75825999999999,100.321,97.04765,98.86480999999999,110.1412,100.1933,99.28603000000001,97.58601999999999,97.24085,96.31093,97.11001999999999,118.6009,97.55885,97.82540999999999,96.68944,96.69046,96.50156,111.0745,96.03341
2014-03-01,99.253731998865,98.60179000000001,66.65259,97.89465,100.3634,97.27077,98.92193,110.0612,100.1933,99.47105,98.31906,97.20529,97.17831,97.29939,118.632,97.7507,98.04975,96.75775,96.93132,95.91887,111.0745,96.12531
2014-04-01,99.3180366694749,98.51433,66.64017,97.86003000000001,100.51,96.85885999999999,98.80769000000001,109.8902,100.2885,100.7349,98.35596,97.34978000000001,97.24368,97.43691,118.2452,98.06045999999999,98.36596,97.00282,97.21388,95.91022,110.9926,96.36684
2014-05-01,99.4814337833196,98.52341,66.54398,98.34578,100.6484,97.64513000000001,98.85546,109.7602,100.2885,101.5033,98.3939,97.50204000000001,97.67681,97.67283,118.0007,98.2073,98.51553,97.19041,97.35047,96.23861,110.9558,96.73914
2014-06-01,99.3538786170279,98.09066,66.5057,98.95008,100.7176,97.07446999999999,98.77031,109.3481,100.2047,100.1323,98.42056,97.56539000000001,97.80864,97.63686,117.4424,98.17085,98.44074,97.30102,97.47977,96.38675,110.8551,96.80629
2014-07-01,99.4993547570961,98.40302,66.5057,98.88189,100.6484,97.08198,98.84612,109.3181,100.2047,101.844,98.43081,97.7988,97.80864,97.81775999999999,117.0654,98.45382,98.76764,97.37692,97.59966999999999,96.25466,110.3889,97.02306999999999
2014-08-01,99.6732936202212,99.19923,66.63396,98.90811,100.762,97.50246,98.44632,108.8561,100.2047,103.2049,98.46771,97.95107,97.9028,97.95424,116.5871,98.60923000000001,98.92574,97.50379000000001,97.71854,96.4028,110.4632,97.11379000000001
2014-09-01,99.6089889496113,99.85575,66.63396,98.94169000000001,100.8137,98.25119000000001,98.45567,107.87299999999999,100.1524,100.6964,98.58766999999999,98.13112,97.9028,97.86431999999999,115.5602,98.49025999999999,98.73879000000001,97.61549000000001,97.89891999999999,96.20651,110.3351,97.39655
2014-10-01,99.3085490951226,97.91006,66.64742,99.00988000000001,100.9345,98.15358,98.75993000000001,106.9989,100.1524,100.6186,98.56101,98.19447,97.91166,97.91826999999999,114.512,98.54599,98.75695999999999,97.81934,98.06158,96.46947,110.2711,97.52026
2014-11-01,99.1082558587968,97.58067,66.67844000000001,99.98033000000001,101.0119,98.12676,98.77965999999999,105.5647,100.1524,98.89777,98.57947,98.32006,97.56381999999999,97.90028000000001,112.9152,98.46239,98.5903,97.99718,98.29305,96.42749,110.061,97.72054
2014-12-01,99.0987682844445,98.16109,66.67224,99.8943,101.046,98.30481999999999,98.77965999999999,103.9386,100.0571,99.34467,98.66251,98.40009,97.97813000000001,98.02724,110.697,98.54599,98.64585,98.16743000000001,98.49846,96.51760999999999,109.7041,97.9444
2015-01-01,99.7702777136,99.72058,99.77821,99.68133,100.5183,98.90981,99.83887,100.4492,100.398,100.0393,99.13001,98.68795,99.68964,99.32002,103.9702,99.0819,99.18855,98.67815999999999,99.10113,96.94969,106.4501,98.20831
2015-02-01,99.7112439176303,100.3907,99.82786,99.49039,100.8281,99.86985,100.0393,98.16898,100.398,99.37904,99.26021999999999,98.85799,99.83032,99.43956999999999,101.1296,99.17194,99.15863,99.24854,99.21061,99.19036,105.9899,98.44865
2015-03-01,99.7207314919826,99.44117,99.79786,99.55123,100.0184,100.1798,100.0995,99.59913,100.3885,98.39931999999999,99.74002,99.46818,100.2701,99.58979000000001,101.3101,99.38201,99.36802,99.45782,99.37118000000001,99.52985,101.9598,99.10842
2015-04-01,99.7513025648954,99.34121999999999,99.91888,99.14102,100.1382,99.52982,100.0497,99.56912,99.76861,99.87952,99.97991999999999,99.69824,99.88016999999999,99.65009,101.2897,99.6714,99.68851,99.6183,99.57137,99.4101,101.9598,99.74817
2015-05-01,100.030658920824,100.7905,99.92819,99.79044,99.44833,100.1498,100.0393,100.3592,99.72861,100.289,100.0199,99.79827,100.0796,99.85004,100.4904,99.81181,99.80815,99.85795,99.76114,99.88046,98.34043,100.05799999999999
2015-06-01,100.050688244456,100.4907,99.8382,99.79044,99.56813000000001,100.02,100.0393,101.0993,100.2781,99.0191,100.0599,99.95832,99.83032,99.80984000000001,101.5502,99.77108,99.71840999999999,99.97831,99.94048000000001,99.97057,98.34982,100.2183
2015-07-01,100.230952157149,100.2306,100.1485,99.8408,98.99804,99.89989,99.99879,102.2894,100.2781,101.4689,100.1204,100.1884,99.74946,100.27,99.81026,100.412,100.478,100.1583,100.1104,100.2397,95.4502,100.34899999999999
2015-08-01,100.371157422577,100.8905,100.1785,99.95095,99.14883,100.4201,100.0289,101.6393,100.2781,101.7095,100.1901,100.3885,100.2402,100.47,98.65002,100.5717,100.6382,100.3286,100.2804,100.5496,95.43995,100.448
2015-09-01,100.110776215354,100.6906,100.1185,100.3412,99.54851,99.98999,99.79941,99.94915999999999,99.84859,100.2091,100.3398,100.5085,99.81039,100.2404,98.03033,100.4013,100.4085,100.3687,100.4212,100.2298,96.95978000000001,100.5281
2015-10-01,100.110776215354,99.69106,100.1382,99.9604,100.4584,99.9503,100.0788,99.57911999999999,99.41819,100.6793,100.35,100.6285,99.98985,100.3399,98.74959,100.5717,100.5485,100.6083,100.5609,101.0705,99.78,100.719
2015-11-01,99.9210247283084,98.37122,100.0182,101.0809,100.5782,100.3408,99.98944,98.91906,99.60863,99.10909000000001,100.3695,100.7586,100.3798,100.4002,97.97965,100.4613,100.3882,100.7287,100.7308,101.2495,99.70998,100.9982
2015-12-01,100.220410407869,99.95116,100.3089,101.3809,100.7486,100.7398,99.99879,98.37901,99.60863,99.81886,100.4402,101.0586,100.2502,100.6202,97.0399,100.6918,100.6083,100.9683,100.9404,101.7298,99.61008000000001,101.1679
2016-01-01,100.39118674621,100.76100000000001,100.4888,100.741,99.96884,100.9103,100.9895,97.67893000000001,99.26869,100.0797,100.8596,101.3976,102.89,101.0899,93.47026,101.3413,101.4181,101.0583,101.1114,102.3705,95.69012,100.6683
2016-02-01,100.821290116846,103.4314,100.6481,101.51100000000001,100.289,101.2708,100.9396,96.15977,99.26869,100.7692,101.0902,101.6677,103.25,101.3301,91.98995,101.6017,101.6082,101.5279,101.2209,104.2001,95.50995999999999,100.9581
2016-03-01,100.560908909623,102.2512,100.6688,101.51100000000001,99.54851,101.7299,100.9292,95.70973000000001,99.26869,100.3497,101.4204,101.9778,103.5403,101.4602,89.76015,101.7614,101.7482,101.74799999999999,101.3908,104.5396,91.8103,101.2786
2016-04-01,100.750660396668,102.3012,100.7288,101.5509,99.59808000000001,101.2901,100.9895,96.11976999999999,100.41799999999999,100.7197,101.5403,102.2579,103.5502,101.64,90.20024000000001,101.9319,101.9383,101.8282,101.5014,104.4704,91.80006,101.4989
2016-05-01,100.810748367566,101.2403,100.7381,102.0209,99.33886,101.0605,101.0092,96.89985,100.41799999999999,102.3991,101.6695,102.3979,103.8094,101.8802,90.37984,102.20200000000001,102.2385,102.0278,101.6411,104.7198,90.19057,101.8088
2016-06-01,100.790719043934,99.66039,100.5788,102.0303,99.48861,101.8007,101.0289,98.52901,100.41799999999999,101.5488,101.69,102.49799999999999,103.7696,101.9003,92.56963,102.1912,102.16799999999999,102.1882,101.7912,105.0099,90.29047,101.8182
2016-07-01,100.600967556888,99.6513,100.5385,101.3012,97.34871,101.9305,101.0092,99.18909000000001,100.41799999999999,103.7488,101.7402,102.738,103.4395,102.1203,88.3803,102.561,102.6477,102.198,101.9508,104.6099,81.46011,101.8382
2016-08-01,100.860294589184,101.0211,100.7981,102.0303,97.47884,101.8908,100.9292,98.67903000000001,100.41799999999999,104.4293,101.7802,102.9081,103.4195,102.3097,87.46011,102.7711,102.8581,102.3878,102.0905,104.9198,81.41998000000001,101.9784
2016-09-01,101.461174298161,105.9404,100.6181,102.0513,97.52841,102.13,100.9687,98.26899,100.4885,103.1594,101.9104,102.9181,103.5403,102.2399,87.21028000000001,102.6318,102.6583,102.46799999999999,102.2104,104.8395,81.3901,102.0479
2016-10-01,101.600325388661,104.4809,100.7081,102.1405,99.82839,101.6204,100.9095,98.309,100.5285,102.29899999999999,101.9504,103.0181,103.3996,102.1997,91.54986,102.65100000000001,102.6081,102.6979,102.3105,105.4296,90.07018000000001,102.5086
2016-11-01,101.450632548881,102.9305,100.8685,102.1111,100.3985,101.4606,101.0289,98.47901,100.0486,101.3991,101.9699,103.0681,103.5901,102.1002,93.18042,102.561,102.4981,102.738,102.4711,105.2494,92.13049000000001,102.7383
2016-12-01,101.561320916324,104.0209,100.8488,102.5612,99.40805,101.54,101.0891,99.39911,100.0486,101.2192,102.0099,103.2682,103.0994,102.2304,91.51963,102.7518,102.6381,103.0883,102.6712,106.2802,86.8905,103.0482
2017-01-01,102.640796042627,107.1614,101.2884,102.0303,99.70859,100.7398,102.1297,101.3993,100.0086,102.7995,102.3,103.7483,106.4293,102.8598,93.44981,103.6414,103.7085,103.27799999999999,102.8214,107.0,87.10994000000001,103.7386
2017-02-01,102.921206573483,107.2614,102.0384,102.6609,100.2787,101.8908,102.1297,101.9794,100.0086,101.9097,102.4599,104.0184,106.5401,103.1296,94.12995,103.7818,103.6978,103.99799999999999,103.0007,109.8097,87.24058000000001,104.0485
2017-03-01,102.850576853305,106.3209,102.1087,102.6913,100.6185,102.5204,102.0289,101.7893,99.26869,101.569,102.7101,104.3085,106.58,103.1497,94.61983000000001,103.8911,103.8185,104.0685,103.1707,109.49,88.35995,104.4184
2017-04-01,102.720913337158,105.1908,102.29799999999999,101.7313,100.7083,102.2404,101.7091,101.3193,100.0581,103.1493,102.8003,104.4885,106.1203,103.2502,93.83034,104.1912,104.1582,104.2084,103.3208,109.3196,88.33006999999999,105.2078
2017-05-01,102.830547529673,104.8512,102.118,103.0606,101.0584,102.8508,101.7392,101.2493,100.0581,102.0695,102.83,104.7986,106.57,103.4502,93.91035,104.2116,104.1176,104.4676,103.5012,109.7702,88.99008,105.6378
2017-06-01,102.611279144642,104.0913,102.3083,103.1907,101.1483,103.5802,102.219,100.5492,100.318,100.0797,102.8598,104.8687,106.0095,103.3899,93.1902,104.0112,103.8185,104.6183,103.5805,110.0702,88.90043,106.0879
2017-07-01,102.781001308055,104.3911,102.3787,102.4909,101.1483,102.4303,102.2688,99.94915999999999,100.8979,103.2089,102.87,105.1976,106.2698,103.6596,92.09042,104.5621,104.4883,104.7083,103.6409,110.1196,88.64001,106.5485
2017-08-01,103.370285092824,107.5011,102.448,103.2211,101.2784,102.7006,102.2792,100.2792,100.8979,103.3292,102.91,105.4977,106.1801,103.8098,92.67987,104.7014,104.6283,104.8785,103.7108,110.6505,88.65026,106.6982
2017-09-01,103.49046103462,108.8413,102.4883,103.2809,101.3187,102.9902,101.7288,100.8693,100.9084,101.8288,102.9397,105.3577,106.2,103.6395,93.68008,104.5021,104.3687,104.9176,103.7608,110.4998,88.73051,107.1883
2017-10-01,103.390314416457,106.1608,102.35799999999999,103.2809,101.5583,103.5598,101.5689,101.7993,100.79799999999999,102.8197,102.95,105.5677,106.5002,103.8299,94.81988,104.7218,104.5685,105.1984,103.7911,111.6196,88.83041,107.5087
2017-11-01,102.620766718995,103.2008,102.3187,103.2305,100.6887,103.1705,101.3093,101.9594,100.6885,99.95939,102.9797,105.6678,106.1003,103.4703,93.95036,104.3317,104.1176,105.0076,103.8912,110.3801,85.85991999999999,107.6478
2017-12-01,102.990782118733,104.4411,102.2887,103.9408,100.8787,103.3303,101.4495,102.2994,100.57799999999999,100.01899999999999,103.0105,106.0679,106.21,103.6395,94.62961999999999,104.4914,104.2886,105.1583,103.9006,111.3406,85.97006999999999,107.7385
2018-01-01,103.42088548937,106.0006,102.478,103.3407,101.0584,103.5008,102.5087,102.7995,99.88859000000001,100.4498,103.4001,106.54799999999999,106.1103,103.8797,94.97013000000001,104.9715,104.85799999999999,105.2982,103.9809,112.0998,86.02045,107.9682
2018-02-01,104.210462510465,109.0708,102.5783,103.9607,101.6285,104.33,102.5492,103.0695,99.75813000000001,101.8693,103.6902,106.9382,106.5202,104.3198,95.48046,105.4613,105.2586,106.0377,104.0507,115.3305,86.08022,108.2781
2018-03-01,104.10082831795,107.3204,102.38799999999999,104.051,101.7989,105.0798,102.6489,102.9995,99.66861999999999,101.5589,103.9896,107.2883,106.7694,104.5303,95.09016,105.6811,105.4786,106.2882,104.0809,116.2503,86.02984000000001,108.7187
2018-04-01,104.290579804995,107.8611,102.5183,104.0604,101.7783,104.6003,102.2096,102.7194,100.1485,103.1392,104.1997,107.6984,107.0297,104.7302,94.61983000000001,105.9415,105.8386,106.2785,104.1206,115.5799,85.98031999999999,110.26799999999999
2018-05-01,104.341180201541,106.8514,102.3683,104.0803,101.7586,105.3598,102.1889,103.6295,100.0381,103.3292,104.2397,108.0685,106.9799,104.8794,95.49024,106.0819,106.0277,106.2383,104.1612,115.1194,86.0102,110.7887
2018-06-01,104.130345215935,105.4804,102.3383,104.1013,101.6781,104.9307,102.3592,104.3396,99.9381,101.4092,104.2602,108.1685,107.1294,104.69,96.75005999999999,105.8611,105.7884,106.0876,104.1612,114.2602,86.1101,111.3578
2018-07-01,103.931106154537,105.8007,102.538,103.9807,100.0783,105.3898,101.3186,104.2596,99.38866999999999,103.0492,104.2797,108.5175,106.8503,104.6996,93.8499,106.0916,106.1185,105.9477,104.181,113.4294,80.1102,111.868
2018-08-01,104.850346691779,111.3413,102.5183,103.9807,100.3282,105.3308,101.3695,104.5296,99.28869,103.8095,104.3802,108.7576,107.1195,104.8794,94.24998000000001,106.322,106.3279,106.2676,104.2009,114.7701,80.15972,111.928
2018-09-01,105.650465462155,115.2009,102.448,104.051,102.0385,105.0702,101.3186,104.6796,99.2087,103.9288,104.4602,108.5775,107.2402,104.8001,98.32995,106.20200000000001,106.2179,106.118,104.2009,113.9997,87.47026,112.2379
2018-10-01,105.460713975109,112.1614,102.4387,104.051,102.3184,105.5003,101.219,106.1098,99.15823,103.4789,104.5196,108.7376,107.0397,104.8794,100.1801,106.2813,106.2286,106.4379,104.2113,115.2799,87.71018000000001,112.5878
2018-11-01,104.711195601279,108.671,102.6487,104.4003,102.2389,105.3898,101.139,104.3796,98.98873,101.8096,104.5196,108.9576,107.32,104.7503,98.12991,106.1012,106.0384,106.2882,104.2207,114.5404,87.79044,112.8081
2018-12-01,104.350667775893,108.8606,102.38799999999999,104.4412,102.2182,105.3705,101.0995,101.3393,98.6983,100.8693,104.5699,109.3478,107.1294,104.7302,93.71030999999999,106.0916,106.0277,106.2785,104.2009,114.5799,87.6803,113.1286
2019-01-01,104.241033583378,108.8004,102.568,103.7604,101.959,106.1707,102.0393,98.90906,98.34884,101.5791,105.0404,109.6979,107.8495,104.9704,90.23047,106.4421,106.5779,105.93799999999999,104.1904,113.2997,87.40025,113.4785
2019-02-01,104.691166277647,109.541,102.598,104.4108,103.1487,107.6607,102.139,98.70904,97.4985,102.4395,105.1501,109.8879,108.1896,105.4697,89.83038,106.9512,106.7584,107.6285,104.181,120.9698,87.37975,113.6988
2019-03-01,104.490873041321,108.4813,102.2587,104.1013,103.0083,107.5802,102.1089,99.2991,97.24806,101.6994,105.1901,109.6278,108.3801,105.31,90.44029,106.7915,106.6078,107.4181,104.1414,120.06,87.39,114.1477
2019-04-01,104.870376015412,109.4013,102.65799999999999,103.8212,102.7584,108.0608,102.1889,100.7792,97.51849,102.7388,105.2496,109.7979,108.6194,105.4697,92.19978,106.9019,106.8482,107.0375,104.1008,118.3094,87.44977,114.6885
2019-05-01,105.050639928105,108.8311,103.1183,103.9209,102.8389,106.9505,102.1992,103.0595,97.31853000000001,102.3192,105.3398,110.0079,108.9994,105.4803,95.17995,106.9415,106.8877,107.1178,104.0705,118.6205,87.57016,115.1786
2019-06-01,104.880917764692,107.6408,103.3086,103.9712,102.8988,106.6706,102.5087,103.3095,97.16808,101.2889,105.39,110.10799999999999,108.7302,105.4094,95.57026,106.9115,106.8386,107.1882,104.0007,119.06,87.60004,115.4979
2019-07-01,104.560448586571,106.681,103.3283,103.9807,101.4684,107.6499,102.3093,102.5794,96.75862,102.8096,105.39,110.348,108.8099,105.62,91.42005,107.1612,107.1676,107.1275,103.9809,118.7699,82.03048000000001,115.7276
2019-08-01,104.811342219442,107.70100000000001,103.3779,103.9807,101.54899999999999,107.2799,102.3187,102.5894,97.12808000000001,103.6487,105.4198,110.6381,108.7701,105.7596,91.45028,107.4013,107.4486,107.2078,103.9506,119.1897,82.13977,115.8878
2019-09-01,105.200332767886,110.5212,103.5982,104.0205,103.1787,106.5301,102.40899999999999,102.9895,97.39851,102.5396,103.5795,110.088,108.7701,105.2994,95.81031,106.7711,106.6676,107.1275,103.9506,118.9205,88.8603,115.8985
2019-10-01,105.460713975109,110.7404,103.6686,104.20100000000001,103.3388,107.8001,102.4589,103.5995,97.32805,102.8996,103.7199,110.26799999999999,108.8498,105.5396,96.27974,107.0112,106.90799999999999,107.3281,103.961,119.7304,88.87994,116.2884
2019-11-01,104.870376015412,107.8906,103.3986,104.8011,103.3284,106.9602,102.4287,103.1195,96.56818,101.1989,103.7702,110.288,108.9196,105.2994,96.10991999999999,106.8011,106.65799999999999,107.2978,103.9704,119.5699,88.93030999999999,116.4381
2019-12-01,105.121269648283,109.0106,103.4483,104.8011,103.4988,107.4708,102.5295,103.5795,96.51866,100.5195,103.8296,110.4481,108.9395,105.3904,96.43977,106.8118,106.6078,107.5276,103.9913,120.4995,88.94055999999999,116.6478
2020-01-01,105.512368546583,110.3577,103.6158,104.5147,103.4524,106.7736,104.2595,105.1007,95.93685,101.2273,102.37899999999999,110.8326,110.1127,105.6231,97.35374,106.9994,106.8931,107.4496,104.0486,120.0081,89.10621,116.98
2020-02-01,105.586160791545,109.7898,103.6365,104.6825,104.0617,107.62100000000001,104.1661,105.0707,95.88924,100.9341,102.5635,110.7548,110.4893,105.8665,96.89143,107.1602,106.861,108.25200000000001,104.0695,123.8475,89.20013,117.0978
2020-03-01,105.354242307378,111.3799,103.2848,104.693,103.9791,107.0203,104.21799999999999,101.8904,95.85115,100.4993,102.5532,110.5881,110.4007,105.5279,94.49981,106.9887,106.6153,108.3062,104.0903,123.4154,89.02936,117.2863
2020-04-01,104.890405339045,110.9142,103.2641,104.2629,103.8551,107.1168,104.1972,98.28999,96.45105,100.8127,102.584,110.677,110.15700000000001,105.5702,89.30761,107.0852,106.7328,108.3279,104.1216,123.1932,88.49998000000001,117.4042
2020-05-01,104.827154843363,111.8229,103.3883,104.8504,103.4834,107.4708,104.21799999999999,96.06976999999999,96.41296,101.1262,102.4917,110.9104,110.6001,105.7183,85.44901999999999,107.0959,106.8503,108.0243,104.1425,121.5143,87.88521999999999,117.5927
2020-06-01,105.111782073931,112.0841,103.3883,104.8504,103.5763,107.0524,104.6749,97.63991999999999,96.97478000000001,100.9442,102.5327,111.0105,110.7441,105.8136,87.60947,107.1602,106.8824,108.1653,104.1737,121.8846,87.96207,117.6987
2020-07-01,105.027448079689,112.618,103.4193,105.1861,101.3559,107.1812,103.678,99.63013000000001,96.8986,101.3385,102.6045,111.2772,111.01,105.9722,84.15097,107.3424,107.0747,108.3388,104.2259,122.6624,77.64774,117.9461
2020-08-01,105.617786039386,115.6279,103.4193,105.1756,101.6863,107.50299999999999,103.5949,99.84015,96.83194,101.8036,102.6968,111.5773,110.8992,106.1732,84.2221,107.6532,107.3738,108.6532,104.2989,124.4771,77.71605,118.0757
2020-09-01,106.197582249803,119.0241,103.5227,105.1966,103.2458,106.6663,103.1276,99.41011,96.76529000000001,101.1363,102.3892,111.3772,111.7411,105.9617,87.32497,107.4174,107.0747,108.6424,104.3614,124.2919,84.39304,118.2406
2020-10-01,105.607244290105,119.0922,103.5848,105.0917,103.5453,107.7175,103.4495,99.06007,83.58646,101.4396,102.42,111.6218,110.9546,105.2634,86.59593000000001,106.292,105.4722,109.0436,104.4657,125.8721,84.39304,118.3938
2020-11-01,105.512368546583,114.9919,103.4193,105.1966,103.4627,107.3635,103.3249,98.60002,95.11794,101.025,102.4917,111.3995,111.2205,105.9617,85.97358,107.3853,106.9251,108.9568,104.5595,124.9956,84.31619,118.4998
2020-12-01,105.76537052931,115.2986,103.3159,105.2596,103.5866,107.7175,103.2211,99.52011999999999,95.93685,100.9947,102.5532,111.7107,110.9989,106.0675,87.52056999999999,107.5996,107.1708,109.087,104.6534,125.2796,84.44426999999999,118.5705
2021-01-01,106.513834728212,117.4339,103.6055,105.1127,103.6383,108.522,104.0726,101.8304,94.47994,101.2374,102.7788,112.0219,112.3393,106.3848,89.93885,108.1355,107.8225,109.2605,104.7472,126.1067,83.77826999999999,118.9829
2021-02-01,107.083089189348,120.0463,103.6572,105.1651,104.196,108.1466,104.083,102.5604,94.50851,101.1363,102.9223,112.322,112.2285,106.5329,90.96129,108.4249,107.97200000000001,109.9761,104.9349,128.7486,83.96611999999999,119.3952
2021-03-01,107.357174670636,120.2167,103.3055,105.1756,104.4955,107.2455,104.1661,103.9806,94.57516,100.9239,103.3119,112.7221,112.4944,106.6599,92.84613,108.6286,108.1429,110.3231,105.1434,129.4029,84.20519,120.055
2021-04-01,107.504759160561,119.6602,103.8331,105.1232,104.4851,107.4708,103.8753,104.7206,94.57516,101.5104,103.4349,113.3,113.148,106.8609,93.68186,108.8858,108.4848,110.2906,105.2894,128.2424,84.25641999999999,121.3274
2021-05-01,107.578551405523,119.4444,103.8848,105.291,104.764,108.3397,103.7195,104.6706,94.15618,101.6418,103.4349,113.5112,113.3363,106.9773,93.81522,109.0573,108.6237,110.6701,105.4562,128.8597,84.28204000000001,122.91799999999999
2021-06-01,107.578551405523,118.7628,103.9779,105.291,104.9396,108.4576,103.6261,105.5407,94.14666,100.9947,103.4964,113.7224,112.9929,106.9984,94.88211,109.1323,108.6557,110.9087,105.5709,129.2054,84.26496,124.1786
2021-07-01,107.799928140409,118.9787,104.0296,105.31200000000001,103.8138,109.5303,103.7507,107.0809,94.14666,101.8339,103.5477,114.367,113.0815,107.3264,93.98415,109.4753,109.0617,111.0605,105.7169,129.3782,78.73210999999999,124.8384
2021-08-01,108.316473855144,120.6256,104.1227,105.31200000000001,104.0824,109.9057,103.7611,107.911,94.15618,102.3293,103.6502,114.9116,113.3252,107.5909,94.95324000000001,109.8076,109.3928,111.3858,105.915,129.9708,78.90288000000001,125.5571
2021-09-01,108.759227324917,122.5225,104.2054,105.3225,105.6315,109.9594,103.5326,107.6009,94.1657,101.7429,103.4862,114.9672,113.1037,107.4639,98.19836,109.6039,109.1365,111.375,106.1027,129.0819,85.62256,125.8752
2021-10-01,108.948978811962,121.2163,104.1227,105.4274,106.2408,110.8068,103.4599,109.3211,93.68959,101.7631,103.5887,115.3895,113.2477,107.7284,100.4388,109.8183,109.2753,111.8304,106.28,130.3905,86.87769,126.4289
2021-11-01,109.497149774538,121.8182,104.0192,106.7074,106.4887,110.9784,103.5741,111.4913,94.86083,101.4901,103.59899999999999,115.9008,112.7713,107.9717,103.6484,109.9576,109.4463,111.9063,106.5406,129.5634,87.71445,127.0533
2021-12-01,109.676359512304,122.4997,103.8537,106.7388,106.7882,111.9331,103.5326,109.4211,94.87035,101.9249,103.7015,116.99,113.8902,108.4478,100.3144,110.3649,109.8949,112.1774,106.7909,130.0695,88.00476,127.3243
2022-01-01,110.361573215523,124.1921,104.2882,107.0956,107.3562,112.1798,104.706,109.3111,94.87988,102.6832,104.0398,118.1014,116.3162,109.146,99.95873,111.2116,110.9205,112.4377,106.9368,131.1312,88.4829,127.8191
2022-02-01,111.004619921622,124.5215,105.0019,107.2319,108.2031,112.4909,104.7372,111.1713,94.8894,102.1271,104.2243,119.0684,117.8117,109.5903,102.6971,111.7047,111.241,113.4895,107.1037,135.5508,88.79028000000001,128.3493
2022-03-01,111.805792866925,124.4307,105.8088,107.2739,108.3374,111.7722,104.2595,116.9719,94.67990999999999,102.7438,104.2961,119.9353,117.5237,109.6856,111.3389,111.8654,111.4974,113.4244,107.2705,134.2052,89.65266,129.3743
2022-04-01,112.63859106007,125.2712,106.2535,107.2424,109.2978,114.0141,104.4361,118.9421,94.93701,103.5021,104.5114,120.6022,117.2357,110.07700000000001,115.9265,112.2727,112.0315,113.522,107.3748,133.69899999999998,93.85353,131.2476
2022-05-01,113.387055258971,126.4752,106.5018,108.5014,109.9795,114.1106,104.3945,119.6222,94.94653000000001,103.7448,104.6755,121.7581,119.3404,110.6271,117.43799999999999,112.8194,112.6832,113.7172,107.5312,133.6003,96.52603,132.2962
2022-06-01,114.082810711471,126.4411,106.4087,108.5538,110.3306,114.6148,104.4776,123.3925,94.95605,104.4121,105.0035,122.6806,120.415,111.1772,121.581,113.3874,113.3455,113.9883,107.625,134.341,97.10664,133.2269
2022-07-01,114.630981674047,128.3379,106.5949,108.6797,110.2067,115.1833,104.488,123.5526,94.98461999999999,105.3322,105.10600000000001,124.0254,120.8802,111.6321,120.7631,113.9769,114.0933,114.0642,107.7397,134.1928,96.19303000000001,133.8749
2022-08-01,114.504480682684,130.1212,106.7397,108.7847,110.4132,115.7518,104.6541,117.652,94.99414,106.1208,105.1983,125.1591,120.991,111.9707,112.7525,114.4057,114.5527,114.3895,107.8752,135.3533,95.97958,134.1694
2022-09-01,114.831274910373,131.825,106.4604,108.8056,111.9417,115.2476,104.4776,115.7318,95.27981,105.322,105.1265,125.1146,121.42299999999999,111.8226,114.3084,114.1806,114.2322,114.4762,108.0004,135.05700000000002,102.8615,134.6054
2022-10-01,115.126443890222,130.3029,106.6052,108.94200000000001,114.1105,115.8698,104.976,115.3517,96.09872,105.3322,105.1163,125.5258,121.9215,112.2457,117.1179,114.4378,114.4672,114.8232,108.0733,136.3409,111.87799999999999,134.947
2022-11-01,115.010484648138,127.7359,106.5328,112.1839,114.0486,116.3096,104.9968,115.4417,96.09872,105.3928,105.0548,125.7259,122.3647,112.5102,117.3224,114.4164,114.4672,114.7365,108.1985,135.378,111.8951,135.0766
2022-12-01,115.200236135184,128.9513,106.5846,112.4147,114.1932,116.9103,104.9449,113.1615,96.09872,106.505,105.2906,126.515,123.0072,112.8276,114.6018,114.7486,114.8198,114.9534,108.2715,136.3162,111.6987,135.1237
2023-01-01,116.064659576169,131.0412,106.38799999999999,112.6874,115.4118,118.294,106.056,112.3514,96.09872,107.2329,105.7929,127.1597,125.1673,113.5047,115.2064,115.5096,115.7705,115.0835,108.3444,137.3162,116.4204,135.6304
2023-02-01,116.359828556018,131.6546,106.8845,112.7609,116.0315,119.2594,106.1599,111.3913,96.10825,107.2633,106.039,127.8154,125.4775,113.8326,114.4329,115.9169,116.0376,115.95100000000001,108.334,141.7481,116.2496,135.9485
2023-03-01,116.549580043063,132.2793,106.9569,113.1491,115.639,119.35600000000001,106.2118,110.8813,96.11777,107.5666,106.6951,128.749,125.8541,114.0548,113.7038,116.1634,116.49700000000001,115.4956,108.2819,139.4025,116.0703,136.4551
2023-04-01,116.80258202579,131.6432,106.9673,113.1386,115.6597,120.1176,105.8172,111.8014,96.1273,107.971,106.9412,129.6937,127.117,114.3827,114.5929,116.6565,117.1273,115.5498,108.2506,139.7235,115.9764,136.6907
2023-05-01,117.15045975204,131.7454,106.7811,117.0308,116.238,120.8899,105.9314,111.5313,96.1273,108.1429,107.0335,130.0827,126.6074,114.7953,115.0286,116.8601,117.3837,115.6148,108.1985,140.1062,118.4867,137.1738
2023-06-01,117.13991800276,132.0975,107.0604,116.9259,116.8164,120.7612,106.3364,109.7512,96.14634000000001,108.2845,107.0745,130.3161,126.8068,114.9011,113.935,116.9673,117.5012,115.6691,108.1255,140.5877,121.0226,137.4447
2023-07-01,117.224251997003,133.2334,107.1121,117.0728,115.4118,121.0615,106.4091,110.2612,96.14634000000001,108.7597,107.095,131.083,127.1392,115.2185,110.4143,117.3531,118.0139,115.6148,108.0629,140.526,114.4907,137.81
2023-08-01,118.415469665677,136.9021,107.1431,117.1672,115.5151,121.4799,106.5025,114.1016,96.15586,109.1135,107.095,131.5943,127.6044,115.48299999999999,115.2508,117.6318,118.3451,115.7341,108.0629,141.1062,114.5932,137.9867
2023-09-01,119.111225118177,139.0943,106.8328,117.1672,117.0126,121.6515,106.4506,115.2917,96.35583000000001,108.8203,107.1257,131.1053,127.7263,115.3349,121.1898,117.4175,118.07799999999999,115.6907,108.0733,140.8593,121.7312,138.1988
2023-10-01,119.511811590829,139.5373,107.2259,117.8282,117.3947,122.0698,106.5752,117.3019,96.37487,108.881,107.1873,131.3498,127.6709,115.7369,122.0434,117.7497,118.3772,116.1028,108.0838,142.8345,122.0472,138.3873
2023-11-01,118.84768138617,136.07299999999998,108.4154,119.0767,117.3018,121.6622,106.7518,114.9917,96.39392,108.426,107.1155,131.5721,127.693,115.7369,119.6251,117.6747,118.3237,115.9618,108.1672,141.8345,122.0557,138.5758
